scenario,variable,measure,unit,key,tenor,sector,year,value
adverse,commercial_property_prices,growth,pct,AS,,,2025,-13.662388615
adverse,commercial_property_prices,growth,pct,AS,,,2026,-15.692514714
adverse,commercial_property_prices,growth,pct,AS,,,2027,-10.509951174
baseline,commercial_property_prices,growth,pct,AS,,,2025,0.888806752
baseline,commercial_property_prices,growth,pct,AS,,,2026,-0.068226755
baseline,commercial_property_prices,growth,pct,AS,,,2027,0.387629135
adverse,commercial_property_prices,growth,pct,AT,,,2025,-12.363760422
adverse,commercial_property_prices,growth,pct,AT,,,2026,-15.688123934
adverse,commercial_property_prices,growth,pct,AT,,,2027,-9.141361650
baseline,commercial_property_prices,growth,pct,AT,,,2025,-0.380917079
baseline,commercial_property_prices,growth,pct,AT,,,2026,1.528012437
baseline,commercial_property_prices,growth,pct,AT,,,2027,2.670643560
adverse,commercial_property_prices,growth,pct,AU,,,2025,-10.014610807
adverse,commercial_property_prices,growth,pct,AU,,,2026,-13.299093626
adverse,commercial_property_prices,growth,pct,AU,,,2027,-6.418922394
baseline,commercial_property_prices,growth,pct,AU,,,2025,4.993713486
baseline,commercial_property_prices,growth,pct,AU,,,2026,3.651274988
baseline,commercial_property_prices,growth,pct,AU,,,2027,3.987220705
adverse,commercial_property_prices,growth,pct,BE,,,2025,-11.115094445
adverse,commercial_property_prices,growth,pct,BE,,,2026,-15.962017502
adverse,commercial_property_prices,growth,pct,BE,,,2027,-9.320197481
baseline,commercial_property_prices,growth,pct,BE,,,2025,0.747432203
baseline,commercial_property_prices,growth,pct,BE,,,2026,1.005540446
baseline,commercial_property_prices,growth,pct,BE,,,2027,1.549755839
adverse,commercial_property_prices,growth,pct,BG,,,2025,-6.851962728
adverse,commercial_property_prices,growth,pct,BG,,,2026,-17.069638018
adverse,commercial_property_prices,growth,pct,BG,,,2027,-12.270794991
baseline,commercial_property_prices,growth,pct,BG,,,2025,5.159655884
baseline,commercial_property_prices,growth,pct,BG,,,2026,1.705054622
baseline,commercial_property_prices,growth,pct,BG,,,2027,1.279241673
adverse,commercial_property_prices,growth,pct,BR,,,2025,-15.572579965
adverse,commercial_property_prices,growth,pct,BR,,,2026,-15.821239965
adverse,commercial_property_prices,growth,pct,BR,,,2027,-10.864957154
baseline,commercial_property_prices,growth,pct,BR,,,2025,2.976445804
baseline,commercial_property_prices,growth,pct,BR,,,2026,0.878886714
baseline,commercial_property_prices,growth,pct,BR,,,2027,1.307831379
adverse,commercial_property_prices,growth,pct,CA,,,2025,-13.959737457
adverse,commercial_property_prices,growth,pct,CA,,,2026,-17.654213466
adverse,commercial_property_prices,growth,pct,CA,,,2027,-6.351085069
baseline,commercial_property_prices,growth,pct,CA,,,2025,4.482173724
baseline,commercial_property_prices,growth,pct,CA,,,2026,4.032112282
baseline,commercial_property_prices,growth,pct,CA,,,2027,3.928637303
adverse,commercial_property_prices,growth,pct,CH,,,2025,-11.311566681
adverse,commercial_property_prices,growth,pct,CH,,,2026,-14.509875608
adverse,commercial_property_prices,growth,pct,CH,,,2027,-8.701661547
baseline,commercial_property_prices,growth,pct,CH,,,2025,4.530653457
baseline,commercial_property_prices,growth,pct,CH,,,2026,4.108980377
baseline,commercial_property_prices,growth,pct,CH,,,2027,3.841805932
adverse,commercial_property_prices,growth,pct,CL,,,2025,-8.842067953
adverse,commercial_property_prices,growth,pct,CL,,,2026,-13.669890924
adverse,commercial_property_prices,growth,pct,CL,,,2027,-11.372981549
baseline,commercial_property_prices,growth,pct,CL,,,2025,3.090533592
baseline,commercial_property_prices,growth,pct,CL,,,2026,1.777083328
baseline,commercial_property_prices,growth,pct,CL,,,2027,2.449033657
adverse,commercial_property_prices,growth,pct,CN,,,2025,-14.083407721
adverse,commercial_property_prices,growth,pct,CN,,,2026,-15.317955468
adverse,commercial_property_prices,growth,pct,CN,,,2027,-9.742948872
baseline,commercial_property_prices,growth,pct,CN,,,2025,1.556634617
baseline,commercial_property_prices,growth,pct,CN,,,2026,0.975803282
baseline,commercial_property_prices,growth,pct,CN,,,2027,1.427366219
adverse,commercial_property_prices,growth,pct,CO,,,2025,-11.336398915
adverse,commercial_property_prices,growth,pct,CO,,,2026,-16.389988226
adverse,commercial_property_prices,growth,pct,CO,,,2027,-13.234437763
baseline,commercial_property_prices,growth,pct,CO,,,2025,0.941574489
baseline,commercial_property_prices,growth,pct,CO,,,2026,-0.285383019
baseline,commercial_property_prices,growth,pct,CO,,,2027,0.877428018
adverse,commercial_property_prices,growth,pct,CY,,,2025,-8.607111802
adverse,commercial_property_prices,growth,pct,CY,,,2026,-14.699741061
adverse,commercial_property_prices,growth,pct,CY,,,2027,-11.640739091
baseline,commercial_property_prices,growth,pct,CY,,,2025,2.322057691
baseline,commercial_property_prices,growth,pct,CY,,,2026,1.087398554
baseline,commercial_property_prices,growth,pct,CY,,,2027,0.712342312
adverse,commercial_property_prices,growth,pct,CZ,,,2025,-10.601816716
adverse,commercial_property_prices,growth,pct,CZ,,,2026,-19.197077472
adverse,commercial_property_prices,growth,pct,CZ,,,2027,-10.703422309
baseline,commercial_property_prices,growth,pct,CZ,,,2025,4.490505543
baseline,commercial_property_prices,growth,pct,CZ,,,2026,3.520572135
baseline,commercial_property_prices,growth,pct,CZ,,,2027,3.668331273
adverse,commercial_property_prices,growth,pct,DE,,,2025,-12.109313040
adverse,commercial_property_prices,growth,pct,DE,,,2026,-15.169243167
adverse,commercial_property_prices,growth,pct,DE,,,2027,-10.574227013
baseline,commercial_property_prices,growth,pct,DE,,,2025,-0.459805812
baseline,commercial_property_prices,growth,pct,DE,,,2026,0.379880124
baseline,commercial_property_prices,growth,pct,DE,,,2027,1.013985806
adverse,commercial_property_prices,growth,pct,DK,,,2025,-10.868198275
adverse,commercial_property_prices,growth,pct,DK,,,2026,-18.853931527
adverse,commercial_property_prices,growth,pct,DK,,,2027,-11.044338665
baseline,commercial_property_prices,growth,pct,DK,,,2025,2.846100898
baseline,commercial_property_prices,growth,pct,DK,,,2026,2.109616042
baseline,commercial_property_prices,growth,pct,DK,,,2027,1.772809239
adverse,commercial_property_prices,growth,pct,EA,,,2025,-9.072225593
adverse,commercial_property_prices,growth,pct,EA,,,2026,-13.624393752
adverse,commercial_property_prices,growth,pct,EA,,,2027,-9.116856692
baseline,commercial_property_prices,growth,pct,EA,,,2025,1.388780136
baseline,commercial_property_prices,growth,pct,EA,,,2026,1.215701190
baseline,commercial_property_prices,growth,pct,EA,,,2027,1.249882566
adverse,commercial_property_prices,growth,pct,EE,,,2025,-12.766920895
adverse,commercial_property_prices,growth,pct,EE,,,2026,-21.928513319
adverse,commercial_property_prices,growth,pct,EE,,,2027,-9.846928142
baseline,commercial_property_prices,growth,pct,EE,,,2025,-0.842113149
baseline,commercial_property_prices,growth,pct,EE,,,2026,2.194339423
baseline,commercial_property_prices,growth,pct,EE,,,2027,3.626905687
adverse,commercial_property_prices,growth,pct,ES,,,2025,-5.785413247
adverse,commercial_property_prices,growth,pct,ES,,,2026,-12.127288034
adverse,commercial_property_prices,growth,pct,ES,,,2027,-7.259346339
baseline,commercial_property_prices,growth,pct,ES,,,2025,2.896379133
baseline,commercial_property_prices,growth,pct,ES,,,2026,3.030514013
baseline,commercial_property_prices,growth,pct,ES,,,2027,1.648046219
adverse,commercial_property_prices,growth,pct,EU,,,2025,-9.351512854
adverse,commercial_property_prices,growth,pct,EU,,,2026,-14.259913485
adverse,commercial_property_prices,growth,pct,EU,,,2027,-9.339272852
baseline,commercial_property_prices,growth,pct,EU,,,2025,1.501370630
baseline,commercial_property_prices,growth,pct,EU,,,2026,1.251317607
baseline,commercial_property_prices,growth,pct,EU,,,2027,1.334085699
adverse,commercial_property_prices,growth,pct,FI,,,2025,-7.976856956
adverse,commercial_property_prices,growth,pct,FI,,,2026,-9.797039266
adverse,commercial_property_prices,growth,pct,FI,,,2027,-7.509466790
baseline,commercial_property_prices,growth,pct,FI,,,2025,0.234898131
baseline,commercial_property_prices,growth,pct,FI,,,2026,1.931814858
baseline,commercial_property_prices,growth,pct,FI,,,2027,2.485179618
adverse,commercial_property_prices,growth,pct,FR,,,2025,-12.334129199
adverse,commercial_property_prices,growth,pct,FR,,,2026,-11.485584219
adverse,commercial_property_prices,growth,pct,FR,,,2027,-7.497965967
baseline,commercial_property_prices,growth,pct,FR,,,2025,0.683358328
baseline,commercial_property_prices,growth,pct,FR,,,2026,0.541902565
baseline,commercial_property_prices,growth,pct,FR,,,2027,0.904817304
adverse,commercial_property_prices,growth,pct,GB,,,2025,-7.925405819
adverse,commercial_property_prices,growth,pct,GB,,,2026,-20.148136486
adverse,commercial_property_prices,growth,pct,GB,,,2027,-17.159757958
baseline,commercial_property_prices,growth,pct,GB,,,2025,1.813249908
baseline,commercial_property_prices,growth,pct,GB,,,2026,0.731195596
baseline,commercial_property_prices,growth,pct,GB,,,2027,1.216713243
adverse,commercial_property_prices,growth,pct,GR,,,2025,-6.145112919
adverse,commercial_property_prices,growth,pct,GR,,,2026,-15.554168546
adverse,commercial_property_prices,growth,pct,GR,,,2027,-10.191989747
baseline,commercial_property_prices,growth,pct,GR,,,2025,3.992766093
baseline,commercial_property_prices,growth,pct,GR,,,2026,1.765762216
baseline,commercial_property_prices,growth,pct,GR,,,2027,1.259212000
adverse,commercial_property_prices,growth,pct,HK,,,2025,-20.016082307
adverse,commercial_property_prices,growth,pct,HK,,,2026,-12.852479141
adverse,commercial_property_prices,growth,pct,HK,,,2027,-4.346975489
baseline,commercial_property_prices,growth,pct,HK,,,2025,3.328699652
baseline,commercial_property_prices,growth,pct,HK,,,2026,2.171673394
baseline,commercial_property_prices,growth,pct,HK,,,2027,2.058098503
adverse,commercial_property_prices,growth,pct,HR,,,2025,-5.867068166
adverse,commercial_property_prices,growth,pct,HR,,,2026,-15.227244829
adverse,commercial_property_prices,growth,pct,HR,,,2027,-10.267163229
baseline,commercial_property_prices,growth,pct,HR,,,2025,4.151021971
baseline,commercial_property_prices,growth,pct,HR,,,2026,2.741803695
baseline,commercial_property_prices,growth,pct,HR,,,2027,1.240546803
adverse,commercial_property_prices,growth,pct,HU,,,2025,-7.108554348
adverse,commercial_property_prices,growth,pct,HU,,,2026,-15.100387565
adverse,commercial_property_prices,growth,pct,HU,,,2027,-9.933062779
baseline,commercial_property_prices,growth,pct,HU,,,2025,0.952507995
baseline,commercial_property_prices,growth,pct,HU,,,2026,1.080110750
baseline,commercial_property_prices,growth,pct,HU,,,2027,2.375808966
adverse,commercial_property_prices,growth,pct,IE,,,2025,-5.944524374
adverse,commercial_property_prices,growth,pct,IE,,,2026,-13.960367747
adverse,commercial_property_prices,growth,pct,IE,,,2027,-9.722058982
baseline,commercial_property_prices,growth,pct,IE,,,2025,3.457631456
baseline,commercial_property_prices,growth,pct,IE,,,2026,3.087209802
baseline,commercial_property_prices,growth,pct,IE,,,2027,1.538832361
adverse,commercial_property_prices,growth,pct,IN,,,2025,-14.127105884
adverse,commercial_property_prices,growth,pct,IN,,,2026,-14.787001662
adverse,commercial_property_prices,growth,pct,IN,,,2027,-11.250982526
baseline,commercial_property_prices,growth,pct,IN,,,2025,-0.384611816
baseline,commercial_property_prices,growth,pct,IN,,,2026,-1.986650423
baseline,commercial_property_prices,growth,pct,IN,,,2027,-0.482714856
adverse,commercial_property_prices,growth,pct,IT,,,2025,-3.998057596
adverse,commercial_property_prices,growth,pct,IT,,,2026,-11.455662729
adverse,commercial_property_prices,growth,pct,IT,,,2027,-8.799837793
baseline,commercial_property_prices,growth,pct,IT,,,2025,2.353344254
baseline,commercial_property_prices,growth,pct,IT,,,2026,1.281131193
baseline,commercial_property_prices,growth,pct,IT,,,2027,0.552971175
adverse,commercial_property_prices,growth,pct,JP,,,2025,-15.744024353
adverse,commercial_property_prices,growth,pct,JP,,,2026,-14.989246376
adverse,commercial_property_prices,growth,pct,JP,,,2027,-6.847130211
baseline,commercial_property_prices,growth,pct,JP,,,2025,3.062315420
baseline,commercial_property_prices,growth,pct,JP,,,2026,3.437911089
baseline,commercial_property_prices,growth,pct,JP,,,2027,3.314233987
adverse,commercial_property_prices,growth,pct,LA,,,2025,-15.189764785
adverse,commercial_property_prices,growth,pct,LA,,,2026,-15.669836003
adverse,commercial_property_prices,growth,pct,LA,,,2027,-8.493455338
baseline,commercial_property_prices,growth,pct,LA,,,2025,2.141787310
baseline,commercial_property_prices,growth,pct,LA,,,2026,-0.029933495
baseline,commercial_property_prices,growth,pct,LA,,,2027,1.311692111
adverse,commercial_property_prices,growth,pct,LT,,,2025,-7.626692127
adverse,commercial_property_prices,growth,pct,LT,,,2026,-15.237790706
adverse,commercial_property_prices,growth,pct,LT,,,2027,-14.122212613
baseline,commercial_property_prices,growth,pct,LT,,,2025,3.987651886
baseline,commercial_property_prices,growth,pct,LT,,,2026,3.252455316
baseline,commercial_property_prices,growth,pct,LT,,,2027,2.877916179
adverse,commercial_property_prices,growth,pct,LU,,,2025,-14.270672183
adverse,commercial_property_prices,growth,pct,LU,,,2026,-18.472793529
adverse,commercial_property_prices,growth,pct,LU,,,2027,-10.194447481
baseline,commercial_property_prices,growth,pct,LU,,,2025,-0.673203438
baseline,commercial_property_prices,growth,pct,LU,,,2026,2.808058692
baseline,commercial_property_prices,growth,pct,LU,,,2027,3.663316983
adverse,commercial_property_prices,growth,pct,LV,,,2025,-8.126492024
adverse,commercial_property_prices,growth,pct,LV,,,2026,-17.198038576
adverse,commercial_property_prices,growth,pct,LV,,,2027,-10.909267697
baseline,commercial_property_prices,growth,pct,LV,,,2025,4.303397138
baseline,commercial_property_prices,growth,pct,LV,,,2026,4.598124068
baseline,commercial_property_prices,growth,pct,LV,,,2027,4.011217026
adverse,commercial_property_prices,growth,pct,MT,,,2025,-6.115054116
adverse,commercial_property_prices,growth,pct,MT,,,2026,-12.102281581
adverse,commercial_property_prices,growth,pct,MT,,,2027,-9.022122493
baseline,commercial_property_prices,growth,pct,MT,,,2025,3.504714522
baseline,commercial_property_prices,growth,pct,MT,,,2026,3.631977539
baseline,commercial_property_prices,growth,pct,MT,,,2027,3.648785668
adverse,commercial_property_prices,growth,pct,MX,,,2025,-12.852398248
adverse,commercial_property_prices,growth,pct,MX,,,2026,-17.530846701
adverse,commercial_property_prices,growth,pct,MX,,,2027,-11.469801821
baseline,commercial_property_prices,growth,pct,MX,,,2025,3.308599932
baseline,commercial_property_prices,growth,pct,MX,,,2026,2.361915136
baseline,commercial_property_prices,growth,pct,MX,,,2027,3.969621788
adverse,commercial_property_prices,growth,pct,NL,,,2025,-3.410694413
adverse,commercial_property_prices,growth,pct,NL,,,2026,-15.857816757
adverse,commercial_property_prices,growth,pct,NL,,,2027,-9.898054391
baseline,commercial_property_prices,growth,pct,NL,,,2025,5.484061049
baseline,commercial_property_prices,growth,pct,NL,,,2026,1.814053698
baseline,commercial_property_prices,growth,pct,NL,,,2027,1.963395673
adverse,commercial_property_prices,growth,pct,NO,,,2025,-14.378389321
adverse,commercial_property_prices,growth,pct,NO,,,2026,-13.458753274
adverse,commercial_property_prices,growth,pct,NO,,,2027,-7.823406088
baseline,commercial_property_prices,growth,pct,NO,,,2025,2.574597433
baseline,commercial_property_prices,growth,pct,NO,,,2026,4.386732938
baseline,commercial_property_prices,growth,pct,NO,,,2027,3.549318175
adverse,commercial_property_prices,growth,pct,PE,,,2025,-10.068630485
adverse,commercial_property_prices,growth,pct,PE,,,2026,-14.910104848
adverse,commercial_property_prices,growth,pct,PE,,,2027,-12.156332807
baseline,commercial_property_prices,growth,pct,PE,,,2025,2.390286507
baseline,commercial_property_prices,growth,pct,PE,,,2026,1.212634801
baseline,commercial_property_prices,growth,pct,PE,,,2027,1.907868487
adverse,commercial_property_prices,growth,pct,PL,,,2025,-16.244723337
adverse,commercial_property_prices,growth,pct,PL,,,2026,-19.417385283
adverse,commercial_property_prices,growth,pct,PL,,,2027,-9.841031090
baseline,commercial_property_prices,growth,pct,PL,,,2025,-1.093246741
baseline,commercial_property_prices,growth,pct,PL,,,2026,-0.950552972
baseline,commercial_property_prices,growth,pct,PL,,,2027,-0.010987892
adverse,commercial_property_prices,growth,pct,PT,,,2025,-6.990076319
adverse,commercial_property_prices,growth,pct,PT,,,2026,-16.590984102
adverse,commercial_property_prices,growth,pct,PT,,,2027,-10.671601027
baseline,commercial_property_prices,growth,pct,PT,,,2025,3.383542380
baseline,commercial_property_prices,growth,pct,PT,,,2026,1.958991661
baseline,commercial_property_prices,growth,pct,PT,,,2027,2.138255000
adverse,commercial_property_prices,growth,pct,RO,,,2025,-13.443941878
adverse,commercial_property_prices,growth,pct,RO,,,2026,-13.246938625
adverse,commercial_property_prices,growth,pct,RO,,,2027,-7.475736891
baseline,commercial_property_prices,growth,pct,RO,,,2025,0.083610665
baseline,commercial_property_prices,growth,pct,RO,,,2026,1.505346748
baseline,commercial_property_prices,growth,pct,RO,,,2027,3.177680027
adverse,commercial_property_prices,growth,pct,RU,,,2025,-7.853212051
adverse,commercial_property_prices,growth,pct,RU,,,2026,-13.217222304
adverse,commercial_property_prices,growth,pct,RU,,,2027,-7.225333155
baseline,commercial_property_prices,growth,pct,RU,,,2025,6.680160669
baseline,commercial_property_prices,growth,pct,RU,,,2026,3.488018762
baseline,commercial_property_prices,growth,pct,RU,,,2027,4.864090055
adverse,commercial_property_prices,growth,pct,SE,,,2025,-5.745122277
adverse,commercial_property_prices,growth,pct,SE,,,2026,-18.318418848
adverse,commercial_property_prices,growth,pct,SE,,,2027,-12.529733022
baseline,commercial_property_prices,growth,pct,SE,,,2025,5.323454263
baseline,commercial_property_prices,growth,pct,SE,,,2026,2.927621189
baseline,commercial_property_prices,growth,pct,SE,,,2027,2.583770886
adverse,commercial_property_prices,growth,pct,SI,,,2025,-7.692018182
adverse,commercial_property_prices,growth,pct,SI,,,2026,-12.291006117
adverse,commercial_property_prices,growth,pct,SI,,,2027,-9.327267630
baseline,commercial_property_prices,growth,pct,SI,,,2025,2.046452834
baseline,commercial_property_prices,growth,pct,SI,,,2026,2.085001173
baseline,commercial_property_prices,growth,pct,SI,,,2027,2.172721890
adverse,commercial_property_prices,growth,pct,SK,,,2025,-12.045101097
adverse,commercial_property_prices,growth,pct,SK,,,2026,-22.984135883
adverse,commercial_property_prices,growth,pct,SK,,,2027,-11.059645982
baseline,commercial_property_prices,growth,pct,SK,,,2025,0.932388664
baseline,commercial_property_prices,growth,pct,SK,,,2026,-1.019516629
baseline,commercial_property_prices,growth,pct,SK,,,2027,1.508518935
adverse,commercial_property_prices,growth,pct,TR,,,2025,-5.903454488
adverse,commercial_property_prices,growth,pct,TR,,,2026,-18.467274839
adverse,commercial_property_prices,growth,pct,TR,,,2027,-8.519513256
baseline,commercial_property_prices,growth,pct,TR,,,2025,4.321697956
baseline,commercial_property_prices,growth,pct,TR,,,2026,2.657416148
baseline,commercial_property_prices,growth,pct,TR,,,2027,7.996599402
adverse,commercial_property_prices,growth,pct,US,,,2025,-18.786833169
adverse,commercial_property_prices,growth,pct,US,,,2026,-19.943312646
adverse,commercial_property_prices,growth,pct,US,,,2027,-6.701938267
baseline,commercial_property_prices,growth,pct,US,,,2025,3.755174469
baseline,commercial_property_prices,growth,pct,US,,,2026,4.018017484
baseline,commercial_property_prices,growth,pct,US,,,2027,4.741683123
adverse,commercial_property_prices,growth,pct,WR,,,2025,-17.881688074
adverse,commercial_property_prices,growth,pct,WR,,,2026,-17.401729040
adverse,commercial_property_prices,growth,pct,WR,,,2027,-9.492124434
baseline,commercial_property_prices,growth,pct,WR,,,2025,4.105609742
baseline,commercial_property_prices,growth,pct,WR,,,2026,1.527769995
baseline,commercial_property_prices,growth,pct,WR,,,2027,2.417349709
adverse,foreign_demand_commodities,deviation_from_start,pct,EU foreign demand,,,2025,-9.051913176
adverse,foreign_demand_commodities,deviation_from_start,pct,EU foreign demand,,,2026,-17.043256392
adverse,foreign_demand_commodities,deviation_from_start,pct,EU foreign demand,,,2027,-20.957954949
adverse,foreign_demand_commodities,deviation_from_start,pct,Euro area foreign demand,,,2025,-8.819234812
adverse,foreign_demand_commodities,deviation_from_start,pct,Euro area foreign demand,,,2026,-16.726592699
adverse,foreign_demand_commodities,deviation_from_start,pct,Euro area foreign demand,,,2027,-20.815521908
adverse,foreign_demand_commodities,deviation_from_start,pct,Gas prices,,,2025,65.305785124
adverse,foreign_demand_commodities,deviation_from_start,pct,Gas prices,,,2026,70.447446960
adverse,foreign_demand_commodities,deviation_from_start,pct,Gas prices,,,2027,56.027956210
adverse,foreign_demand_commodities,deviation_from_start,pct,Metal prices,,,2025,48.312695970
adverse,foreign_demand_commodities,deviation_from_start,pct,Metal prices,,,2026,49.409055538
adverse,foreign_demand_commodities,deviation_from_start,pct,Metal prices,,,2027,39.341364806
adverse,foreign_demand_commodities,deviation_from_start,pct,Oil prices,,,2025,57.087085514
adverse,foreign_demand_commodities,deviation_from_start,pct,Oil prices,,,2026,56.097853153
adverse,foreign_demand_commodities,deviation_from_start,pct,Oil prices,,,2027,45.079739724
adverse,foreign_demand_commodities,deviation_from_start,pct,Other non-energy commodity prices,,,2025,22.545217272
adverse,foreign_demand_commodities,deviation_from_start,pct,Other non-energy commodity prices,,,2026,21.681866502
adverse,foreign_demand_commodities,deviation_from_start,pct,Other non-energy commodity prices,,,2027,16.916398484
adverse,fx_rate,level,level,EUR-rest of the world,,,2025,1.177557954
adverse,fx_rate,level,level,EUR-rest of the world,,,2026,1.160436413
adverse,fx_rate,level,level,EUR-rest of the world,,,2027,1.146382222
baseline,fx_rate,level,level,EUR-rest of the world,,,2025,1.081987786
baseline,fx_rate,level,level,EUR-rest of the world,,,2026,1.081987786
baseline,fx_rate,level,level,EUR-rest of the world,,,2027,1.081987786
historical,fx_rate,level,level,EUR-rest of the world,,,2024,1.081987786
adverse,fx_rate,level,level,EUR/AOA,,,2025,1160.527316544
adverse,fx_rate,level,level,EUR/AOA,,,2026,1123.146630062
adverse,fx_rate,level,level,EUR/AOA,,,2027,1092.462750538
baseline,fx_rate,level,level,EUR/AOA,,,2025,951.873292218
baseline,fx_rate,level,level,EUR/AOA,,,2026,951.873292218
baseline,fx_rate,level,level,EUR/AOA,,,2027,951.873292218
historical,fx_rate,level,level,EUR/AOA,,,2024,951.873292218
adverse,fx_rate,level,level,EUR/AUD,,,2025,1.640270843
adverse,fx_rate,level,level,EUR/AUD,,,2026,1.640270843
adverse,fx_rate,level,level,EUR/AUD,,,2027,1.640270843
baseline,fx_rate,level,level,EUR/AUD,,,2025,1.640270843
baseline,fx_rate,level,level,EUR/AUD,,,2026,1.640270843
baseline,fx_rate,level,level,EUR/AUD,,,2027,1.640270843
historical,fx_rate,level,level,EUR/AUD,,,2024,1.640270843
adverse,fx_rate,level,level,EUR/BGN,,,2025,1.955830000
adverse,fx_rate,level,level,EUR/BGN,,,2026,1.955830000
adverse,fx_rate,level,level,EUR/BGN,,,2027,1.955830000
baseline,fx_rate,level,level,EUR/BGN,,,2025,1.955830000
baseline,fx_rate,level,level,EUR/BGN,,,2026,1.955830000
baseline,fx_rate,level,level,EUR/BGN,,,2027,1.955830000
historical,fx_rate,level,level,EUR/BGN,,,2024,1.955830000
adverse,fx_rate,level,level,EUR/BRL,,,2025,6.615561281
adverse,fx_rate,level,level,EUR/BRL,,,2026,6.475796747
adverse,fx_rate,level,level,EUR/BRL,,,2027,6.361071243
baseline,fx_rate,level,level,EUR/BRL,,,2025,5.835414229
baseline,fx_rate,level,level,EUR/BRL,,,2026,5.835414229
baseline,fx_rate,level,level,EUR/BRL,,,2027,5.835414229
historical,fx_rate,level,level,EUR/BRL,,,2024,5.835414229
adverse,fx_rate,level,level,EUR/CAD,,,2025,1.482082644
adverse,fx_rate,level,level,EUR/CAD,,,2026,1.482082644
adverse,fx_rate,level,level,EUR/CAD,,,2027,1.482082644
baseline,fx_rate,level,level,EUR/CAD,,,2025,1.482082644
baseline,fx_rate,level,level,EUR/CAD,,,2026,1.482082644
baseline,fx_rate,level,level,EUR/CAD,,,2027,1.482082644
historical,fx_rate,level,level,EUR/CAD,,,2024,1.482082644
adverse,fx_rate,level,level,EUR/CHF,,,2025,0.952578282
adverse,fx_rate,level,level,EUR/CHF,,,2026,0.952578282
adverse,fx_rate,level,level,EUR/CHF,,,2027,0.952578282
baseline,fx_rate,level,level,EUR/CHF,,,2025,0.952578282
baseline,fx_rate,level,level,EUR/CHF,,,2026,0.952578282
baseline,fx_rate,level,level,EUR/CHF,,,2027,0.952578282
historical,fx_rate,level,level,EUR/CHF,,,2024,0.952578282
adverse,fx_rate,level,level,EUR/CLP,,,2025,1179.315135948
adverse,fx_rate,level,level,EUR/CLP,,,2026,1150.943171900
adverse,fx_rate,level,level,EUR/CLP,,,2027,1127.654088455
baseline,fx_rate,level,level,EUR/CLP,,,2025,1020.946603053
baseline,fx_rate,level,level,EUR/CLP,,,2026,1020.946603053
baseline,fx_rate,level,level,EUR/CLP,,,2027,1020.946603053
historical,fx_rate,level,level,EUR/CLP,,,2024,1020.946603053
adverse,fx_rate,level,level,EUR/CNY,,,2025,7.784924809
adverse,fx_rate,level,level,EUR/CNY,,,2026,7.784924809
adverse,fx_rate,level,level,EUR/CNY,,,2027,7.784924809
baseline,fx_rate,level,level,EUR/CNY,,,2025,7.784924809
baseline,fx_rate,level,level,EUR/CNY,,,2026,7.784924809
baseline,fx_rate,level,level,EUR/CNY,,,2027,7.784924809
historical,fx_rate,level,level,EUR/CNY,,,2024,7.784924809
adverse,fx_rate,level,level,EUR/COP,,,2025,4792.008562466
adverse,fx_rate,level,level,EUR/COP,,,2026,4722.983946365
adverse,fx_rate,level,level,EUR/COP,,,2027,4666.325195443
baseline,fx_rate,level,level,EUR/COP,,,2025,4406.722328244
baseline,fx_rate,level,level,EUR/COP,,,2026,4406.722328244
baseline,fx_rate,level,level,EUR/COP,,,2027,4406.722328244
historical,fx_rate,level,level,EUR/COP,,,2024,4406.722328244
adverse,fx_rate,level,level,EUR/CZK,,,2025,26.966474827
adverse,fx_rate,level,level,EUR/CZK,,,2026,26.635047650
adverse,fx_rate,level,level,EUR/CZK,,,2027,26.362996156
baseline,fx_rate,level,level,EUR/CZK,,,2025,25.116492366
baseline,fx_rate,level,level,EUR/CZK,,,2026,25.116492366
baseline,fx_rate,level,level,EUR/CZK,,,2027,25.116492366
historical,fx_rate,level,level,EUR/CZK,,,2024,25.116492366
adverse,fx_rate,level,level,EUR/DKK,,,2025,7.458785441
adverse,fx_rate,level,level,EUR/DKK,,,2026,7.458785441
adverse,fx_rate,level,level,EUR/DKK,,,2027,7.458785441
baseline,fx_rate,level,level,EUR/DKK,,,2025,7.458785441
baseline,fx_rate,level,level,EUR/DKK,,,2026,7.458785441
baseline,fx_rate,level,level,EUR/DKK,,,2027,7.458785441
historical,fx_rate,level,level,EUR/DKK,,,2024,7.458785441
adverse,fx_rate,level,level,EUR/GBP,,,2025,0.846588550
adverse,fx_rate,level,level,EUR/GBP,,,2026,0.846588550
adverse,fx_rate,level,level,EUR/GBP,,,2027,0.846588550
baseline,fx_rate,level,level,EUR/GBP,,,2025,0.846588550
baseline,fx_rate,level,level,EUR/GBP,,,2026,0.846588550
baseline,fx_rate,level,level,EUR/GBP,,,2027,0.846588550
historical,fx_rate,level,level,EUR/GBP,,,2024,0.846588550
adverse,fx_rate,level,level,EUR/HKD,,,2025,8.442644656
adverse,fx_rate,level,level,EUR/HKD,,,2026,8.442644656
adverse,fx_rate,level,level,EUR/HKD,,,2027,8.442644656
baseline,fx_rate,level,level,EUR/HKD,,,2025,8.442644656
baseline,fx_rate,level,level,EUR/HKD,,,2026,8.442644656
baseline,fx_rate,level,level,EUR/HKD,,,2027,8.442644656
historical,fx_rate,level,level,EUR/HKD,,,2024,8.442644656
adverse,fx_rate,level,level,EUR/HUF,,,2025,461.435329623
adverse,fx_rate,level,level,EUR/HUF,,,2026,449.595850637
adverse,fx_rate,level,level,EUR/HUF,,,2027,439.877432356
baseline,fx_rate,level,level,EUR/HUF,,,2025,395.348931298
baseline,fx_rate,level,level,EUR/HUF,,,2026,395.348931298
baseline,fx_rate,level,level,EUR/HUF,,,2027,395.348931298
historical,fx_rate,level,level,EUR/HUF,,,2024,395.348931298
adverse,fx_rate,level,level,EUR/INR,,,2025,103.805790256
adverse,fx_rate,level,level,EUR/INR,,,2026,101.433233502
adverse,fx_rate,level,level,EUR/INR,,,2027,99.485723906
baseline,fx_rate,level,level,EUR/INR,,,2025,90.562493750
baseline,fx_rate,level,level,EUR/INR,,,2026,90.562493750
baseline,fx_rate,level,level,EUR/INR,,,2027,90.562493750
historical,fx_rate,level,level,EUR/INR,,,2024,90.562493750
adverse,fx_rate,level,level,EUR/JPY,,,2025,163.851946565
adverse,fx_rate,level,level,EUR/JPY,,,2026,163.851946565
adverse,fx_rate,level,level,EUR/JPY,,,2027,163.851946565
baseline,fx_rate,level,level,EUR/JPY,,,2025,163.851946565
baseline,fx_rate,level,level,EUR/JPY,,,2026,163.851946565
baseline,fx_rate,level,level,EUR/JPY,,,2027,163.851946565
historical,fx_rate,level,level,EUR/JPY,,,2024,163.851946565
adverse,fx_rate,level,level,EUR/MOP,,,2025,8.788747140
adverse,fx_rate,level,level,EUR/MOP,,,2026,8.771970661
adverse,fx_rate,level,level,EUR/MOP,,,2027,8.758199714
baseline,fx_rate,level,level,EUR/MOP,,,2025,8.695103065
baseline,fx_rate,level,level,EUR/MOP,,,2026,8.695103065
baseline,fx_rate,level,level,EUR/MOP,,,2027,8.695103065
historical,fx_rate,level,level,EUR/MOP,,,2024,8.695103065
adverse,fx_rate,level,level,EUR/MXN,,,2025,21.592228134
adverse,fx_rate,level,level,EUR/MXN,,,2026,21.274964207
adverse,fx_rate,level,level,EUR/MXN,,,2027,21.014538596
baseline,fx_rate,level,level,EUR/MXN,,,2025,19.821303053
baseline,fx_rate,level,level,EUR/MXN,,,2026,19.821303053
baseline,fx_rate,level,level,EUR/MXN,,,2027,19.821303053
historical,fx_rate,level,level,EUR/MXN,,,2024,19.821303053
adverse,fx_rate,level,level,EUR/MZN,,,2025,72.733768099
adverse,fx_rate,level,level,EUR/MZN,,,2026,72.072618293
adverse,fx_rate,level,level,EUR/MZN,,,2027,71.529914482
baseline,fx_rate,level,level,EUR/MZN,,,2025,69.043317742
baseline,fx_rate,level,level,EUR/MZN,,,2026,69.043317742
baseline,fx_rate,level,level,EUR/MZN,,,2027,69.043317742
historical,fx_rate,level,level,EUR/MZN,,,2024,69.043317742
adverse,fx_rate,level,level,EUR/NOK,,,2025,11.633988123
adverse,fx_rate,level,level,EUR/NOK,,,2026,11.633988123
adverse,fx_rate,level,level,EUR/NOK,,,2027,11.633988123
baseline,fx_rate,level,level,EUR/NOK,,,2025,11.633988123
baseline,fx_rate,level,level,EUR/NOK,,,2026,11.633988123
baseline,fx_rate,level,level,EUR/NOK,,,2027,11.633988123
historical,fx_rate,level,level,EUR/NOK,,,2024,11.633988123
adverse,fx_rate,level,level,EUR/NZD,,,2025,1.788764885
adverse,fx_rate,level,level,EUR/NZD,,,2026,1.788764885
adverse,fx_rate,level,level,EUR/NZD,,,2027,1.788764885
baseline,fx_rate,level,level,EUR/NZD,,,2025,1.788764885
baseline,fx_rate,level,level,EUR/NZD,,,2026,1.788764885
baseline,fx_rate,level,level,EUR/NZD,,,2027,1.788764885
historical,fx_rate,level,level,EUR/NZD,,,2024,1.788764885
adverse,fx_rate,level,level,EUR/PEN,,,2025,4.234976473
adverse,fx_rate,level,level,EUR/PEN,,,2026,4.203775856
adverse,fx_rate,level,level,EUR/PEN,,,2027,4.178164877
baseline,fx_rate,level,level,EUR/PEN,,,2025,4.060818774
baseline,fx_rate,level,level,EUR/PEN,,,2026,4.060818774
baseline,fx_rate,level,level,EUR/PEN,,,2027,4.060818774
historical,fx_rate,level,level,EUR/PEN,,,2024,4.060818774
adverse,fx_rate,level,level,EUR/PLN,,,2025,4.710365475
adverse,fx_rate,level,level,EUR/PLN,,,2026,4.637792455
adverse,fx_rate,level,level,EUR/PLN,,,2027,4.578221001
baseline,fx_rate,level,level,EUR/PLN,,,2025,4.305272519
baseline,fx_rate,level,level,EUR/PLN,,,2026,4.305272519
baseline,fx_rate,level,level,EUR/PLN,,,2027,4.305272519
historical,fx_rate,level,level,EUR/PLN,,,2024,4.305272519
adverse,fx_rate,level,level,EUR/RON,,,2025,5.156894788
adverse,fx_rate,level,level,EUR/RON,,,2026,5.124219783
adverse,fx_rate,level,level,EUR/RON,,,2027,5.097398555
baseline,fx_rate,level,level,EUR/RON,,,2025,4.974507252
baseline,fx_rate,level,level,EUR/RON,,,2026,4.974507252
baseline,fx_rate,level,level,EUR/RON,,,2027,4.974507252
historical,fx_rate,level,level,EUR/RON,,,2024,4.974507252
adverse,fx_rate,level,level,EUR/RUB,,,2025,165.482240656
adverse,fx_rate,level,level,EUR/RUB,,,2026,153.822537629
adverse,fx_rate,level,level,EUR/RUB,,,2027,144.251688170
baseline,fx_rate,level,level,EUR/RUB,,,2025,100.399327843
baseline,fx_rate,level,level,EUR/RUB,,,2026,100.399327843
baseline,fx_rate,level,level,EUR/RUB,,,2027,100.399327843
historical,fx_rate,level,level,EUR/RUB,,,2024,100.399327843
adverse,fx_rate,level,level,EUR/SEK,,,2025,11.437193487
adverse,fx_rate,level,level,EUR/SEK,,,2026,11.437193487
adverse,fx_rate,level,level,EUR/SEK,,,2027,11.437193487
baseline,fx_rate,level,level,EUR/SEK,,,2025,11.437193487
baseline,fx_rate,level,level,EUR/SEK,,,2026,11.437193487
baseline,fx_rate,level,level,EUR/SEK,,,2027,11.437193487
historical,fx_rate,level,level,EUR/SEK,,,2024,11.437193487
adverse,fx_rate,level,level,EUR/TRY,,,2025,48.574927376
adverse,fx_rate,level,level,EUR/TRY,,,2026,46.248382075
adverse,fx_rate,level,level,EUR/TRY,,,2027,44.338640911
baseline,fx_rate,level,level,EUR/TRY,,,2025,35.588460687
baseline,fx_rate,level,level,EUR/TRY,,,2026,35.588460687
baseline,fx_rate,level,level,EUR/TRY,,,2027,35.588460687
historical,fx_rate,level,level,EUR/TRY,,,2024,35.588460687
adverse,fx_rate,level,level,EUR/UAH,,,2025,54.617298338
adverse,fx_rate,level,level,EUR/UAH,,,2026,52.620998637
adverse,fx_rate,level,level,EUR/UAH,,,2027,50.982339071
baseline,fx_rate,level,level,EUR/UAH,,,2025,43.474218702
baseline,fx_rate,level,level,EUR/UAH,,,2026,43.474218702
baseline,fx_rate,level,level,EUR/UAH,,,2027,43.474218702
historical,fx_rate,level,level,EUR/UAH,,,2024,43.474218702
adverse,fx_rate,level,level,EUR/USD,,,2025,1.081987786
adverse,fx_rate,level,level,EUR/USD,,,2026,1.081987786
adverse,fx_rate,level,level,EUR/USD,,,2027,1.081987786
baseline,fx_rate,level,level,EUR/USD,,,2025,1.081987786
baseline,fx_rate,level,level,EUR/USD,,,2026,1.081987786
baseline,fx_rate,level,level,EUR/USD,,,2027,1.081987786
historical,fx_rate,level,level,EUR/USD,,,2024,1.081987786
adverse,fx_rate,level,level,EUR/ZAR,,,2025,22.645465301
adverse,fx_rate,level,level,EUR/ZAR,,,2026,22.141685763
adverse,fx_rate,level,level,EUR/ZAR,,,2027,21.728159096
baseline,fx_rate,level,level,EUR/ZAR,,,2025,19.833434866
baseline,fx_rate,level,level,EUR/ZAR,,,2026,19.833434866
baseline,fx_rate,level,level,EUR/ZAR,,,2027,19.833434866
historical,fx_rate,level,level,EUR/ZAR,,,2024,19.833434866
adverse,hicp,growth,pct,AS,,,2025,5.238649160
adverse,hicp,growth,pct,AS,,,2026,4.116879296
adverse,hicp,growth,pct,AS,,,2027,2.890170611
baseline,hicp,growth,pct,AS,,,2025,2.854455473
baseline,hicp,growth,pct,AS,,,2026,2.694001148
baseline,hicp,growth,pct,AS,,,2027,2.703344803
historical,hicp,growth,pct,AS,,,2024,2.335827601
adverse,hicp,growth,pct,AT,,,2025,5.222698360
adverse,hicp,growth,pct,AT,,,2026,2.584229097
adverse,hicp,growth,pct,AT,,,2027,0.857175982
baseline,hicp,growth,pct,AT,,,2025,2.433451119
baseline,hicp,growth,pct,AT,,,2026,2.187873511
baseline,hicp,growth,pct,AT,,,2027,2.008790317
historical,hicp,growth,pct,AT,,,2024,2.905821228
adverse,hicp,growth,pct,AU,,,2025,7.067401375
adverse,hicp,growth,pct,AU,,,2026,2.506749260
adverse,hicp,growth,pct,AU,,,2027,1.362254319
baseline,hicp,growth,pct,AU,,,2025,3.596208430
baseline,hicp,growth,pct,AU,,,2026,2.625460029
baseline,hicp,growth,pct,AU,,,2027,2.513343597
historical,hicp,growth,pct,AU,,,2024,3.003120485
adverse,hicp,growth,pct,BE,,,2025,6.017396196
adverse,hicp,growth,pct,BE,,,2026,2.718079806
adverse,hicp,growth,pct,BE,,,2027,0.355024351
baseline,hicp,growth,pct,BE,,,2025,2.920184926
baseline,hicp,growth,pct,BE,,,2026,1.290544773
baseline,hicp,growth,pct,BE,,,2027,1.710267806
historical,hicp,growth,pct,BE,,,2024,4.322938011
adverse,hicp,growth,pct,BG,,,2025,2.931911422
adverse,hicp,growth,pct,BG,,,2026,2.682804921
adverse,hicp,growth,pct,BG,,,2027,2.895123329
baseline,hicp,growth,pct,BG,,,2025,2.430696975
baseline,hicp,growth,pct,BG,,,2026,2.434052426
baseline,hicp,growth,pct,BG,,,2027,2.357593525
historical,hicp,growth,pct,BG,,,2024,2.541887546
adverse,hicp,growth,pct,BR,,,2025,4.104527193
adverse,hicp,growth,pct,BR,,,2026,3.967515714
adverse,hicp,growth,pct,BR,,,2027,3.470246693
baseline,hicp,growth,pct,BR,,,2025,3.320366059
baseline,hicp,growth,pct,BR,,,2026,3.009980726
baseline,hicp,growth,pct,BR,,,2027,2.967334115
historical,hicp,growth,pct,BR,,,2024,4.303678012
adverse,hicp,growth,pct,CA,,,2025,6.279892104
adverse,hicp,growth,pct,CA,,,2026,2.204991615
adverse,hicp,growth,pct,CA,,,2027,0.108861231
baseline,hicp,growth,pct,CA,,,2025,1.947352320
baseline,hicp,growth,pct,CA,,,2026,2.018869992
baseline,hicp,growth,pct,CA,,,2027,1.895100672
historical,hicp,growth,pct,CA,,,2024,2.024032746
adverse,hicp,growth,pct,CH,,,2025,4.412544268
adverse,hicp,growth,pct,CH,,,2026,1.917370760
adverse,hicp,growth,pct,CH,,,2027,0.061504365
baseline,hicp,growth,pct,CH,,,2025,1.000000000
baseline,hicp,growth,pct,CH,,,2026,0.999801980
baseline,hicp,growth,pct,CH,,,2027,0.983330582
historical,hicp,growth,pct,CH,,,2024,1.215720863
adverse,hicp,growth,pct,CL,,,2025,4.940516213
adverse,hicp,growth,pct,CL,,,2026,3.727841582
adverse,hicp,growth,pct,CL,,,2027,3.354162710
baseline,hicp,growth,pct,CL,,,2025,3.500000000
baseline,hicp,growth,pct,CL,,,2026,3.000000000
baseline,hicp,growth,pct,CL,,,2027,3.000000000
historical,hicp,growth,pct,CL,,,2024,4.500000000
adverse,hicp,growth,pct,CN,,,2025,5.116394589
adverse,hicp,growth,pct,CN,,,2026,3.700258506
adverse,hicp,growth,pct,CN,,,2027,2.580680823
baseline,hicp,growth,pct,CN,,,2025,2.039966277
baseline,hicp,growth,pct,CN,,,2026,1.999068186
baseline,hicp,growth,pct,CN,,,2027,2.012983079
historical,hicp,growth,pct,CN,,,2024,0.982212025
adverse,hicp,growth,pct,CO,,,2025,6.053267404
adverse,hicp,growth,pct,CO,,,2026,4.576995105
adverse,hicp,growth,pct,CO,,,2027,3.479323166
baseline,hicp,growth,pct,CO,,,2025,3.542862378
baseline,hicp,growth,pct,CO,,,2026,2.983967619
baseline,hicp,growth,pct,CO,,,2027,3.040903294
historical,hicp,growth,pct,CO,,,2024,5.660359935
adverse,hicp,growth,pct,CY,,,2025,2.702490846
adverse,hicp,growth,pct,CY,,,2026,2.052398256
adverse,hicp,growth,pct,CY,,,2027,2.319199977
baseline,hicp,growth,pct,CY,,,2025,1.892464493
baseline,hicp,growth,pct,CY,,,2026,2.081904628
baseline,hicp,growth,pct,CY,,,2027,2.048259347
historical,hicp,growth,pct,CY,,,2024,2.192139738
adverse,hicp,growth,pct,CZ,,,2025,7.114917072
adverse,hicp,growth,pct,CZ,,,2026,5.173589606
adverse,hicp,growth,pct,CZ,,,2027,1.434805748
baseline,hicp,growth,pct,CZ,,,2025,2.646900042
baseline,hicp,growth,pct,CZ,,,2026,2.221976157
baseline,hicp,growth,pct,CZ,,,2027,1.809621306
historical,hicp,growth,pct,CZ,,,2024,2.446749800
adverse,hicp,growth,pct,DE,,,2025,4.493897335
adverse,hicp,growth,pct,DE,,,2026,4.090043926
adverse,hicp,growth,pct,DE,,,2027,2.805303740
baseline,hicp,growth,pct,DE,,,2025,2.436188142
baseline,hicp,growth,pct,DE,,,2026,2.094099480
baseline,hicp,growth,pct,DE,,,2027,1.899126626
historical,hicp,growth,pct,DE,,,2024,2.542372881
adverse,hicp,growth,pct,DK,,,2025,6.545565576
adverse,hicp,growth,pct,DK,,,2026,3.830376119
adverse,hicp,growth,pct,DK,,,2027,1.352301432
baseline,hicp,growth,pct,DK,,,2025,2.103808277
baseline,hicp,growth,pct,DK,,,2026,1.778283756
baseline,hicp,growth,pct,DK,,,2027,1.955445814
historical,hicp,growth,pct,DK,,,2024,1.346280193
adverse,hicp,growth,pct,EA,,,2025,4.537275095
adverse,hicp,growth,pct,EA,,,2026,3.287718183
adverse,hicp,growth,pct,EA,,,2027,2.006005717
baseline,hicp,growth,pct,EA,,,2025,2.135761334
baseline,hicp,growth,pct,EA,,,2026,1.886305024
baseline,hicp,growth,pct,EA,,,2027,2.056032538
historical,hicp,growth,pct,EA,,,2024,2.386575092
adverse,hicp,growth,pct,EE,,,2025,8.037035318
adverse,hicp,growth,pct,EE,,,2026,6.716243502
adverse,hicp,growth,pct,EE,,,2027,1.425112733
baseline,hicp,growth,pct,EE,,,2025,4.494351514
baseline,hicp,growth,pct,EE,,,2026,3.628942649
baseline,hicp,growth,pct,EE,,,2027,2.647978159
historical,hicp,growth,pct,EE,,,2024,3.768085249
adverse,hicp,growth,pct,ES,,,2025,4.894129190
adverse,hicp,growth,pct,ES,,,2026,2.934084500
adverse,hicp,growth,pct,ES,,,2027,1.078595096
baseline,hicp,growth,pct,ES,,,2025,2.102126972
baseline,hicp,growth,pct,ES,,,2026,1.716035141
baseline,hicp,growth,pct,ES,,,2027,2.437915160
historical,hicp,growth,pct,ES,,,2024,2.867926627
adverse,hicp,growth,pct,EU,,,2025,4.955722104
adverse,hicp,growth,pct,EU,,,2026,3.503093103
adverse,hicp,growth,pct,EU,,,2027,1.934300015
baseline,hicp,growth,pct,EU,,,2025,2.355448386
baseline,hicp,growth,pct,EU,,,2026,2.003386544
baseline,hicp,growth,pct,EU,,,2027,2.101249697
historical,hicp,growth,pct,EU,,,2024,2.498052718
adverse,hicp,growth,pct,FI,,,2025,3.585238779
adverse,hicp,growth,pct,FI,,,2026,2.345951854
adverse,hicp,growth,pct,FI,,,2027,1.907858968
baseline,hicp,growth,pct,FI,,,2025,1.891386117
baseline,hicp,growth,pct,FI,,,2026,1.450764265
baseline,hicp,growth,pct,FI,,,2027,1.652058855
historical,hicp,growth,pct,FI,,,2024,1.036473182
adverse,hicp,growth,pct,FR,,,2025,4.845225987
adverse,hicp,growth,pct,FR,,,2026,2.130096558
adverse,hicp,growth,pct,FR,,,2027,0.874380368
baseline,hicp,growth,pct,FR,,,2025,1.579749222
baseline,hicp,growth,pct,FR,,,2026,1.651050676
baseline,hicp,growth,pct,FR,,,2027,1.912082303
historical,hicp,growth,pct,FR,,,2024,2.364551779
adverse,hicp,growth,pct,GB,,,2025,4.591425478
adverse,hicp,growth,pct,GB,,,2026,2.530901615
adverse,hicp,growth,pct,GB,,,2027,1.481767916
baseline,hicp,growth,pct,GB,,,2025,2.000000000
baseline,hicp,growth,pct,GB,,,2026,2.000000000
baseline,hicp,growth,pct,GB,,,2027,2.000000000
historical,hicp,growth,pct,GB,,,2024,2.470000000
adverse,hicp,growth,pct,GR,,,2025,4.359180525
adverse,hicp,growth,pct,GR,,,2026,3.944016286
adverse,hicp,growth,pct,GR,,,2027,2.914794503
baseline,hicp,growth,pct,GR,,,2025,2.477957815
baseline,hicp,growth,pct,GR,,,2026,2.176963668
baseline,hicp,growth,pct,GR,,,2027,2.499416807
historical,hicp,growth,pct,GR,,,2024,2.971899685
adverse,hicp,growth,pct,HK,,,2025,3.169058244
adverse,hicp,growth,pct,HK,,,2026,2.883476236
adverse,hicp,growth,pct,HK,,,2027,2.500687261
baseline,hicp,growth,pct,HK,,,2025,2.421686530
baseline,hicp,growth,pct,HK,,,2026,2.421686530
baseline,hicp,growth,pct,HK,,,2027,2.500000000
historical,hicp,growth,pct,HK,,,2024,2.256220580
adverse,hicp,growth,pct,HR,,,2025,6.519136527
adverse,hicp,growth,pct,HR,,,2026,3.809649451
adverse,hicp,growth,pct,HR,,,2027,1.871729491
baseline,hicp,growth,pct,HR,,,2025,3.540227046
baseline,hicp,growth,pct,HR,,,2026,2.466012643
baseline,hicp,growth,pct,HR,,,2027,2.959716804
historical,hicp,growth,pct,HR,,,2024,4.011186681
adverse,hicp,growth,pct,HU,,,2025,6.002419943
adverse,hicp,growth,pct,HU,,,2026,4.972369042
adverse,hicp,growth,pct,HU,,,2027,3.194741624
baseline,hicp,growth,pct,HU,,,2025,3.012445104
baseline,hicp,growth,pct,HU,,,2026,2.971972223
baseline,hicp,growth,pct,HU,,,2027,2.978573303
historical,hicp,growth,pct,HU,,,2024,4.186733728
adverse,hicp,growth,pct,IE,,,2025,2.992453043
adverse,hicp,growth,pct,IE,,,2026,2.471407046
adverse,hicp,growth,pct,IE,,,2027,0.244556207
baseline,hicp,growth,pct,IE,,,2025,1.990004818
baseline,hicp,growth,pct,IE,,,2026,1.995539230
baseline,hicp,growth,pct,IE,,,2027,1.501473464
historical,hicp,growth,pct,IE,,,2024,1.372188428
adverse,hicp,growth,pct,IN,,,2025,6.682560407
adverse,hicp,growth,pct,IN,,,2026,5.528457011
adverse,hicp,growth,pct,IN,,,2027,3.987269995
baseline,hicp,growth,pct,IN,,,2025,4.163335578
baseline,hicp,growth,pct,IN,,,2026,4.091720000
baseline,hicp,growth,pct,IN,,,2027,4.000000000
historical,hicp,growth,pct,IN,,,2024,4.204307637
adverse,hicp,growth,pct,IT,,,2025,3.916344527
adverse,hicp,growth,pct,IT,,,2026,3.872582981
adverse,hicp,growth,pct,IT,,,2027,3.470328537
baseline,hicp,growth,pct,IT,,,2025,1.482579367
baseline,hicp,growth,pct,IT,,,2026,1.463546125
baseline,hicp,growth,pct,IT,,,2027,2.003771473
historical,hicp,growth,pct,IT,,,2024,1.095569489
adverse,hicp,growth,pct,JP,,,2025,5.368220465
adverse,hicp,growth,pct,JP,,,2026,2.565816726
adverse,hicp,growth,pct,JP,,,2027,0.512640895
baseline,hicp,growth,pct,JP,,,2025,1.773319486
baseline,hicp,growth,pct,JP,,,2026,1.980497108
baseline,hicp,growth,pct,JP,,,2027,2.017417244
historical,hicp,growth,pct,JP,,,2024,1.758964571
adverse,hicp,growth,pct,LA,,,2025,10.592969422
adverse,hicp,growth,pct,LA,,,2026,6.753206533
adverse,hicp,growth,pct,LA,,,2027,3.452905275
baseline,hicp,growth,pct,LA,,,2025,7.880451722
baseline,hicp,growth,pct,LA,,,2026,5.401449681
baseline,hicp,growth,pct,LA,,,2027,3.941825938
historical,hicp,growth,pct,LA,,,2024,19.446468618
adverse,hicp,growth,pct,LT,,,2025,3.526453599
adverse,hicp,growth,pct,LT,,,2026,2.136183980
adverse,hicp,growth,pct,LT,,,2027,2.196890764
baseline,hicp,growth,pct,LT,,,2025,2.340760932
baseline,hicp,growth,pct,LT,,,2026,2.566643053
baseline,hicp,growth,pct,LT,,,2027,2.645129073
historical,hicp,growth,pct,LT,,,2024,0.817059033
adverse,hicp,growth,pct,LU,,,2025,6.164516730
adverse,hicp,growth,pct,LU,,,2026,2.856834377
adverse,hicp,growth,pct,LU,,,2027,1.018517416
baseline,hicp,growth,pct,LU,,,2025,2.623844319
baseline,hicp,growth,pct,LU,,,2026,2.076545194
baseline,hicp,growth,pct,LU,,,2027,1.914310717
historical,hicp,growth,pct,LU,,,2024,2.292672599
adverse,hicp,growth,pct,LV,,,2025,3.689770224
adverse,hicp,growth,pct,LV,,,2026,2.474472178
adverse,hicp,growth,pct,LV,,,2027,1.652386635
baseline,hicp,growth,pct,LV,,,2025,1.367036844
baseline,hicp,growth,pct,LV,,,2026,1.494332417
baseline,hicp,growth,pct,LV,,,2027,2.120547274
historical,hicp,growth,pct,LV,,,2024,1.258877820
adverse,hicp,growth,pct,MT,,,2025,2.760477923
adverse,hicp,growth,pct,MT,,,2026,4.099564954
adverse,hicp,growth,pct,MT,,,2027,2.290048860
baseline,hicp,growth,pct,MT,,,2025,2.204432594
baseline,hicp,growth,pct,MT,,,2026,2.003595902
baseline,hicp,growth,pct,MT,,,2027,1.964540903
historical,hicp,growth,pct,MT,,,2024,2.476859728
adverse,hicp,growth,pct,MX,,,2025,7.339272032
adverse,hicp,growth,pct,MX,,,2026,3.694176706
adverse,hicp,growth,pct,MX,,,2027,-0.544906514
baseline,hicp,growth,pct,MX,,,2025,3.199970853
baseline,hicp,growth,pct,MX,,,2026,3.013154754
baseline,hicp,growth,pct,MX,,,2027,3.004377176
historical,hicp,growth,pct,MX,,,2024,4.499528063
adverse,hicp,growth,pct,NL,,,2025,4.663717170
adverse,hicp,growth,pct,NL,,,2026,4.224182341
adverse,hicp,growth,pct,NL,,,2027,2.370864148
baseline,hicp,growth,pct,NL,,,2025,3.208666451
baseline,hicp,growth,pct,NL,,,2026,2.828763779
baseline,hicp,growth,pct,NL,,,2027,2.769798612
historical,hicp,growth,pct,NL,,,2024,3.204710239
adverse,hicp,growth,pct,NO,,,2025,4.124470714
adverse,hicp,growth,pct,NO,,,2026,2.949226771
adverse,hicp,growth,pct,NO,,,2027,2.119301079
baseline,hicp,growth,pct,NO,,,2025,3.200000000
baseline,hicp,growth,pct,NO,,,2026,2.800000000
baseline,hicp,growth,pct,NO,,,2027,2.400000000
historical,hicp,growth,pct,NO,,,2024,3.200000000
adverse,hicp,growth,pct,PE,,,2025,4.491014160
adverse,hicp,growth,pct,PE,,,2026,3.595668376
adverse,hicp,growth,pct,PE,,,2027,2.451655359
baseline,hicp,growth,pct,PE,,,2025,2.017589497
baseline,hicp,growth,pct,PE,,,2026,2.017589497
baseline,hicp,growth,pct,PE,,,2027,2.017589497
historical,hicp,growth,pct,PE,,,2024,2.437540157
adverse,hicp,growth,pct,PL,,,2025,10.672405318
adverse,hicp,growth,pct,PL,,,2026,6.284164990
adverse,hicp,growth,pct,PL,,,2027,1.137369304
baseline,hicp,growth,pct,PL,,,2025,5.625841599
baseline,hicp,growth,pct,PL,,,2026,3.110199418
baseline,hicp,growth,pct,PL,,,2027,2.888802471
historical,hicp,growth,pct,PL,,,2024,3.742853275
adverse,hicp,growth,pct,PT,,,2025,3.795751026
adverse,hicp,growth,pct,PT,,,2026,1.362813384
adverse,hicp,growth,pct,PT,,,2027,1.388981163
baseline,hicp,growth,pct,PT,,,2025,2.124936959
baseline,hicp,growth,pct,PT,,,2026,2.020330564
baseline,hicp,growth,pct,PT,,,2027,1.976904227
historical,hicp,growth,pct,PT,,,2024,2.646195656
adverse,hicp,growth,pct,RO,,,2025,7.861814164
adverse,hicp,growth,pct,RO,,,2026,4.391733516
adverse,hicp,growth,pct,RO,,,2027,1.137095552
baseline,hicp,growth,pct,RO,,,2025,3.928485104
baseline,hicp,growth,pct,RO,,,2026,3.297171522
baseline,hicp,growth,pct,RO,,,2027,2.895393696
historical,hicp,growth,pct,RO,,,2024,5.522944356
adverse,hicp,growth,pct,RU,,,2025,6.131974358
adverse,hicp,growth,pct,RU,,,2026,4.626297231
adverse,hicp,growth,pct,RU,,,2027,4.161642535
baseline,hicp,growth,pct,RU,,,2025,4.783449926
baseline,hicp,growth,pct,RU,,,2026,4.000000000
baseline,hicp,growth,pct,RU,,,2027,4.000000000
historical,hicp,growth,pct,RU,,,2024,7.426203737
adverse,hicp,growth,pct,SE,,,2025,4.988971336
adverse,hicp,growth,pct,SE,,,2026,3.360910292
adverse,hicp,growth,pct,SE,,,2027,1.634896855
baseline,hicp,growth,pct,SE,,,2025,1.638112771
baseline,hicp,growth,pct,SE,,,2026,1.915264845
baseline,hicp,growth,pct,SE,,,2027,2.022465749
historical,hicp,growth,pct,SE,,,2024,1.744930376
adverse,hicp,growth,pct,SI,,,2025,4.964901791
adverse,hicp,growth,pct,SI,,,2026,1.644855478
adverse,hicp,growth,pct,SI,,,2027,1.091641403
baseline,hicp,growth,pct,SI,,,2025,2.150618375
baseline,hicp,growth,pct,SI,,,2026,2.236430910
baseline,hicp,growth,pct,SI,,,2027,2.076343987
historical,hicp,growth,pct,SI,,,2024,1.987318383
adverse,hicp,growth,pct,SK,,,2025,6.736594226
adverse,hicp,growth,pct,SK,,,2026,6.609219288
adverse,hicp,growth,pct,SK,,,2027,3.016416943
baseline,hicp,growth,pct,SK,,,2025,4.961806675
baseline,hicp,growth,pct,SK,,,2026,3.648954486
baseline,hicp,growth,pct,SK,,,2027,2.558922394
historical,hicp,growth,pct,SK,,,2024,3.193788954
adverse,hicp,growth,pct,TR,,,2025,29.622207002
adverse,hicp,growth,pct,TR,,,2026,18.153139298
adverse,hicp,growth,pct,TR,,,2027,12.603079575
baseline,hicp,growth,pct,TR,,,2025,24.000000000
baseline,hicp,growth,pct,TR,,,2026,17.202665253
baseline,hicp,growth,pct,TR,,,2027,15.270814951
historical,hicp,growth,pct,TR,,,2024,43.000000000
adverse,hicp,growth,pct,US,,,2025,5.662896221
adverse,hicp,growth,pct,US,,,2026,3.444495526
adverse,hicp,growth,pct,US,,,2027,1.815876411
baseline,hicp,growth,pct,US,,,2025,1.944986779
baseline,hicp,growth,pct,US,,,2026,2.094783604
baseline,hicp,growth,pct,US,,,2027,2.381047022
historical,hicp,growth,pct,US,,,2024,2.298871108
adverse,hicp,growth,pct,WR,,,2025,13.785829384
adverse,hicp,growth,pct,WR,,,2026,8.600676872
adverse,hicp,growth,pct,WR,,,2027,4.878721250
baseline,hicp,growth,pct,WR,,,2025,9.828486295
baseline,hicp,growth,pct,WR,,,2026,8.162291283
baseline,hicp,growth,pct,WR,,,2027,7.155838594
historical,hicp,growth,pct,WR,,,2024,13.568420936
adverse,itraxx,level,level,iTraxx Crossover 5y,,,2025,686.471258571
adverse,itraxx,level,level,iTraxx Crossover 5y,,,2026,589.721414860
adverse,itraxx,level,level,iTraxx Crossover 5y,,,2027,520.708481678
baseline,itraxx,level,level,iTraxx Crossover 5y,,,2025,321.898572545
baseline,itraxx,level,level,iTraxx Crossover 5y,,,2026,326.948778091
baseline,itraxx,level,level,iTraxx Crossover 5y,,,2027,331.310149655
historical,itraxx,level,level,iTraxx Crossover 5y,,,2024,306.891591339
adverse,itraxx,level,level,iTraxx Overall 5y,,,2025,240.108267877
adverse,itraxx,level,level,iTraxx Overall 5y,,,2026,198.004860829
adverse,itraxx,level,level,iTraxx Overall 5y,,,2027,168.379377124
baseline,itraxx,level,level,iTraxx Overall 5y,,,2025,71.238809316
baseline,itraxx,level,level,iTraxx Overall 5y,,,2026,76.289014863
baseline,itraxx,level,level,iTraxx Overall 5y,,,2027,80.650386426
historical,itraxx,level,level,iTraxx Overall 5y,,,2024,56.231828110
adverse,itraxx,level,level,iTraxx Sen-financials 5y,,,2025,285.874729738
adverse,itraxx,level,level,iTraxx Sen-financials 5y,,,2026,233.210525657
adverse,itraxx,level,level,iTraxx Sen-financials 5y,,,2027,195.973148387
baseline,itraxx,level,level,iTraxx Sen-financials 5y,,,2025,79.184286127
baseline,itraxx,level,level,iTraxx Sen-financials 5y,,,2026,84.234491674
baseline,itraxx,level,level,iTraxx Sen-financials 5y,,,2027,88.595863237
historical,itraxx,level,level,iTraxx Sen-financials 5y,,,2024,64.177304921
adverse,itraxx,level,level,iTraxx Sub-financials 5y,,,2025,544.163954059
adverse,itraxx,level,level,iTraxx Sub-financials 5y,,,2026,433.691990683
adverse,itraxx,level,level,iTraxx Sub-financials 5y,,,2027,354.788581048
baseline,itraxx,level,level,iTraxx Sub-financials 5y,,,2025,130.448757190
baseline,itraxx,level,level,iTraxx Sub-financials 5y,,,2026,135.498962737
baseline,itraxx,level,level,iTraxx Sub-financials 5y,,,2027,139.860334300
historical,itraxx,level,level,iTraxx Sub-financials 5y,,,2024,115.441775984
adverse,long_term_rate,level,pct,AO,,,2025,21.097704721
adverse,long_term_rate,level,pct,AO,,,2026,20.329607793
adverse,long_term_rate,level,pct,AO,,,2027,19.580231703
baseline,long_term_rate,level,pct,AO,,,2025,18.267704721
baseline,long_term_rate,level,pct,AO,,,2026,17.704123269
baseline,long_term_rate,level,pct,AO,,,2027,17.144482946
starting_point,long_term_rate,level,pct,AO,,,2024,21.000000000
starting_point_average,long_term_rate,level,pct,AO,,,2024,18.630000000
adverse,long_term_rate,level,pct,AS,,,2025,5.892303483
adverse,long_term_rate,level,pct,AS,,,2026,5.924776816
adverse,long_term_rate,level,pct,AS,,,2027,6.010067206
baseline,long_term_rate,level,pct,AS,,,2025,3.577303483
baseline,long_term_rate,level,pct,AS,,,2026,3.777074812
baseline,long_term_rate,level,pct,AS,,,2027,4.017573081
starting_point,long_term_rate,level,pct,AS,,,2024,4.022713276
starting_point_average,long_term_rate,level,pct,AS,,,2024,4.214103277
adverse,long_term_rate,level,pct,AT,,,2025,3.950758250
adverse,long_term_rate,level,pct,AT,,,2026,3.949158250
adverse,long_term_rate,level,pct,AT,,,2027,3.949718225
baseline,long_term_rate,level,pct,AT,,,2025,2.850758250
baseline,long_term_rate,level,pct,AT,,,2026,2.966308250
baseline,long_term_rate,level,pct,AT,,,2027,3.071541750
starting_point,long_term_rate,level,pct,AT,,,2024,2.631136364
starting_point_average,long_term_rate,level,pct,AT,,,2024,2.832816794
adverse,long_term_rate,level,pct,AU,,,2025,5.330000000
adverse,long_term_rate,level,pct,AU,,,2026,5.344724996
adverse,long_term_rate,level,pct,AU,,,2027,5.265612556
baseline,long_term_rate,level,pct,AU,,,2025,4.150000000
baseline,long_term_rate,level,pct,AU,,,2026,4.250000000
baseline,long_term_rate,level,pct,AU,,,2027,4.250000000
starting_point,long_term_rate,level,pct,AU,,,2024,4.323150000
starting_point_average,long_term_rate,level,pct,AU,,,2024,4.217696850
adverse,long_term_rate,level,pct,BE,,,2025,4.081058250
adverse,long_term_rate,level,pct,BE,,,2026,4.120791750
adverse,long_term_rate,level,pct,BE,,,2027,4.157826475
baseline,long_term_rate,level,pct,BE,,,2025,2.981058250
baseline,long_term_rate,level,pct,BE,,,2026,3.137941750
baseline,long_term_rate,level,pct,BE,,,2027,3.279650000
starting_point,long_term_rate,level,pct,BE,,,2024,2.818772727
starting_point_average,long_term_rate,level,pct,BE,,,2024,2.861500000
adverse,long_term_rate,level,pct,BG,,,2025,7.193463500
adverse,long_term_rate,level,pct,BG,,,2026,7.421078000
adverse,long_term_rate,level,pct,BG,,,2027,7.598120320
baseline,long_term_rate,level,pct,BG,,,2025,4.613463500
baseline,long_term_rate,level,pct,BG,,,2026,5.416418000
baseline,long_term_rate,level,pct,BG,,,2027,6.040499500
starting_point,long_term_rate,level,pct,BG,,,2024,3.850000000
starting_point_average,long_term_rate,level,pct,BG,,,2024,4.199479167
adverse,long_term_rate,level,pct,BR,,,2025,14.285361286
adverse,long_term_rate,level,pct,BR,,,2026,13.390190380
adverse,long_term_rate,level,pct,BR,,,2027,12.514628943
baseline,long_term_rate,level,pct,BR,,,2025,11.455361286
baseline,long_term_rate,level,pct,BR,,,2026,10.764705857
baseline,long_term_rate,level,pct,BR,,,2027,10.078880186
starting_point,long_term_rate,level,pct,BR,,,2024,14.215052632
starting_point_average,long_term_rate,level,pct,BR,,,2024,11.899345382
adverse,long_term_rate,level,pct,CA,,,2025,4.305295073
adverse,long_term_rate,level,pct,CA,,,2026,4.155617367
adverse,long_term_rate,level,pct,CA,,,2027,4.038723710
baseline,long_term_rate,level,pct,CA,,,2025,3.125295073
baseline,long_term_rate,level,pct,CA,,,2026,3.060892372
baseline,long_term_rate,level,pct,CA,,,2027,3.023111154
starting_point,long_term_rate,level,pct,CA,,,2024,3.168600000
starting_point_average,long_term_rate,level,pct,CA,,,2024,3.350976000
adverse,long_term_rate,level,pct,CH,,,2025,1.947833333
adverse,long_term_rate,level,pct,CH,,,2026,1.862558329
adverse,long_term_rate,level,pct,CH,,,2027,1.783445889
baseline,long_term_rate,level,pct,CH,,,2025,0.767833333
baseline,long_term_rate,level,pct,CH,,,2026,0.767833333
baseline,long_term_rate,level,pct,CH,,,2027,0.767833333
starting_point,long_term_rate,level,pct,CH,,,2024,0.255277778
starting_point_average,long_term_rate,level,pct,CH,,,2024,0.612883600
adverse,long_term_rate,level,pct,CL,,,2025,8.425598524
adverse,long_term_rate,level,pct,CL,,,2026,7.883718699
adverse,long_term_rate,level,pct,CL,,,2027,7.358977775
baseline,long_term_rate,level,pct,CL,,,2025,5.595598524
baseline,long_term_rate,level,pct,CL,,,2026,5.258234176
baseline,long_term_rate,level,pct,CL,,,2027,4.923229018
starting_point,long_term_rate,level,pct,CL,,,2024,5.768312500
starting_point_average,long_term_rate,level,pct,CL,,,2024,5.812471366
adverse,long_term_rate,level,pct,CN,,,2025,5.360148583
adverse,long_term_rate,level,pct,CN,,,2026,5.655633107
adverse,long_term_rate,level,pct,CN,,,2027,5.715897341
baseline,long_term_rate,level,pct,CN,,,2025,2.530148583
baseline,long_term_rate,level,pct,CN,,,2026,3.030148583
baseline,long_term_rate,level,pct,CN,,,2027,3.280148583
starting_point,long_term_rate,level,pct,CN,,,2024,1.809863636
starting_point_average,long_term_rate,level,pct,CN,,,2024,2.217314050
adverse,long_term_rate,level,pct,CO,,,2025,12.915235569
adverse,long_term_rate,level,pct,CO,,,2026,12.102670942
adverse,long_term_rate,level,pct,CO,,,2027,11.309138117
baseline,long_term_rate,level,pct,CO,,,2025,10.085235569
baseline,long_term_rate,level,pct,CO,,,2026,9.477186418
baseline,long_term_rate,level,pct,CO,,,2027,8.873389360
starting_point,long_term_rate,level,pct,CO,,,2024,11.219200000
starting_point_average,long_term_rate,level,pct,CO,,,2024,10.476116667
adverse,long_term_rate,level,pct,CY,,,2025,4.873246750
adverse,long_term_rate,level,pct,CY,,,2026,4.491246750
adverse,long_term_rate,level,pct,CY,,,2027,4.210148750
baseline,long_term_rate,level,pct,CY,,,2025,2.963246750
baseline,long_term_rate,level,pct,CY,,,2026,3.001446750
baseline,long_term_rate,level,pct,CY,,,2027,3.048104750
starting_point,long_term_rate,level,pct,CY,,,2024,2.934045455
starting_point_average,long_term_rate,level,pct,CY,,,2024,3.203854962
adverse,long_term_rate,level,pct,CZ,,,2025,4.734825166
adverse,long_term_rate,level,pct,CZ,,,2026,4.672874172
adverse,long_term_rate,level,pct,CZ,,,2027,4.745501499
baseline,long_term_rate,level,pct,CZ,,,2025,3.634825166
baseline,long_term_rate,level,pct,CZ,,,2026,3.690024172
baseline,long_term_rate,level,pct,CZ,,,2027,3.867325024
starting_point,long_term_rate,level,pct,CZ,,,2024,4.026277778
starting_point_average,long_term_rate,level,pct,CZ,,,2024,3.950536000
adverse,long_term_rate,level,pct,DE,,,2025,3.499850000
adverse,long_term_rate,level,pct,DE,,,2026,3.469425000
adverse,long_term_rate,level,pct,DE,,,2027,3.464384725
baseline,long_term_rate,level,pct,DE,,,2025,2.399850000
baseline,long_term_rate,level,pct,DE,,,2026,2.486575000
baseline,long_term_rate,level,pct,DE,,,2027,2.586208250
starting_point,long_term_rate,level,pct,DE,,,2024,2.223090909
starting_point_average,long_term_rate,level,pct,DE,,,2024,2.340596899
adverse,long_term_rate,level,pct,DK,,,2025,3.285458333
adverse,long_term_rate,level,pct,DK,,,2026,3.269575000
adverse,long_term_rate,level,pct,DK,,,2027,3.258751475
baseline,long_term_rate,level,pct,DK,,,2025,2.185458333
baseline,long_term_rate,level,pct,DK,,,2026,2.286725000
baseline,long_term_rate,level,pct,DK,,,2027,2.380575000
starting_point,long_term_rate,level,pct,DK,,,2024,1.965318182
starting_point_average,long_term_rate,level,pct,DK,,,2024,2.324728346
adverse,long_term_rate,level,pct,EA,,,2025,4.625737006
adverse,long_term_rate,level,pct,EA,,,2026,4.451699939
adverse,long_term_rate,level,pct,EA,,,2027,4.335236404
baseline,long_term_rate,level,pct,EA,,,2025,2.934573611
baseline,long_term_rate,level,pct,EA,,,2026,3.073777722
baseline,long_term_rate,level,pct,EA,,,2027,3.207663154
starting_point,long_term_rate,level,pct,EA,,,2024,2.733617904
starting_point_average,long_term_rate,level,pct,EA,,,2024,2.881805654
adverse,long_term_rate,level,pct,ES,,,2025,5.738466750
adverse,long_term_rate,level,pct,ES,,,2026,5.333568500
adverse,long_term_rate,level,pct,ES,,,2027,5.059254320
baseline,long_term_rate,level,pct,ES,,,2025,3.158466750
baseline,long_term_rate,level,pct,ES,,,2026,3.328908500
baseline,long_term_rate,level,pct,ES,,,2027,3.501633500
starting_point,long_term_rate,level,pct,ES,,,2024,2.907363636
starting_point_average,long_term_rate,level,pct,ES,,,2024,3.150759690
adverse,long_term_rate,level,pct,EU,,,2025,4.802255459
adverse,long_term_rate,level,pct,EU,,,2026,4.596931434
adverse,long_term_rate,level,pct,EU,,,2027,4.472111678
baseline,long_term_rate,level,pct,EU,,,2025,3.115939634
baseline,long_term_rate,level,pct,EU,,,2026,3.222473312
baseline,long_term_rate,level,pct,EU,,,2027,3.346964521
starting_point,long_term_rate,level,pct,EU,,,2024,2.956603143
starting_point_average,long_term_rate,level,pct,EU,,,2024,3.077696892
adverse,long_term_rate,level,pct,FI,,,2025,3.973458500
adverse,long_term_rate,level,pct,FI,,,2026,3.977458250
adverse,long_term_rate,level,pct,FI,,,2027,3.983259975
baseline,long_term_rate,level,pct,FI,,,2025,2.873458500
baseline,long_term_rate,level,pct,FI,,,2026,2.994608250
baseline,long_term_rate,level,pct,FI,,,2027,3.105083500
starting_point,long_term_rate,level,pct,FI,,,2024,2.604650000
starting_point_average,long_term_rate,level,pct,FI,,,2024,2.809671815
adverse,long_term_rate,level,pct,FR,,,2025,5.073633250
adverse,long_term_rate,level,pct,FR,,,2026,4.817616750
adverse,long_term_rate,level,pct,FR,,,2027,4.630602250
baseline,long_term_rate,level,pct,FR,,,2025,3.163633250
baseline,long_term_rate,level,pct,FR,,,2026,3.327816750
baseline,long_term_rate,level,pct,FR,,,2027,3.468558250
starting_point,long_term_rate,level,pct,FR,,,2024,3.024045455
starting_point_average,long_term_rate,level,pct,FR,,,2024,2.976145914
adverse,long_term_rate,level,pct,GB,,,2025,5.975000000
adverse,long_term_rate,level,pct,GB,,,2026,5.877419485
adverse,long_term_rate,level,pct,GB,,,2027,5.729239492
baseline,long_term_rate,level,pct,GB,,,2025,4.175000000
baseline,long_term_rate,level,pct,GB,,,2026,4.207500000
baseline,long_term_rate,level,pct,GB,,,2027,4.180000000
starting_point,long_term_rate,level,pct,GB,,,2024,4.428100000
starting_point_average,long_term_rate,level,pct,GB,,,2024,4.120941406
adverse,long_term_rate,level,pct,GR,,,2025,5.887716750
adverse,long_term_rate,level,pct,GR,,,2026,5.496310000
adverse,long_term_rate,level,pct,GR,,,2027,5.240895820
baseline,long_term_rate,level,pct,GR,,,2025,3.307716750
baseline,long_term_rate,level,pct,GR,,,2026,3.491650000
baseline,long_term_rate,level,pct,GR,,,2027,3.683275000
starting_point,long_term_rate,level,pct,GR,,,2024,3.105272727
starting_point_average,long_term_rate,level,pct,GR,,,2024,3.358202290
adverse,long_term_rate,level,pct,HK,,,2025,3.854762449
adverse,long_term_rate,level,pct,HK,,,2026,2.818431934
adverse,long_term_rate,level,pct,HK,,,2027,2.645668608
baseline,long_term_rate,level,pct,HK,,,2025,2.054762449
baseline,long_term_rate,level,pct,HK,,,2026,1.148512449
baseline,long_term_rate,level,pct,HK,,,2027,1.096429116
starting_point,long_term_rate,level,pct,HK,,,2024,3.514800000
starting_point_average,long_term_rate,level,pct,HK,,,2024,3.462287449
adverse,long_term_rate,level,pct,HR,,,2025,5.163246750
adverse,long_term_rate,level,pct,HR,,,2026,4.781246750
adverse,long_term_rate,level,pct,HR,,,2027,4.500148750
baseline,long_term_rate,level,pct,HR,,,2025,3.253246750
baseline,long_term_rate,level,pct,HR,,,2026,3.291446750
baseline,long_term_rate,level,pct,HR,,,2027,3.338104750
starting_point,long_term_rate,level,pct,HR,,,2024,3.009045455
starting_point_average,long_term_rate,level,pct,HR,,,2024,3.270252964
adverse,long_term_rate,level,pct,HU,,,2025,9.450000000
adverse,long_term_rate,level,pct,HU,,,2026,9.044660000
adverse,long_term_rate,level,pct,HU,,,2027,8.617620820
baseline,long_term_rate,level,pct,HU,,,2025,6.870000000
baseline,long_term_rate,level,pct,HU,,,2026,7.040000000
baseline,long_term_rate,level,pct,HU,,,2027,7.060000000
starting_point,long_term_rate,level,pct,HU,,,2024,6.516470588
starting_point_average,long_term_rate,level,pct,HU,,,2024,6.574367347
adverse,long_term_rate,level,pct,IE,,,2025,3.799708500
adverse,long_term_rate,level,pct,IE,,,2026,3.803258250
adverse,long_term_rate,level,pct,IE,,,2027,3.807742975
baseline,long_term_rate,level,pct,IE,,,2025,2.699708500
baseline,long_term_rate,level,pct,IE,,,2026,2.820408250
baseline,long_term_rate,level,pct,IE,,,2027,2.929566500
starting_point,long_term_rate,level,pct,IE,,,2024,2.340954545
starting_point_average,long_term_rate,level,pct,IE,,,2024,2.584606870
adverse,long_term_rate,level,pct,IN,,,2025,10.775057052
adverse,long_term_rate,level,pct,IN,,,2026,12.140618745
adverse,long_term_rate,level,pct,IN,,,2027,12.735921563
baseline,long_term_rate,level,pct,IN,,,2025,7.945057052
baseline,long_term_rate,level,pct,IN,,,2026,9.515134221
baseline,long_term_rate,level,pct,IN,,,2027,10.300172806
starting_point,long_term_rate,level,pct,IN,,,2024,6.743476190
starting_point_average,long_term_rate,level,pct,IN,,,2024,6.962708333
adverse,long_term_rate,level,pct,IT,,,2025,6.223816750
adverse,long_term_rate,level,pct,IT,,,2026,5.865009750
adverse,long_term_rate,level,pct,IT,,,2027,5.618229320
baseline,long_term_rate,level,pct,IT,,,2025,3.643816750
baseline,long_term_rate,level,pct,IT,,,2026,3.860349750
baseline,long_term_rate,level,pct,IT,,,2027,4.060608500
starting_point,long_term_rate,level,pct,IT,,,2024,3.369500000
starting_point_average,long_term_rate,level,pct,IT,,,2024,3.703414729
adverse,long_term_rate,level,pct,JP,,,2025,2.310216667
adverse,long_term_rate,level,pct,JP,,,2026,2.327899996
adverse,long_term_rate,level,pct,JP,,,2027,2.348854223
baseline,long_term_rate,level,pct,JP,,,2025,1.130216667
baseline,long_term_rate,level,pct,JP,,,2026,1.233175000
baseline,long_term_rate,level,pct,JP,,,2027,1.333241667
starting_point,long_term_rate,level,pct,JP,,,2024,1.066761905
starting_point_average,long_term_rate,level,pct,JP,,,2024,0.899493878
adverse,long_term_rate,level,pct,LA,,,2025,11.435539062
adverse,long_term_rate,level,pct,LA,,,2026,10.712186848
adverse,long_term_rate,level,pct,LA,,,2027,10.007242573
baseline,long_term_rate,level,pct,LA,,,2025,8.605539062
baseline,long_term_rate,level,pct,LA,,,2026,8.086702325
baseline,long_term_rate,level,pct,LA,,,2027,7.571493816
starting_point,long_term_rate,level,pct,LA,,,2024,9.607333026
starting_point_average,long_term_rate,level,pct,LA,,,2024,8.939070443
adverse,long_term_rate,level,pct,LT,,,2025,5.278246750
adverse,long_term_rate,level,pct,LT,,,2026,4.896246750
adverse,long_term_rate,level,pct,LT,,,2027,4.615148750
baseline,long_term_rate,level,pct,LT,,,2025,3.368246750
baseline,long_term_rate,level,pct,LT,,,2026,3.406446750
baseline,long_term_rate,level,pct,LT,,,2027,3.453104750
starting_point,long_term_rate,level,pct,LT,,,2024,3.195590909
starting_point_average,long_term_rate,level,pct,LT,,,2024,3.555027559
adverse,long_term_rate,level,pct,LU,,,2025,3.895246750
adverse,long_term_rate,level,pct,LU,,,2026,3.816296750
adverse,long_term_rate,level,pct,LU,,,2027,3.758281225
baseline,long_term_rate,level,pct,LU,,,2025,2.795246750
baseline,long_term_rate,level,pct,LU,,,2026,2.833446750
baseline,long_term_rate,level,pct,LU,,,2027,2.880104750
starting_point,long_term_rate,level,pct,LU,,,2024,2.801230000
starting_point_average,long_term_rate,level,pct,LU,,,2024,2.761716000
adverse,long_term_rate,level,pct,LV,,,2025,4.163246750
adverse,long_term_rate,level,pct,LV,,,2026,4.084296750
adverse,long_term_rate,level,pct,LV,,,2027,4.026281225
baseline,long_term_rate,level,pct,LV,,,2025,3.063246750
baseline,long_term_rate,level,pct,LV,,,2026,3.101446750
baseline,long_term_rate,level,pct,LV,,,2027,3.148104750
starting_point,long_term_rate,level,pct,LV,,,2024,3.069230000
starting_point_average,long_term_rate,level,pct,LV,,,2024,3.289339030
adverse,long_term_rate,level,pct,MO,,,2025,3.579245848
adverse,long_term_rate,level,pct,MO,,,2026,3.084423479
adverse,long_term_rate,level,pct,MO,,,2027,2.942781310
baseline,long_term_rate,level,pct,MO,,,2025,1.779245848
baseline,long_term_rate,level,pct,MO,,,2026,1.414503994
baseline,long_term_rate,level,pct,MO,,,2027,1.393541818
starting_point,long_term_rate,level,pct,MO,,,2024,1.938287329
starting_point_average,long_term_rate,level,pct,MO,,,2024,2.345737742
adverse,long_term_rate,level,pct,MT,,,2025,5.193246750
adverse,long_term_rate,level,pct,MT,,,2026,4.811246750
adverse,long_term_rate,level,pct,MT,,,2027,4.530148750
baseline,long_term_rate,level,pct,MT,,,2025,3.283246750
baseline,long_term_rate,level,pct,MT,,,2026,3.321446750
baseline,long_term_rate,level,pct,MT,,,2027,3.368104750
starting_point,long_term_rate,level,pct,MT,,,2024,3.062352941
starting_point_average,long_term_rate,level,pct,MT,,,2024,3.372822581
adverse,long_term_rate,level,pct,MX,,,2025,12.147860633
adverse,long_term_rate,level,pct,MX,,,2026,11.381561824
adverse,long_term_rate,level,pct,MX,,,2027,10.633971281
baseline,long_term_rate,level,pct,MX,,,2025,9.317860633
baseline,long_term_rate,level,pct,MX,,,2026,8.756077301
baseline,long_term_rate,level,pct,MX,,,2027,8.198222523
starting_point,long_term_rate,level,pct,MX,,,2024,10.212100000
starting_point_average,long_term_rate,level,pct,MX,,,2024,9.679000000
adverse,long_term_rate,level,pct,MZ,,,2025,18.197704721
adverse,long_term_rate,level,pct,MZ,,,2026,17.429607793
adverse,long_term_rate,level,pct,MZ,,,2027,16.680231703
baseline,long_term_rate,level,pct,MZ,,,2025,15.367704721
baseline,long_term_rate,level,pct,MZ,,,2026,14.804123269
baseline,long_term_rate,level,pct,MZ,,,2027,14.244482946
starting_point,long_term_rate,level,pct,MZ,,,2024,15.730000000
starting_point_average,long_term_rate,level,pct,MZ,,,2024,15.730000000
adverse,long_term_rate,level,pct,NL,,,2025,3.732591500
adverse,long_term_rate,level,pct,NL,,,2026,3.719050000
adverse,long_term_rate,level,pct,NL,,,2027,3.704501725
baseline,long_term_rate,level,pct,NL,,,2025,2.632591500
baseline,long_term_rate,level,pct,NL,,,2026,2.736200000
baseline,long_term_rate,level,pct,NL,,,2027,2.826325250
starting_point,long_term_rate,level,pct,NL,,,2024,2.436150000
starting_point_average,long_term_rate,level,pct,NL,,,2024,2.621800781
adverse,long_term_rate,level,pct,NO,,,2025,4.335000000
adverse,long_term_rate,level,pct,NO,,,2026,3.899724996
adverse,long_term_rate,level,pct,NO,,,2027,3.645612556
baseline,long_term_rate,level,pct,NO,,,2025,3.155000000
baseline,long_term_rate,level,pct,NO,,,2026,2.805000000
baseline,long_term_rate,level,pct,NO,,,2027,2.630000000
starting_point,long_term_rate,level,pct,NO,,,2024,3.664944444
starting_point_average,long_term_rate,level,pct,NO,,,2024,3.614340000
adverse,long_term_rate,level,pct,NZ,,,2025,5.797500000
adverse,long_term_rate,level,pct,NZ,,,2026,5.524724996
adverse,long_term_rate,level,pct,NZ,,,2027,5.289362556
baseline,long_term_rate,level,pct,NZ,,,2025,4.617500000
baseline,long_term_rate,level,pct,NZ,,,2026,4.430000000
baseline,long_term_rate,level,pct,NZ,,,2027,4.273750000
starting_point,long_term_rate,level,pct,NZ,,,2024,4.417454545
starting_point_average,long_term_rate,level,pct,NZ,,,2024,4.531785441
adverse,long_term_rate,level,pct,PE,,,2025,9.403639297
adverse,long_term_rate,level,pct,PE,,,2026,8.802792395
adverse,long_term_rate,level,pct,PE,,,2027,8.219496751
baseline,long_term_rate,level,pct,PE,,,2025,6.573639297
baseline,long_term_rate,level,pct,PE,,,2026,6.177307871
baseline,long_term_rate,level,pct,PE,,,2027,5.783747994
starting_point,long_term_rate,level,pct,PE,,,2024,6.622000000
starting_point_average,long_term_rate,level,pct,PE,,,2024,6.828418803
adverse,long_term_rate,level,pct,PL,,,2025,7.604542741
adverse,long_term_rate,level,pct,PL,,,2026,7.015915651
adverse,long_term_rate,level,pct,PL,,,2027,6.768781545
baseline,long_term_rate,level,pct,PL,,,2025,5.694542741
baseline,long_term_rate,level,pct,PL,,,2026,5.526115651
baseline,long_term_rate,level,pct,PL,,,2027,5.606737545
starting_point,long_term_rate,level,pct,PL,,,2024,5.749000000
starting_point_average,long_term_rate,level,pct,PL,,,2024,5.543622490
adverse,long_term_rate,level,pct,PT,,,2025,4.774483500
adverse,long_term_rate,level,pct,PT,,,2026,4.530408250
adverse,long_term_rate,level,pct,PT,,,2027,4.387960500
baseline,long_term_rate,level,pct,PT,,,2025,2.864483500
baseline,long_term_rate,level,pct,PT,,,2026,3.040608250
baseline,long_term_rate,level,pct,PT,,,2027,3.225916500
starting_point,long_term_rate,level,pct,PT,,,2024,2.683363636
starting_point_average,long_term_rate,level,pct,PT,,,2024,2.959618321
adverse,long_term_rate,level,pct,RO,,,2025,9.205000000
adverse,long_term_rate,level,pct,RO,,,2026,7.982160000
adverse,long_term_rate,level,pct,RO,,,2027,7.477620820
baseline,long_term_rate,level,pct,RO,,,2025,6.625000000
baseline,long_term_rate,level,pct,RO,,,2026,5.977500000
baseline,long_term_rate,level,pct,RO,,,2027,5.920000000
starting_point,long_term_rate,level,pct,RO,,,2024,7.343500000
starting_point_average,long_term_rate,level,pct,RO,,,2024,6.806403162
adverse,long_term_rate,level,pct,RU,,,2025,16.887206829
adverse,long_term_rate,level,pct,RU,,,2026,17.511246463
adverse,long_term_rate,level,pct,RU,,,2027,16.756460569
baseline,long_term_rate,level,pct,RU,,,2025,14.057206829
baseline,long_term_rate,level,pct,RU,,,2026,14.885761939
baseline,long_term_rate,level,pct,RU,,,2027,14.320711812
starting_point,long_term_rate,level,pct,RU,,,2024,15.890000000
starting_point_average,long_term_rate,level,pct,RU,,,2024,14.519166667
adverse,long_term_rate,level,pct,SE,,,2025,3.100000000
adverse,long_term_rate,level,pct,SE,,,2026,2.882850000
adverse,long_term_rate,level,pct,SE,,,2027,2.778176475
baseline,long_term_rate,level,pct,SE,,,2025,2.000000000
baseline,long_term_rate,level,pct,SE,,,2026,1.900000000
baseline,long_term_rate,level,pct,SE,,,2027,1.900000000
starting_point,long_term_rate,level,pct,SE,,,2024,2.148590909
starting_point_average,long_term_rate,level,pct,SE,,,2024,2.202325670
adverse,long_term_rate,level,pct,SI,,,2025,4.228450000
adverse,long_term_rate,level,pct,SI,,,2026,4.301008500
adverse,long_term_rate,level,pct,SI,,,2027,4.374359725
baseline,long_term_rate,level,pct,SI,,,2025,3.128450000
baseline,long_term_rate,level,pct,SI,,,2026,3.318158500
baseline,long_term_rate,level,pct,SI,,,2027,3.496183250
starting_point,long_term_rate,level,pct,SI,,,2024,2.917045455
starting_point_average,long_term_rate,level,pct,SI,,,2024,3.054620553
adverse,long_term_rate,level,pct,SK,,,2025,5.236246750
adverse,long_term_rate,level,pct,SK,,,2026,4.854246750
adverse,long_term_rate,level,pct,SK,,,2027,4.573148750
baseline,long_term_rate,level,pct,SK,,,2025,3.326246750
baseline,long_term_rate,level,pct,SK,,,2026,3.364446750
baseline,long_term_rate,level,pct,SK,,,2027,3.411104750
starting_point,long_term_rate,level,pct,SK,,,2024,3.127238095
starting_point_average,long_term_rate,level,pct,SK,,,2024,3.408885827
adverse,long_term_rate,level,pct,TR,,,2025,36.698722157
adverse,long_term_rate,level,pct,TR,,,2026,22.757758890
adverse,long_term_rate,level,pct,TR,,,2027,19.294611107
baseline,long_term_rate,level,pct,TR,,,2025,33.868722157
baseline,long_term_rate,level,pct,TR,,,2026,20.132274367
baseline,long_term_rate,level,pct,TR,,,2027,16.858862350
starting_point,long_term_rate,level,pct,TR,,,2024,29.905000000
starting_point_average,long_term_rate,level,pct,TR,,,2024,41.614505893
adverse,long_term_rate,level,pct,UA,,,2025,10.863330729
adverse,long_term_rate,level,pct,UA,,,2026,10.225092818
adverse,long_term_rate,level,pct,UA,,,2027,9.730372792
baseline,long_term_rate,level,pct,UA,,,2025,8.033330729
baseline,long_term_rate,level,pct,UA,,,2026,7.599608294
baseline,long_term_rate,level,pct,UA,,,2027,7.294624034
starting_point,long_term_rate,level,pct,UA,,,2024,8.861022427
starting_point_average,long_term_rate,level,pct,UA,,,2024,8.861022427
adverse,long_term_rate,level,pct,US,,,2025,5.717941667
adverse,long_term_rate,level,pct,US,,,2026,5.696824996
adverse,long_term_rate,level,pct,US,,,2027,5.747895889
baseline,long_term_rate,level,pct,US,,,2025,4.537941667
baseline,long_term_rate,level,pct,US,,,2026,4.602100000
baseline,long_term_rate,level,pct,US,,,2027,4.732283333
starting_point,long_term_rate,level,pct,US,,,2024,4.394476190
starting_point_average,long_term_rate,level,pct,US,,,2024,4.208084000
adverse,long_term_rate,level,pct,WR,,,2025,7.367941667
adverse,long_term_rate,level,pct,WR,,,2026,7.227584524
adverse,long_term_rate,level,pct,WR,,,2027,7.168032091
baseline,long_term_rate,level,pct,WR,,,2025,4.537941667
baseline,long_term_rate,level,pct,WR,,,2026,4.602100000
baseline,long_term_rate,level,pct,WR,,,2027,4.732283333
starting_point,long_term_rate,level,pct,WR,,,2024,4.394476190
starting_point_average,long_term_rate,level,pct,WR,,,2024,4.208084000
adverse,long_term_rate,level,pct,ZA,,,2025,12.177684641
adverse,long_term_rate,level,pct,ZA,,,2026,11.409587712
adverse,long_term_rate,level,pct,ZA,,,2027,10.660211623
baseline,long_term_rate,level,pct,ZA,,,2025,9.347684641
baseline,long_term_rate,level,pct,ZA,,,2026,8.784103189
baseline,long_term_rate,level,pct,ZA,,,2027,8.224462866
starting_point,long_term_rate,level,pct,ZA,,,2024,8.990263158
starting_point_average,long_term_rate,level,pct,ZA,,,2024,9.709979920
adverse,real_gdp,growth,pct,AS,,,2025,-2.315373300
adverse,real_gdp,growth,pct,AS,,,2026,0.911711412
adverse,real_gdp,growth,pct,AS,,,2027,3.084272400
baseline,real_gdp,growth,pct,AS,,,2025,4.795603198
baseline,real_gdp,growth,pct,AS,,,2026,4.681184643
baseline,real_gdp,growth,pct,AS,,,2027,4.419567897
historical,real_gdp,growth,pct,AS,,,2024,5.123604178
adverse,real_gdp,growth,pct,AT,,,2025,-3.090037092
adverse,real_gdp,growth,pct,AT,,,2026,-3.826695637
adverse,real_gdp,growth,pct,AT,,,2027,1.190879505
baseline,real_gdp,growth,pct,AT,,,2025,1.059979202
baseline,real_gdp,growth,pct,AT,,,2026,1.648739770
baseline,real_gdp,growth,pct,AT,,,2027,1.342640844
historical,real_gdp,growth,pct,AT,,,2024,-0.531854775
adverse,real_gdp,growth,pct,AU,,,2025,-4.430491039
adverse,real_gdp,growth,pct,AU,,,2026,-2.145479119
adverse,real_gdp,growth,pct,AU,,,2027,1.029382147
baseline,real_gdp,growth,pct,AU,,,2025,2.117580405
baseline,real_gdp,growth,pct,AU,,,2026,2.240451989
baseline,real_gdp,growth,pct,AU,,,2027,2.204405124
historical,real_gdp,growth,pct,AU,,,2024,1.231053389
adverse,real_gdp,growth,pct,BE,,,2025,-1.130272614
adverse,real_gdp,growth,pct,BE,,,2026,-3.674906899
adverse,real_gdp,growth,pct,BE,,,2027,-0.671822679
baseline,real_gdp,growth,pct,BE,,,2025,1.163480069
baseline,real_gdp,growth,pct,BE,,,2026,1.378399585
baseline,real_gdp,growth,pct,BE,,,2027,1.238314823
historical,real_gdp,growth,pct,BE,,,2024,1.028151658
adverse,real_gdp,growth,pct,BG,,,2025,-3.877553929
adverse,real_gdp,growth,pct,BG,,,2026,-3.602084863
adverse,real_gdp,growth,pct,BG,,,2027,2.030355966
baseline,real_gdp,growth,pct,BG,,,2025,2.732299520
baseline,real_gdp,growth,pct,BG,,,2026,3.412336945
baseline,real_gdp,growth,pct,BG,,,2027,2.694669746
historical,real_gdp,growth,pct,BG,,,2024,2.237084045
adverse,real_gdp,growth,pct,BR,,,2025,-3.295851588
adverse,real_gdp,growth,pct,BR,,,2026,-0.616365117
adverse,real_gdp,growth,pct,BR,,,2027,0.976824586
baseline,real_gdp,growth,pct,BR,,,2025,2.162351068
baseline,real_gdp,growth,pct,BR,,,2026,2.254182233
baseline,real_gdp,growth,pct,BR,,,2027,2.350698471
historical,real_gdp,growth,pct,BR,,,2024,3.044442972
adverse,real_gdp,growth,pct,CA,,,2025,-6.539630467
adverse,real_gdp,growth,pct,CA,,,2026,-5.105416329
adverse,real_gdp,growth,pct,CA,,,2027,2.144004980
baseline,real_gdp,growth,pct,CA,,,2025,2.392837469
baseline,real_gdp,growth,pct,CA,,,2026,1.973904770
baseline,real_gdp,growth,pct,CA,,,2027,1.816296567
historical,real_gdp,growth,pct,CA,,,2024,1.344307565
adverse,real_gdp,growth,pct,CH,,,2025,-5.112981010
adverse,real_gdp,growth,pct,CH,,,2026,-4.193491781
adverse,real_gdp,growth,pct,CH,,,2027,-1.139245173
baseline,real_gdp,growth,pct,CH,,,2025,1.335453060
baseline,real_gdp,growth,pct,CH,,,2026,1.800000000
baseline,real_gdp,growth,pct,CH,,,2027,1.200000000
historical,real_gdp,growth,pct,CH,,,2024,1.340781762
adverse,real_gdp,growth,pct,CL,,,2025,-5.100106261
adverse,real_gdp,growth,pct,CL,,,2026,-0.207723537
adverse,real_gdp,growth,pct,CL,,,2027,2.056565526
baseline,real_gdp,growth,pct,CL,,,2025,2.379453852
baseline,real_gdp,growth,pct,CL,,,2026,2.464604339
baseline,real_gdp,growth,pct,CL,,,2027,2.388368923
historical,real_gdp,growth,pct,CL,,,2024,2.462326483
adverse,real_gdp,growth,pct,CN,,,2025,-2.573977197
adverse,real_gdp,growth,pct,CN,,,2026,-0.025168741
adverse,real_gdp,growth,pct,CN,,,2027,1.591960392
baseline,real_gdp,growth,pct,CN,,,2025,4.483986854
baseline,real_gdp,growth,pct,CN,,,2026,4.100621294
baseline,real_gdp,growth,pct,CN,,,2027,3.575941849
historical,real_gdp,growth,pct,CN,,,2024,4.823805797
adverse,real_gdp,growth,pct,CO,,,2025,-4.057483075
adverse,real_gdp,growth,pct,CO,,,2026,-0.120828929
adverse,real_gdp,growth,pct,CO,,,2027,1.561967588
baseline,real_gdp,growth,pct,CO,,,2025,2.484310978
baseline,real_gdp,growth,pct,CO,,,2026,2.800000000
baseline,real_gdp,growth,pct,CO,,,2027,3.000000000
historical,real_gdp,growth,pct,CO,,,2024,1.643934232
adverse,real_gdp,growth,pct,CY,,,2025,-2.504239650
adverse,real_gdp,growth,pct,CY,,,2026,-4.746450419
adverse,real_gdp,growth,pct,CY,,,2027,0.735890778
baseline,real_gdp,growth,pct,CY,,,2025,3.043505115
baseline,real_gdp,growth,pct,CY,,,2026,3.126546149
baseline,real_gdp,growth,pct,CY,,,2027,3.041511672
historical,real_gdp,growth,pct,CY,,,2024,3.736170253
adverse,real_gdp,growth,pct,CZ,,,2025,-3.100792343
adverse,real_gdp,growth,pct,CZ,,,2026,-5.494536221
adverse,real_gdp,growth,pct,CZ,,,2027,0.565661069
baseline,real_gdp,growth,pct,CZ,,,2025,2.440216907
baseline,real_gdp,growth,pct,CZ,,,2026,2.443028493
baseline,real_gdp,growth,pct,CZ,,,2027,2.388400315
historical,real_gdp,growth,pct,CZ,,,2024,1.016313776
adverse,real_gdp,growth,pct,DE,,,2025,-3.631797568
adverse,real_gdp,growth,pct,DE,,,2026,-4.242038465
adverse,real_gdp,growth,pct,DE,,,2027,0.255224223
baseline,real_gdp,growth,pct,DE,,,2025,0.164144381
baseline,real_gdp,growth,pct,DE,,,2026,0.841830977
baseline,real_gdp,growth,pct,DE,,,2027,0.921364300
historical,real_gdp,growth,pct,DE,,,2024,-0.157448245
adverse,real_gdp,growth,pct,DK,,,2025,-2.947257703
adverse,real_gdp,growth,pct,DK,,,2026,-4.470077993
adverse,real_gdp,growth,pct,DK,,,2027,1.506821519
baseline,real_gdp,growth,pct,DK,,,2025,2.346030546
baseline,real_gdp,growth,pct,DK,,,2026,1.464121646
baseline,real_gdp,growth,pct,DK,,,2027,1.383851647
historical,real_gdp,growth,pct,DK,,,2024,2.142960971
adverse,real_gdp,growth,pct,EA,,,2025,-2.266971709
adverse,real_gdp,growth,pct,EA,,,2026,-4.012556704
adverse,real_gdp,growth,pct,EA,,,2027,-0.042917422
baseline,real_gdp,growth,pct,EA,,,2025,1.120094938
baseline,real_gdp,growth,pct,EA,,,2026,1.439731544
baseline,real_gdp,growth,pct,EA,,,2027,1.330946571
historical,real_gdp,growth,pct,EA,,,2024,0.733249724
adverse,real_gdp,growth,pct,EE,,,2025,-4.986996176
adverse,real_gdp,growth,pct,EE,,,2026,-4.382498510
adverse,real_gdp,growth,pct,EE,,,2027,0.922966081
baseline,real_gdp,growth,pct,EE,,,2025,1.607558965
baseline,real_gdp,growth,pct,EE,,,2026,2.899955645
baseline,real_gdp,growth,pct,EE,,,2027,2.938424756
historical,real_gdp,growth,pct,EE,,,2024,-0.724541596
adverse,real_gdp,growth,pct,ES,,,2025,-2.467892852
adverse,real_gdp,growth,pct,ES,,,2026,-3.543063143
adverse,real_gdp,growth,pct,ES,,,2027,1.956059953
baseline,real_gdp,growth,pct,ES,,,2025,2.510719994
baseline,real_gdp,growth,pct,ES,,,2026,1.927664301
baseline,real_gdp,growth,pct,ES,,,2027,1.744350893
historical,real_gdp,growth,pct,ES,,,2024,3.075933323
adverse,real_gdp,growth,pct,EU,,,2025,-2.284638961
adverse,real_gdp,growth,pct,EU,,,2026,-4.150326927
adverse,real_gdp,growth,pct,EU,,,2027,0.013142685
baseline,real_gdp,growth,pct,EU,,,2025,1.363409805
baseline,real_gdp,growth,pct,EU,,,2026,1.640114939
baseline,real_gdp,growth,pct,EU,,,2027,1.469312832
historical,real_gdp,growth,pct,EU,,,2024,0.875712656
adverse,real_gdp,growth,pct,FI,,,2025,-4.221901934
adverse,real_gdp,growth,pct,FI,,,2026,-2.761151033
adverse,real_gdp,growth,pct,FI,,,2027,-0.456104950
baseline,real_gdp,growth,pct,FI,,,2025,0.776985546
baseline,real_gdp,growth,pct,FI,,,2026,1.842505518
baseline,real_gdp,growth,pct,FI,,,2027,1.332898268
historical,real_gdp,growth,pct,FI,,,2024,-0.508915050
adverse,real_gdp,growth,pct,FR,,,2025,-1.276452982
adverse,real_gdp,growth,pct,FR,,,2026,-3.935684356
adverse,real_gdp,growth,pct,FR,,,2027,-0.730646977
baseline,real_gdp,growth,pct,FR,,,2025,0.893288585
baseline,real_gdp,growth,pct,FR,,,2026,1.262637110
baseline,real_gdp,growth,pct,FR,,,2027,1.254289832
historical,real_gdp,growth,pct,FR,,,2024,1.117070205
adverse,real_gdp,growth,pct,GB,,,2025,-4.464817590
adverse,real_gdp,growth,pct,GB,,,2026,-4.527287773
adverse,real_gdp,growth,pct,GB,,,2027,-1.313012883
baseline,real_gdp,growth,pct,GB,,,2025,1.483647653
baseline,real_gdp,growth,pct,GB,,,2026,1.537819813
baseline,real_gdp,growth,pct,GB,,,2027,1.456410704
historical,real_gdp,growth,pct,GB,,,2024,1.082981892
adverse,real_gdp,growth,pct,GR,,,2025,-1.433256624
adverse,real_gdp,growth,pct,GR,,,2026,-4.264381283
adverse,real_gdp,growth,pct,GR,,,2027,-0.501773023
baseline,real_gdp,growth,pct,GR,,,2025,2.500000000
baseline,real_gdp,growth,pct,GR,,,2026,2.300000000
baseline,real_gdp,growth,pct,GR,,,2027,2.000000000
historical,real_gdp,growth,pct,GR,,,2024,2.300000000
adverse,real_gdp,growth,pct,HK,,,2025,-3.076782108
adverse,real_gdp,growth,pct,HK,,,2026,-1.691248006
adverse,real_gdp,growth,pct,HK,,,2027,1.982490200
baseline,real_gdp,growth,pct,HK,,,2025,2.975926713
baseline,real_gdp,growth,pct,HK,,,2026,2.857590794
baseline,real_gdp,growth,pct,HK,,,2027,2.684553690
historical,real_gdp,growth,pct,HK,,,2024,3.214198793
adverse,real_gdp,growth,pct,HR,,,2025,-0.989846041
adverse,real_gdp,growth,pct,HR,,,2026,-4.370012389
adverse,real_gdp,growth,pct,HR,,,2027,1.092559893
baseline,real_gdp,growth,pct,HR,,,2025,3.344445546
baseline,real_gdp,growth,pct,HR,,,2026,3.038472206
baseline,real_gdp,growth,pct,HR,,,2027,2.318062761
historical,real_gdp,growth,pct,HR,,,2024,3.748163888
adverse,real_gdp,growth,pct,HU,,,2025,-1.658816141
adverse,real_gdp,growth,pct,HU,,,2026,-4.791110123
adverse,real_gdp,growth,pct,HU,,,2027,1.312242667
baseline,real_gdp,growth,pct,HU,,,2025,3.166592111
baseline,real_gdp,growth,pct,HU,,,2026,4.038705150
baseline,real_gdp,growth,pct,HU,,,2027,3.027697027
historical,real_gdp,growth,pct,HU,,,2024,1.357152290
adverse,real_gdp,growth,pct,IE,,,2025,-0.673110763
adverse,real_gdp,growth,pct,IE,,,2026,-3.655355154
adverse,real_gdp,growth,pct,IE,,,2027,0.397105567
baseline,real_gdp,growth,pct,IE,,,2025,4.044232254
baseline,real_gdp,growth,pct,IE,,,2026,4.479646780
baseline,real_gdp,growth,pct,IE,,,2027,3.668832851
historical,real_gdp,growth,pct,IE,,,2024,-1.323216779
adverse,real_gdp,growth,pct,IN,,,2025,-0.901902914
adverse,real_gdp,growth,pct,IN,,,2026,2.652784115
adverse,real_gdp,growth,pct,IN,,,2027,4.316956907
baseline,real_gdp,growth,pct,IN,,,2025,6.460613641
baseline,real_gdp,growth,pct,IN,,,2026,6.470235756
baseline,real_gdp,growth,pct,IN,,,2027,6.479702983
historical,real_gdp,growth,pct,IN,,,2024,7.020534894
adverse,real_gdp,growth,pct,IT,,,2025,-1.591743082
adverse,real_gdp,growth,pct,IT,,,2026,-4.384653772
adverse,real_gdp,growth,pct,IT,,,2027,-1.537163419
baseline,real_gdp,growth,pct,IT,,,2025,0.776861251
baseline,real_gdp,growth,pct,IT,,,2026,1.094846162
baseline,real_gdp,growth,pct,IT,,,2027,0.906551814
historical,real_gdp,growth,pct,IT,,,2024,0.451792485
adverse,real_gdp,growth,pct,JP,,,2025,-5.437288621
adverse,real_gdp,growth,pct,JP,,,2026,-3.360054338
adverse,real_gdp,growth,pct,JP,,,2027,0.049312088
baseline,real_gdp,growth,pct,JP,,,2025,1.136660206
baseline,real_gdp,growth,pct,JP,,,2026,0.840759323
baseline,real_gdp,growth,pct,JP,,,2027,0.646982377
historical,real_gdp,growth,pct,JP,,,2024,0.321509785
adverse,real_gdp,growth,pct,LA,,,2025,-2.714603202
adverse,real_gdp,growth,pct,LA,,,2026,-0.592508889
adverse,real_gdp,growth,pct,LA,,,2027,0.903075981
baseline,real_gdp,growth,pct,LA,,,2025,2.301197888
baseline,real_gdp,growth,pct,LA,,,2026,2.513726618
baseline,real_gdp,growth,pct,LA,,,2027,2.557487679
historical,real_gdp,growth,pct,LA,,,2024,1.691670012
adverse,real_gdp,growth,pct,LT,,,2025,-0.996898179
adverse,real_gdp,growth,pct,LT,,,2026,-4.378662414
adverse,real_gdp,growth,pct,LT,,,2027,1.124057102
baseline,real_gdp,growth,pct,LT,,,2025,3.108685048
baseline,real_gdp,growth,pct,LT,,,2026,3.144005198
baseline,real_gdp,growth,pct,LT,,,2027,3.022330286
historical,real_gdp,growth,pct,LT,,,2024,2.427369540
adverse,real_gdp,growth,pct,LU,,,2025,-2.161243994
adverse,real_gdp,growth,pct,LU,,,2026,-4.000360554
adverse,real_gdp,growth,pct,LU,,,2027,0.997678942
baseline,real_gdp,growth,pct,LU,,,2025,1.979252853
baseline,real_gdp,growth,pct,LU,,,2026,2.495518349
baseline,real_gdp,growth,pct,LU,,,2027,2.511325764
historical,real_gdp,growth,pct,LU,,,2024,1.315654393
adverse,real_gdp,growth,pct,LV,,,2025,-2.739566506
adverse,real_gdp,growth,pct,LV,,,2026,-3.919285980
adverse,real_gdp,growth,pct,LV,,,2027,0.754607269
baseline,real_gdp,growth,pct,LV,,,2025,2.080402888
baseline,real_gdp,growth,pct,LV,,,2026,2.972860595
baseline,real_gdp,growth,pct,LV,,,2027,3.251947555
historical,real_gdp,growth,pct,LV,,,2024,0.115691938
adverse,real_gdp,growth,pct,MT,,,2025,-1.834253865
adverse,real_gdp,growth,pct,MT,,,2026,-4.664142440
adverse,real_gdp,growth,pct,MT,,,2027,1.612698983
baseline,real_gdp,growth,pct,MT,,,2025,3.857567330
baseline,real_gdp,growth,pct,MT,,,2026,3.640411738
baseline,real_gdp,growth,pct,MT,,,2027,3.357673604
historical,real_gdp,growth,pct,MT,,,2024,4.945384479
adverse,real_gdp,growth,pct,MX,,,2025,-4.693182561
adverse,real_gdp,growth,pct,MX,,,2026,-2.202955714
adverse,real_gdp,growth,pct,MX,,,2027,-0.083394304
baseline,real_gdp,growth,pct,MX,,,2025,1.348044528
baseline,real_gdp,growth,pct,MX,,,2026,1.998356451
baseline,real_gdp,growth,pct,MX,,,2027,2.271931711
historical,real_gdp,growth,pct,MX,,,2024,1.450740413
adverse,real_gdp,growth,pct,NL,,,2025,-1.623745404
adverse,real_gdp,growth,pct,NL,,,2026,-3.951538668
adverse,real_gdp,growth,pct,NL,,,2027,0.000206186
baseline,real_gdp,growth,pct,NL,,,2025,1.526806100
baseline,real_gdp,growth,pct,NL,,,2026,1.454246584
baseline,real_gdp,growth,pct,NL,,,2027,1.205446379
historical,real_gdp,growth,pct,NL,,,2024,0.949041450
adverse,real_gdp,growth,pct,NO,,,2025,-3.037158452
adverse,real_gdp,growth,pct,NO,,,2026,-1.109805267
adverse,real_gdp,growth,pct,NO,,,2027,-0.145745167
baseline,real_gdp,growth,pct,NO,,,2025,1.800000000
baseline,real_gdp,growth,pct,NO,,,2026,0.500000000
baseline,real_gdp,growth,pct,NO,,,2027,0.500000000
historical,real_gdp,growth,pct,NO,,,2024,1.600000000
adverse,real_gdp,growth,pct,PE,,,2025,-3.929473302
adverse,real_gdp,growth,pct,PE,,,2026,-0.584342894
adverse,real_gdp,growth,pct,PE,,,2027,0.881948992
baseline,real_gdp,growth,pct,PE,,,2025,2.621049035
baseline,real_gdp,growth,pct,PE,,,2026,2.322931207
baseline,real_gdp,growth,pct,PE,,,2027,2.310352910
historical,real_gdp,growth,pct,PE,,,2024,2.992000523
adverse,real_gdp,growth,pct,PL,,,2025,-0.804463572
adverse,real_gdp,growth,pct,PL,,,2026,-4.693121019
adverse,real_gdp,growth,pct,PL,,,2027,-0.210510860
baseline,real_gdp,growth,pct,PL,,,2025,3.561652892
baseline,real_gdp,growth,pct,PL,,,2026,3.497015591
baseline,real_gdp,growth,pct,PL,,,2027,2.312758187
historical,real_gdp,growth,pct,PL,,,2024,2.668385649
adverse,real_gdp,growth,pct,PT,,,2025,-1.840865443
adverse,real_gdp,growth,pct,PT,,,2026,-3.833045532
adverse,real_gdp,growth,pct,PT,,,2027,-0.173662358
baseline,real_gdp,growth,pct,PT,,,2025,2.209977974
baseline,real_gdp,growth,pct,PT,,,2026,2.225944371
baseline,real_gdp,growth,pct,PT,,,2027,1.660669505
historical,real_gdp,growth,pct,PT,,,2024,1.675760560
adverse,real_gdp,growth,pct,RO,,,2025,-1.888240451
adverse,real_gdp,growth,pct,RO,,,2026,-4.068665388
adverse,real_gdp,growth,pct,RO,,,2027,0.136593601
baseline,real_gdp,growth,pct,RO,,,2025,2.657862179
baseline,real_gdp,growth,pct,RO,,,2026,3.302579667
baseline,real_gdp,growth,pct,RO,,,2027,3.823749533
historical,real_gdp,growth,pct,RO,,,2024,1.108221775
adverse,real_gdp,growth,pct,RU,,,2025,-8.222325012
adverse,real_gdp,growth,pct,RU,,,2026,-1.038433103
adverse,real_gdp,growth,pct,RU,,,2027,-0.805690380
baseline,real_gdp,growth,pct,RU,,,2025,1.347018226
baseline,real_gdp,growth,pct,RU,,,2026,1.200000000
baseline,real_gdp,growth,pct,RU,,,2027,1.200000000
historical,real_gdp,growth,pct,RU,,,2024,3.625460579
adverse,real_gdp,growth,pct,SE,,,2025,-3.397811830
adverse,real_gdp,growth,pct,SE,,,2026,-5.270904472
adverse,real_gdp,growth,pct,SE,,,2027,0.519083786
baseline,real_gdp,growth,pct,SE,,,2025,2.087054119
baseline,real_gdp,growth,pct,SE,,,2026,2.302027042
baseline,real_gdp,growth,pct,SE,,,2027,1.823029506
historical,real_gdp,growth,pct,SE,,,2024,0.705034583
adverse,real_gdp,growth,pct,SI,,,2025,-1.427568291
adverse,real_gdp,growth,pct,SI,,,2026,-4.210943270
adverse,real_gdp,growth,pct,SI,,,2027,0.622020617
baseline,real_gdp,growth,pct,SI,,,2025,2.249537217
baseline,real_gdp,growth,pct,SI,,,2026,2.750268015
baseline,real_gdp,growth,pct,SI,,,2027,2.350497696
historical,real_gdp,growth,pct,SI,,,2024,1.350951804
adverse,real_gdp,growth,pct,SK,,,2025,-2.930646767
adverse,real_gdp,growth,pct,SK,,,2026,-5.312783414
adverse,real_gdp,growth,pct,SK,,,2027,0.287539908
baseline,real_gdp,growth,pct,SK,,,2025,2.104605533
baseline,real_gdp,growth,pct,SK,,,2026,1.762599198
baseline,real_gdp,growth,pct,SK,,,2027,2.345114694
historical,real_gdp,growth,pct,SK,,,2024,2.118807477
adverse,real_gdp,growth,pct,TR,,,2025,-4.921738962
adverse,real_gdp,growth,pct,TR,,,2026,-2.734218066
adverse,real_gdp,growth,pct,TR,,,2027,0.963704137
baseline,real_gdp,growth,pct,TR,,,2025,2.699506215
baseline,real_gdp,growth,pct,TR,,,2026,3.243519968
baseline,real_gdp,growth,pct,TR,,,2027,3.401697744
historical,real_gdp,growth,pct,TR,,,2024,3.008395851
adverse,real_gdp,growth,pct,US,,,2025,-5.054689359
adverse,real_gdp,growth,pct,US,,,2026,-2.453754283
adverse,real_gdp,growth,pct,US,,,2027,4.280464339
baseline,real_gdp,growth,pct,US,,,2025,2.153260706
baseline,real_gdp,growth,pct,US,,,2026,2.028466345
baseline,real_gdp,growth,pct,US,,,2027,2.119732860
historical,real_gdp,growth,pct,US,,,2024,2.764972207
adverse,real_gdp,growth,pct,WR,,,2025,-3.243163561
adverse,real_gdp,growth,pct,WR,,,2026,-1.470158425
adverse,real_gdp,growth,pct,WR,,,2027,1.524073006
baseline,real_gdp,growth,pct,WR,,,2025,3.855110645
baseline,real_gdp,growth,pct,WR,,,2026,4.205533212
baseline,real_gdp,growth,pct,WR,,,2027,3.905449073
historical,real_gdp,growth,pct,WR,,,2024,2.123790350
adverse,real_gva,growth,pct,AT,,A,2025,-4.257116200
adverse,real_gva,growth,pct,AT,,A,2026,-5.993187283
adverse,real_gva,growth,pct,AT,,A,2027,0.770247956
baseline,real_gva,growth,pct,AT,,A,2025,1.055926000
baseline,real_gva,growth,pct,AT,,A,2026,1.618086302
baseline,real_gva,growth,pct,AT,,A,2027,1.329974855
historical,real_gva,growth,pct,AT,,A,2024,4.196370938
adverse,real_gva,growth,pct,BE,,A,2025,-2.040477235
adverse,real_gva,growth,pct,BE,,A,2026,-6.066670857
adverse,real_gva,growth,pct,BE,,A,2027,-1.347955010
baseline,real_gva,growth,pct,BE,,A,2025,1.298486359
baseline,real_gva,growth,pct,BE,,A,2026,1.493501041
baseline,real_gva,growth,pct,BE,,A,2027,1.365584750
historical,real_gva,growth,pct,BE,,A,2024,8.720015191
adverse,real_gva,growth,pct,BG,,A,2025,-6.111859545
adverse,real_gva,growth,pct,BG,,A,2026,-6.611512377
adverse,real_gva,growth,pct,BG,,A,2027,1.091563389
baseline,real_gva,growth,pct,BG,,A,2025,2.698494094
baseline,real_gva,growth,pct,BG,,A,2026,3.324924561
baseline,real_gva,growth,pct,BG,,A,2027,2.615021164
historical,real_gva,growth,pct,BG,,A,2024,0.928514518
adverse,real_gva,growth,pct,CY,,A,2025,-3.457842521
adverse,real_gva,growth,pct,CY,,A,2026,-7.194513293
adverse,real_gva,growth,pct,CY,,A,2027,-0.460718028
baseline,real_gva,growth,pct,CY,,A,2025,2.585404172
baseline,real_gva,growth,pct,CY,,A,2026,2.660741736
baseline,real_gva,growth,pct,CY,,A,2027,2.583278575
historical,real_gva,growth,pct,CY,,A,2024,0.569752349
adverse,real_gva,growth,pct,CZ,,A,2025,-4.164565880
adverse,real_gva,growth,pct,CZ,,A,2026,-7.087589598
adverse,real_gva,growth,pct,CZ,,A,2027,0.298428298
baseline,real_gva,growth,pct,CZ,,A,2025,2.408300993
baseline,real_gva,growth,pct,CZ,,A,2026,2.423819299
baseline,real_gva,growth,pct,CZ,,A,2027,2.369447425
historical,real_gva,growth,pct,CZ,,A,2024,-0.329106995
adverse,real_gva,growth,pct,DE,,A,2025,-3.799694308
adverse,real_gva,growth,pct,DE,,A,2026,-5.437635636
adverse,real_gva,growth,pct,DE,,A,2027,0.545611569
baseline,real_gva,growth,pct,DE,,A,2025,0.500441466
baseline,real_gva,growth,pct,DE,,A,2026,1.116276848
baseline,real_gva,growth,pct,DE,,A,2027,1.186976399
historical,real_gva,growth,pct,DE,,A,2024,-1.445066139
adverse,real_gva,growth,pct,DK,,A,2025,-4.026971185
adverse,real_gva,growth,pct,DK,,A,2026,-6.026027049
adverse,real_gva,growth,pct,DK,,A,2027,1.624328609
baseline,real_gva,growth,pct,DK,,A,2025,2.702564618
baseline,real_gva,growth,pct,DK,,A,2026,2.078463789
baseline,real_gva,growth,pct,DK,,A,2027,2.032063779
historical,real_gva,growth,pct,DK,,A,2024,1.122809283
adverse,real_gva,growth,pct,EA,,A,2025,-3.129026142
adverse,real_gva,growth,pct,EA,,A,2026,-5.669545064
adverse,real_gva,growth,pct,EA,,A,2027,-0.327861066
baseline,real_gva,growth,pct,EA,,A,2025,1.189894280
baseline,real_gva,growth,pct,EA,,A,2026,1.474721986
baseline,real_gva,growth,pct,EA,,A,2027,1.368315242
historical,real_gva,growth,pct,EA,,A,2024,1.212806582
adverse,real_gva,growth,pct,EE,,A,2025,-6.822098979
adverse,real_gva,growth,pct,EE,,A,2026,-6.495110566
adverse,real_gva,growth,pct,EE,,A,2027,0.319612891
baseline,real_gva,growth,pct,EE,,A,2025,2.200106263
baseline,real_gva,growth,pct,EE,,A,2026,3.406071325
baseline,real_gva,growth,pct,EE,,A,2027,3.442190584
historical,real_gva,growth,pct,EE,,A,2024,36.552382702
adverse,real_gva,growth,pct,ES,,A,2025,-3.876122358
adverse,real_gva,growth,pct,ES,,A,2026,-4.736716786
adverse,real_gva,growth,pct,ES,,A,2027,1.667883039
baseline,real_gva,growth,pct,ES,,A,2025,2.475437892
baseline,real_gva,growth,pct,ES,,A,2026,1.905216040
baseline,real_gva,growth,pct,ES,,A,2027,1.724498265
historical,real_gva,growth,pct,ES,,A,2024,15.008397132
adverse,real_gva,growth,pct,EU,,A,2025,-3.127409087
adverse,real_gva,growth,pct,EU,,A,2026,-5.792715913
adverse,real_gva,growth,pct,EU,,A,2027,-0.257847084
baseline,real_gva,growth,pct,EU,,A,2025,1.444760091
baseline,real_gva,growth,pct,EU,,A,2026,1.701284091
baseline,real_gva,growth,pct,EU,,A,2027,1.545650680
historical,real_gva,growth,pct,EU,,A,2024,1.366957552
adverse,real_gva,growth,pct,FI,,A,2025,-5.644107601
adverse,real_gva,growth,pct,FI,,A,2026,-4.561500261
adverse,real_gva,growth,pct,FI,,A,2027,-1.057010076
baseline,real_gva,growth,pct,FI,,A,2025,0.746458368
baseline,real_gva,growth,pct,FI,,A,2026,1.760200442
baseline,real_gva,growth,pct,FI,,A,2027,1.280604101
historical,real_gva,growth,pct,FI,,A,2024,-2.706748416
adverse,real_gva,growth,pct,FR,,A,2025,-2.378787917
adverse,real_gva,growth,pct,FR,,A,2026,-6.490591277
adverse,real_gva,growth,pct,FR,,A,2027,-1.752916846
baseline,real_gva,growth,pct,FR,,A,2025,0.854411682
baseline,real_gva,growth,pct,FR,,A,2026,1.195250803
baseline,real_gva,growth,pct,FR,,A,2027,1.187937556
historical,real_gva,growth,pct,FR,,A,2024,-3.590869381
adverse,real_gva,growth,pct,GR,,A,2025,-2.840919863
adverse,real_gva,growth,pct,GR,,A,2026,-6.096098366
adverse,real_gva,growth,pct,GR,,A,2027,-1.887556325
baseline,real_gva,growth,pct,GR,,A,2025,2.323323670
baseline,real_gva,growth,pct,GR,,A,2026,2.135369158
baseline,real_gva,growth,pct,GR,,A,2027,1.843814855
historical,real_gva,growth,pct,GR,,A,2024,-3.207651101
adverse,real_gva,growth,pct,HR,,A,2025,-2.283709919
adverse,real_gva,growth,pct,HR,,A,2026,-7.357409377
adverse,real_gva,growth,pct,HR,,A,2027,0.222095919
baseline,real_gva,growth,pct,HR,,A,2025,3.113094401
baseline,real_gva,growth,pct,HR,,A,2026,2.826996321
baseline,real_gva,growth,pct,HR,,A,2027,2.134301758
historical,real_gva,growth,pct,HR,,A,2024,-4.438583368
adverse,real_gva,growth,pct,HU,,A,2025,-1.859652542
adverse,real_gva,growth,pct,HU,,A,2026,-5.946194167
adverse,real_gva,growth,pct,HU,,A,2027,1.685724870
baseline,real_gva,growth,pct,HU,,A,2025,3.850834002
baseline,real_gva,growth,pct,HU,,A,2026,4.655546604
baseline,real_gva,growth,pct,HU,,A,2027,3.704184732
historical,real_gva,growth,pct,HU,,A,2024,-13.360999459
adverse,real_gva,growth,pct,IE,,A,2025,-1.905008692
adverse,real_gva,growth,pct,IE,,A,2026,-5.026581925
adverse,real_gva,growth,pct,IE,,A,2027,0.257730757
baseline,real_gva,growth,pct,IE,,A,2025,3.787041960
baseline,real_gva,growth,pct,IE,,A,2026,4.201433332
baseline,real_gva,growth,pct,IE,,A,2027,3.455077904
historical,real_gva,growth,pct,IE,,A,2024,-5.029194400
adverse,real_gva,growth,pct,IT,,A,2025,-1.858705603
adverse,real_gva,growth,pct,IT,,A,2026,-4.996987421
adverse,real_gva,growth,pct,IT,,A,2027,-1.490198825
baseline,real_gva,growth,pct,IT,,A,2025,0.746545104
baseline,real_gva,growth,pct,IT,,A,2026,1.040442668
baseline,real_gva,growth,pct,IT,,A,2027,0.866037808
historical,real_gva,growth,pct,IT,,A,2024,2.684471275
adverse,real_gva,growth,pct,LT,,A,2025,-1.760804582
adverse,real_gva,growth,pct,LT,,A,2026,-5.345085910
adverse,real_gva,growth,pct,LT,,A,2027,1.085626087
baseline,real_gva,growth,pct,LT,,A,2025,2.846105706
baseline,real_gva,growth,pct,LT,,A,2026,2.880922226
baseline,real_gva,growth,pct,LT,,A,2027,2.762491865
historical,real_gva,growth,pct,LT,,A,2024,3.333837298
adverse,real_gva,growth,pct,LU,,A,2025,-3.882759984
adverse,real_gva,growth,pct,LU,,A,2026,-7.373832374
adverse,real_gva,growth,pct,LU,,A,2027,-0.539007332
baseline,real_gva,growth,pct,LU,,A,2025,2.296090780
baseline,real_gva,growth,pct,LU,,A,2026,2.755896496
baseline,real_gva,growth,pct,LU,,A,2027,2.769254294
historical,real_gva,growth,pct,LU,,A,2024,0.131447833
adverse,real_gva,growth,pct,LV,,A,2025,-4.378356801
adverse,real_gva,growth,pct,LV,,A,2026,-7.002536158
adverse,real_gva,growth,pct,LV,,A,2027,-1.568879161
baseline,real_gva,growth,pct,LV,,A,2025,1.905181866
baseline,real_gva,growth,pct,LV,,A,2026,2.781910267
baseline,real_gva,growth,pct,LV,,A,2027,3.050016968
historical,real_gva,growth,pct,LV,,A,2024,3.119820729
adverse,real_gva,growth,pct,MT,,A,2025,-2.745445273
adverse,real_gva,growth,pct,MT,,A,2026,-5.999286141
adverse,real_gva,growth,pct,MT,,A,2027,1.675624095
baseline,real_gva,growth,pct,MT,,A,2025,3.782364707
baseline,real_gva,growth,pct,MT,,A,2026,3.410167517
baseline,real_gva,growth,pct,MT,,A,2027,3.248980278
historical,real_gva,growth,pct,MT,,A,2024,-37.673817274
adverse,real_gva,growth,pct,NL,,A,2025,-2.845672109
adverse,real_gva,growth,pct,NL,,A,2026,-6.111175322
adverse,real_gva,growth,pct,NL,,A,2027,-1.032673250
baseline,real_gva,growth,pct,NL,,A,2025,1.581098312
baseline,real_gva,growth,pct,NL,,A,2026,1.512313211
baseline,real_gva,growth,pct,NL,,A,2027,1.283705652
historical,real_gva,growth,pct,NL,,A,2024,0.963584992
adverse,real_gva,growth,pct,PL,,A,2025,-1.322232338
adverse,real_gva,growth,pct,PL,,A,2026,-5.987587458
adverse,real_gva,growth,pct,PL,,A,2027,-0.393604224
baseline,real_gva,growth,pct,PL,,A,2025,3.630553898
baseline,real_gva,growth,pct,PL,,A,2026,3.541927227
baseline,real_gva,growth,pct,PL,,A,2027,2.545979095
historical,real_gva,growth,pct,PL,,A,2024,-1.136620587
adverse,real_gva,growth,pct,PT,,A,2025,-2.661970855
adverse,real_gva,growth,pct,PT,,A,2026,-5.217694939
adverse,real_gva,growth,pct,PT,,A,2027,-0.948454976
baseline,real_gva,growth,pct,PT,,A,2025,1.986778594
baseline,real_gva,growth,pct,PT,,A,2026,2.005232842
baseline,real_gva,growth,pct,PT,,A,2027,1.471962771
historical,real_gva,growth,pct,PT,,A,2024,1.078280416
adverse,real_gva,growth,pct,RO,,A,2025,-1.990913203
adverse,real_gva,growth,pct,RO,,A,2026,-4.949778593
adverse,real_gva,growth,pct,RO,,A,2027,-0.621053939
baseline,real_gva,growth,pct,RO,,A,2025,2.630354226
baseline,real_gva,growth,pct,RO,,A,2026,3.307895815
baseline,real_gva,growth,pct,RO,,A,2027,3.827717110
historical,real_gva,growth,pct,RO,,A,2024,10.531793981
adverse,real_gva,growth,pct,SE,,A,2025,-4.430041779
adverse,real_gva,growth,pct,SE,,A,2026,-6.874014811
adverse,real_gva,growth,pct,SE,,A,2027,0.703102854
baseline,real_gva,growth,pct,SE,,A,2025,2.041437070
baseline,real_gva,growth,pct,SE,,A,2026,2.251269373
baseline,real_gva,growth,pct,SE,,A,2027,1.777355426
historical,real_gva,growth,pct,SE,,A,2024,10.086309024
adverse,real_gva,growth,pct,SI,,A,2025,-2.260873860
adverse,real_gva,growth,pct,SI,,A,2026,-6.575151142
adverse,real_gva,growth,pct,SI,,A,2027,-0.474119463
baseline,real_gva,growth,pct,SI,,A,2025,2.246107212
baseline,real_gva,growth,pct,SI,,A,2026,2.710029619
baseline,real_gva,growth,pct,SI,,A,2027,2.339121624
historical,real_gva,growth,pct,SI,,A,2024,3.439382900
adverse,real_gva,growth,pct,SK,,A,2025,-2.699252266
adverse,real_gva,growth,pct,SK,,A,2026,-5.454102369
adverse,real_gva,growth,pct,SK,,A,2027,0.430875256
baseline,real_gva,growth,pct,SK,,A,2025,2.655180194
baseline,real_gva,growth,pct,SK,,A,2026,2.333099914
baseline,real_gva,growth,pct,SK,,A,2027,2.883738242
historical,real_gva,growth,pct,SK,,A,2024,3.062284402
adverse,real_gva,growth,pct,AT,,B,2025,-3.435637587
adverse,real_gva,growth,pct,AT,,B,2026,-4.809207978
adverse,real_gva,growth,pct,AT,,B,2027,0.848797183
baseline,real_gva,growth,pct,AT,,B,2025,1.357473449
baseline,real_gva,growth,pct,AT,,B,2026,1.897814254
baseline,real_gva,growth,pct,AT,,B,2027,1.618982613
historical,real_gva,growth,pct,AT,,B,2024,-0.965641980
adverse,real_gva,growth,pct,BE,,B,2025,-2.026415618
adverse,real_gva,growth,pct,BE,,B,2026,-4.751331232
adverse,real_gva,growth,pct,BE,,B,2027,-1.747292814
baseline,real_gva,growth,pct,BE,,B,2025,1.036993145
baseline,real_gva,growth,pct,BE,,B,2026,1.229886767
baseline,real_gva,growth,pct,BE,,B,2027,1.103598864
historical,real_gva,growth,pct,BE,,B,2024,0.295589662
adverse,real_gva,growth,pct,BG,,B,2025,-4.799513537
adverse,real_gva,growth,pct,BG,,B,2026,-3.867001641
adverse,real_gva,growth,pct,BG,,B,2027,1.581671643
baseline,real_gva,growth,pct,BG,,B,2025,2.666125381
baseline,real_gva,growth,pct,BG,,B,2026,3.240456163
baseline,real_gva,growth,pct,BG,,B,2027,2.596597044
historical,real_gva,growth,pct,BG,,B,2024,-15.022501661
adverse,real_gva,growth,pct,CY,,B,2025,-3.464862149
adverse,real_gva,growth,pct,CY,,B,2026,-2.583267353
adverse,real_gva,growth,pct,CY,,B,2027,0.861796630
baseline,real_gva,growth,pct,CY,,B,2025,2.945570831
baseline,real_gva,growth,pct,CY,,B,2026,3.013225787
baseline,real_gva,growth,pct,CY,,B,2027,2.939662100
historical,real_gva,growth,pct,CY,,B,2024,2.766914508
adverse,real_gva,growth,pct,CZ,,B,2025,-3.640782815
adverse,real_gva,growth,pct,CZ,,B,2026,-5.989095280
adverse,real_gva,growth,pct,CZ,,B,2027,0.099940431
baseline,real_gva,growth,pct,CZ,,B,2025,2.207004337
baseline,real_gva,growth,pct,CZ,,B,2026,2.250155038
baseline,real_gva,growth,pct,CZ,,B,2027,2.191859943
historical,real_gva,growth,pct,CZ,,B,2024,-13.176274617
adverse,real_gva,growth,pct,DE,,B,2025,-5.912888452
adverse,real_gva,growth,pct,DE,,B,2026,-6.518003116
adverse,real_gva,growth,pct,DE,,B,2027,-2.198427991
baseline,real_gva,growth,pct,DE,,B,2025,-0.047251834
baseline,real_gva,growth,pct,DE,,B,2026,0.563213030
baseline,real_gva,growth,pct,DE,,B,2027,0.635629959
historical,real_gva,growth,pct,DE,,B,2024,8.121509010
adverse,real_gva,growth,pct,DK,,B,2025,-4.253112686
adverse,real_gva,growth,pct,DK,,B,2026,-5.504436445
adverse,real_gva,growth,pct,DK,,B,2027,0.104578322
baseline,real_gva,growth,pct,DK,,B,2025,2.191607414
baseline,real_gva,growth,pct,DK,,B,2026,1.443506863
baseline,real_gva,growth,pct,DK,,B,2027,1.378853731
historical,real_gva,growth,pct,DK,,B,2024,4.490039989
adverse,real_gva,growth,pct,EA,,B,2025,-3.737911792
adverse,real_gva,growth,pct,EA,,B,2026,-5.821963064
adverse,real_gva,growth,pct,EA,,B,2027,-1.486571420
baseline,real_gva,growth,pct,EA,,B,2025,1.035339912
baseline,real_gva,growth,pct,EA,,B,2026,1.309621352
baseline,real_gva,growth,pct,EA,,B,2027,1.212448912
historical,real_gva,growth,pct,EA,,B,2024,7.908564790
adverse,real_gva,growth,pct,EE,,B,2025,-5.451064998
adverse,real_gva,growth,pct,EE,,B,2026,-4.809010093
adverse,real_gva,growth,pct,EE,,B,2027,1.401451474
baseline,real_gva,growth,pct,EE,,B,2025,1.716563530
baseline,real_gva,growth,pct,EE,,B,2026,2.913970607
baseline,real_gva,growth,pct,EE,,B,2027,2.961238699
historical,real_gva,growth,pct,EE,,B,2024,-24.623639453
adverse,real_gva,growth,pct,ES,,B,2025,-4.566800429
adverse,real_gva,growth,pct,ES,,B,2026,-6.278784226
adverse,real_gva,growth,pct,ES,,B,2027,1.501593286
baseline,real_gva,growth,pct,ES,,B,2025,2.650254922
baseline,real_gva,growth,pct,ES,,B,2026,2.131447454
baseline,real_gva,growth,pct,ES,,B,2027,1.968883226
historical,real_gva,growth,pct,ES,,B,2024,7.786310251
adverse,real_gva,growth,pct,EU,,B,2025,-3.666761615
adverse,real_gva,growth,pct,EU,,B,2026,-5.872780136
adverse,real_gva,growth,pct,EU,,B,2027,-1.350910012
baseline,real_gva,growth,pct,EU,,B,2025,1.299926272
baseline,real_gva,growth,pct,EU,,B,2026,1.543369821
baseline,real_gva,growth,pct,EU,,B,2027,1.390536504
historical,real_gva,growth,pct,EU,,B,2024,7.240514930
adverse,real_gva,growth,pct,FI,,B,2025,-7.205262068
adverse,real_gva,growth,pct,FI,,B,2026,-5.395686772
adverse,real_gva,growth,pct,FI,,B,2027,-1.813050592
baseline,real_gva,growth,pct,FI,,B,2025,1.155241622
baseline,real_gva,growth,pct,FI,,B,2026,2.167199492
baseline,real_gva,growth,pct,FI,,B,2027,1.696553615
historical,real_gva,growth,pct,FI,,B,2024,-6.420884578
adverse,real_gva,growth,pct,FR,,B,2025,-2.872824208
adverse,real_gva,growth,pct,FR,,B,2026,-6.580587184
adverse,real_gva,growth,pct,FR,,B,2027,-2.525290967
baseline,real_gva,growth,pct,FR,,B,2025,0.560540471
baseline,real_gva,growth,pct,FR,,B,2026,0.892035706
baseline,real_gva,growth,pct,FR,,B,2027,0.884641123
historical,real_gva,growth,pct,FR,,B,2024,14.141179177
adverse,real_gva,growth,pct,GR,,B,2025,-4.949533909
adverse,real_gva,growth,pct,GR,,B,2026,-7.892152786
adverse,real_gva,growth,pct,GR,,B,2027,-4.246863514
baseline,real_gva,growth,pct,GR,,B,2025,2.343785740
baseline,real_gva,growth,pct,GR,,B,2026,2.161564218
baseline,real_gva,growth,pct,GR,,B,2027,1.898848399
historical,real_gva,growth,pct,GR,,B,2024,7.786524809
adverse,real_gva,growth,pct,HR,,B,2025,-1.825688721
adverse,real_gva,growth,pct,HR,,B,2026,-4.696170628
adverse,real_gva,growth,pct,HR,,B,2027,0.287112239
baseline,real_gva,growth,pct,HR,,B,2025,2.836595401
baseline,real_gva,growth,pct,HR,,B,2026,2.584375942
baseline,real_gva,growth,pct,HR,,B,2027,1.896603690
historical,real_gva,growth,pct,HR,,B,2024,-5.887005553
adverse,real_gva,growth,pct,HU,,B,2025,-1.601489689
adverse,real_gva,growth,pct,HU,,B,2026,-5.870435956
adverse,real_gva,growth,pct,HU,,B,2027,0.893946805
baseline,real_gva,growth,pct,HU,,B,2025,3.829712457
baseline,real_gva,growth,pct,HU,,B,2026,4.546591704
baseline,real_gva,growth,pct,HU,,B,2027,3.676853977
historical,real_gva,growth,pct,HU,,B,2024,21.668155117
adverse,real_gva,growth,pct,IE,,B,2025,-0.076805637
adverse,real_gva,growth,pct,IE,,B,2026,-2.665584389
adverse,real_gva,growth,pct,IE,,B,2027,0.208578467
baseline,real_gva,growth,pct,IE,,B,2025,4.116642952
baseline,real_gva,growth,pct,IE,,B,2026,4.466491828
baseline,real_gva,growth,pct,IE,,B,2027,3.751599525
historical,real_gva,growth,pct,IE,,B,2024,42.756551552
adverse,real_gva,growth,pct,IT,,B,2025,-1.822760561
adverse,real_gva,growth,pct,IT,,B,2026,-4.576657759
adverse,real_gva,growth,pct,IT,,B,2027,-1.398234218
baseline,real_gva,growth,pct,IT,,B,2025,1.135261373
baseline,real_gva,growth,pct,IT,,B,2026,1.378689971
baseline,real_gva,growth,pct,IT,,B,2027,1.224910741
historical,real_gva,growth,pct,IT,,B,2024,5.750969616
adverse,real_gva,growth,pct,LT,,B,2025,-1.199094210
adverse,real_gva,growth,pct,LT,,B,2026,-4.564323412
adverse,real_gva,growth,pct,LT,,B,2027,0.598568785
baseline,real_gva,growth,pct,LT,,B,2025,3.436645371
baseline,real_gva,growth,pct,LT,,B,2026,3.466984397
baseline,real_gva,growth,pct,LT,,B,2027,3.359976353
historical,real_gva,growth,pct,LT,,B,2024,-0.820960517
adverse,real_gva,growth,pct,LU,,B,2025,-3.437698874
adverse,real_gva,growth,pct,LU,,B,2026,-6.573565798
adverse,real_gva,growth,pct,LU,,B,2027,-1.013938053
baseline,real_gva,growth,pct,LU,,B,2025,1.789102362
baseline,real_gva,growth,pct,LU,,B,2026,2.258468622
baseline,real_gva,growth,pct,LU,,B,2027,2.273399551
historical,real_gva,growth,pct,LU,,B,2024,4.804840866
adverse,real_gva,growth,pct,LV,,B,2025,-1.728602345
adverse,real_gva,growth,pct,LV,,B,2026,-3.358701971
adverse,real_gva,growth,pct,LV,,B,2027,0.539380395
baseline,real_gva,growth,pct,LV,,B,2025,2.377011782
baseline,real_gva,growth,pct,LV,,B,2026,3.146681465
baseline,real_gva,growth,pct,LV,,B,2027,3.394517703
historical,real_gva,growth,pct,LV,,B,2024,2.389393004
adverse,real_gva,growth,pct,MT,,B,2025,-0.778959528
adverse,real_gva,growth,pct,MT,,B,2026,-2.361871943
adverse,real_gva,growth,pct,MT,,B,2027,2.835532644
baseline,real_gva,growth,pct,MT,,B,2025,4.289945225
baseline,real_gva,growth,pct,MT,,B,2026,4.282823387
baseline,real_gva,growth,pct,MT,,B,2027,3.921368898
historical,real_gva,growth,pct,MT,,B,2024,-30.704695004
adverse,real_gva,growth,pct,NL,,B,2025,-3.268015665
adverse,real_gva,growth,pct,NL,,B,2026,-6.550310085
adverse,real_gva,growth,pct,NL,,B,2027,-2.019608922
baseline,real_gva,growth,pct,NL,,B,2025,1.105050647
baseline,real_gva,growth,pct,NL,,B,2026,1.003240253
baseline,real_gva,growth,pct,NL,,B,2027,0.797103967
historical,real_gva,growth,pct,NL,,B,2024,0.429556021
adverse,real_gva,growth,pct,PL,,B,2025,-0.579052066
adverse,real_gva,growth,pct,PL,,B,2026,-3.669644319
adverse,real_gva,growth,pct,PL,,B,2027,0.248033112
baseline,real_gva,growth,pct,PL,,B,2025,3.559986893
baseline,real_gva,growth,pct,PL,,B,2026,3.515736993
baseline,real_gva,growth,pct,PL,,B,2027,2.369044773
historical,real_gva,growth,pct,PL,,B,2024,9.051538878
adverse,real_gva,growth,pct,PT,,B,2025,-3.612942542
adverse,real_gva,growth,pct,PT,,B,2026,-7.015356145
adverse,real_gva,growth,pct,PT,,B,2027,-3.267378939
baseline,real_gva,growth,pct,PT,,B,2025,1.974894305
baseline,real_gva,growth,pct,PT,,B,2026,1.986328476
baseline,real_gva,growth,pct,PT,,B,2027,1.482126846
historical,real_gva,growth,pct,PT,,B,2024,7.658883897
adverse,real_gva,growth,pct,RO,,B,2025,-1.432980634
adverse,real_gva,growth,pct,RO,,B,2026,-2.651879321
adverse,real_gva,growth,pct,RO,,B,2027,1.322070256
baseline,real_gva,growth,pct,RO,,B,2025,2.688634386
baseline,real_gva,growth,pct,RO,,B,2026,3.321963843
baseline,real_gva,growth,pct,RO,,B,2027,3.804915497
historical,real_gva,growth,pct,RO,,B,2024,-0.151429100
adverse,real_gva,growth,pct,SE,,B,2025,-6.974369022
adverse,real_gva,growth,pct,SE,,B,2026,-10.906010374
adverse,real_gva,growth,pct,SE,,B,2027,-2.876305138
baseline,real_gva,growth,pct,SE,,B,2025,2.157336426
baseline,real_gva,growth,pct,SE,,B,2026,2.312169863
baseline,real_gva,growth,pct,SE,,B,2027,1.883054648
historical,real_gva,growth,pct,SE,,B,2024,3.682357005
adverse,real_gva,growth,pct,SI,,B,2025,-1.468027273
adverse,real_gva,growth,pct,SI,,B,2026,-4.222524384
adverse,real_gva,growth,pct,SI,,B,2027,0.469543835
baseline,real_gva,growth,pct,SI,,B,2025,2.469051939
baseline,real_gva,growth,pct,SI,,B,2026,2.917717731
baseline,real_gva,growth,pct,SI,,B,2027,2.558744157
historical,real_gva,growth,pct,SI,,B,2024,5.017815147
adverse,real_gva,growth,pct,SK,,B,2025,-3.061169891
adverse,real_gva,growth,pct,SK,,B,2026,-5.800216262
adverse,real_gva,growth,pct,SK,,B,2027,0.136474422
baseline,real_gva,growth,pct,SK,,B,2025,2.652874223
baseline,real_gva,growth,pct,SK,,B,2026,2.343001484
baseline,real_gva,growth,pct,SK,,B,2027,2.868127186
historical,real_gva,growth,pct,SK,,B,2024,-43.345373207
adverse,real_gva,growth,pct,AT,,C_high,2025,-5.014792543
adverse,real_gva,growth,pct,AT,,C_high,2026,-5.301700601
adverse,real_gva,growth,pct,AT,,C_high,2027,0.525968841
baseline,real_gva,growth,pct,AT,,C_high,2025,1.268383633
baseline,real_gva,growth,pct,AT,,C_high,2026,1.791602115
baseline,real_gva,growth,pct,AT,,C_high,2027,1.513906972
historical,real_gva,growth,pct,AT,,C_high,2024,-2.422293097
adverse,real_gva,growth,pct,BE,,C_high,2025,-3.368244300
adverse,real_gva,growth,pct,BE,,C_high,2026,-9.595176428
adverse,real_gva,growth,pct,BE,,C_high,2027,-2.390671022
baseline,real_gva,growth,pct,BE,,C_high,2025,1.156197574
baseline,real_gva,growth,pct,BE,,C_high,2026,1.351244121
baseline,real_gva,growth,pct,BE,,C_high,2027,1.222303370
historical,real_gva,growth,pct,BE,,C_high,2024,-1.449831494
adverse,real_gva,growth,pct,BG,,C_high,2025,-6.501500769
adverse,real_gva,growth,pct,BG,,C_high,2026,-5.459987665
adverse,real_gva,growth,pct,BG,,C_high,2027,1.191619755
baseline,real_gva,growth,pct,BG,,C_high,2025,2.714128735
baseline,real_gva,growth,pct,BG,,C_high,2026,3.388872272
baseline,real_gva,growth,pct,BG,,C_high,2027,2.627318209
historical,real_gva,growth,pct,BG,,C_high,2024,4.204888990
adverse,real_gva,growth,pct,CY,,C_high,2025,-4.176149061
adverse,real_gva,growth,pct,CY,,C_high,2026,-5.177010210
adverse,real_gva,growth,pct,CY,,C_high,2027,0.477472228
baseline,real_gva,growth,pct,CY,,C_high,2025,3.010083953
baseline,real_gva,growth,pct,CY,,C_high,2026,3.079010425
baseline,real_gva,growth,pct,CY,,C_high,2027,3.004762186
historical,real_gva,growth,pct,CY,,C_high,2024,2.726435925
adverse,real_gva,growth,pct,CZ,,C_high,2025,-6.001473367
adverse,real_gva,growth,pct,CZ,,C_high,2026,-10.582079917
adverse,real_gva,growth,pct,CZ,,C_high,2027,-0.637424298
baseline,real_gva,growth,pct,CZ,,C_high,2025,2.705857405
baseline,real_gva,growth,pct,CZ,,C_high,2026,2.693866634
baseline,real_gva,growth,pct,CZ,,C_high,2027,2.646500849
historical,real_gva,growth,pct,CZ,,C_high,2024,-1.118408881
adverse,real_gva,growth,pct,DE,,C_high,2025,-5.461041819
adverse,real_gva,growth,pct,DE,,C_high,2026,-7.296275627
adverse,real_gva,growth,pct,DE,,C_high,2027,-2.546241548
baseline,real_gva,growth,pct,DE,,C_high,2025,0.364646919
baseline,real_gva,growth,pct,DE,,C_high,2026,0.966740489
baseline,real_gva,growth,pct,DE,,C_high,2027,1.029628312
historical,real_gva,growth,pct,DE,,C_high,2024,-2.832746219
adverse,real_gva,growth,pct,DK,,C_high,2025,-5.953019943
adverse,real_gva,growth,pct,DK,,C_high,2026,-11.012424550
adverse,real_gva,growth,pct,DK,,C_high,2027,0.585872368
baseline,real_gva,growth,pct,DK,,C_high,2025,2.270307586
baseline,real_gva,growth,pct,DK,,C_high,2026,1.481824686
baseline,real_gva,growth,pct,DK,,C_high,2027,1.411110050
historical,real_gva,growth,pct,DK,,C_high,2024,-1.308183970
adverse,real_gva,growth,pct,EA,,C_high,2025,-4.580883449
adverse,real_gva,growth,pct,EA,,C_high,2026,-8.084013383
adverse,real_gva,growth,pct,EA,,C_high,2027,-2.184856433
baseline,real_gva,growth,pct,EA,,C_high,2025,1.274222481
baseline,real_gva,growth,pct,EA,,C_high,2026,1.556551276
baseline,real_gva,growth,pct,EA,,C_high,2027,1.451646350
historical,real_gva,growth,pct,EA,,C_high,2024,-1.159698518
adverse,real_gva,growth,pct,EE,,C_high,2025,-8.883641750
adverse,real_gva,growth,pct,EE,,C_high,2026,-7.189846574
adverse,real_gva,growth,pct,EE,,C_high,2027,-0.253716042
baseline,real_gva,growth,pct,EE,,C_high,2025,2.048001496
baseline,real_gva,growth,pct,EE,,C_high,2026,3.196787635
baseline,real_gva,growth,pct,EE,,C_high,2027,3.211053362
historical,real_gva,growth,pct,EE,,C_high,2024,-1.273433582
adverse,real_gva,growth,pct,ES,,C_high,2025,-7.109109375
adverse,real_gva,growth,pct,ES,,C_high,2026,-11.378097090
adverse,real_gva,growth,pct,ES,,C_high,2027,3.629867980
baseline,real_gva,growth,pct,ES,,C_high,2025,2.621803009
baseline,real_gva,growth,pct,ES,,C_high,2026,2.125435600
baseline,real_gva,growth,pct,ES,,C_high,2027,1.971558746
historical,real_gva,growth,pct,ES,,C_high,2024,4.308616424
adverse,real_gva,growth,pct,EU,,C_high,2025,-4.735592190
adverse,real_gva,growth,pct,EU,,C_high,2026,-8.292032610
adverse,real_gva,growth,pct,EU,,C_high,2027,-2.081454183
baseline,real_gva,growth,pct,EU,,C_high,2025,1.525614320
baseline,real_gva,growth,pct,EU,,C_high,2026,1.770055744
baseline,real_gva,growth,pct,EU,,C_high,2027,1.617492936
historical,real_gva,growth,pct,EU,,C_high,2024,-0.621568317
adverse,real_gva,growth,pct,FI,,C_high,2025,-8.795620831
adverse,real_gva,growth,pct,FI,,C_high,2026,-7.866604886
adverse,real_gva,growth,pct,FI,,C_high,2027,-4.513414213
baseline,real_gva,growth,pct,FI,,C_high,2025,0.956106764
baseline,real_gva,growth,pct,FI,,C_high,2026,1.892430695
baseline,real_gva,growth,pct,FI,,C_high,2027,1.426764396
historical,real_gva,growth,pct,FI,,C_high,2024,-3.318315900
adverse,real_gva,growth,pct,FR,,C_high,2025,-4.012553948
adverse,real_gva,growth,pct,FR,,C_high,2026,-9.703884407
adverse,real_gva,growth,pct,FR,,C_high,2027,-2.798344360
baseline,real_gva,growth,pct,FR,,C_high,2025,1.052086865
baseline,real_gva,growth,pct,FR,,C_high,2026,1.380590288
baseline,real_gva,growth,pct,FR,,C_high,2027,1.370789851
historical,real_gva,growth,pct,FR,,C_high,2024,-0.374196809
adverse,real_gva,growth,pct,GR,,C_high,2025,-5.332128704
adverse,real_gva,growth,pct,GR,,C_high,2026,-10.725141660
adverse,real_gva,growth,pct,GR,,C_high,2027,-4.859382464
baseline,real_gva,growth,pct,GR,,C_high,2025,2.544124258
baseline,real_gva,growth,pct,GR,,C_high,2026,2.357256132
baseline,real_gva,growth,pct,GR,,C_high,2027,2.089598380
historical,real_gva,growth,pct,GR,,C_high,2024,3.207240898
adverse,real_gva,growth,pct,HR,,C_high,2025,-1.611423303
adverse,real_gva,growth,pct,HR,,C_high,2026,-5.502484843
adverse,real_gva,growth,pct,HR,,C_high,2027,-1.019595635
baseline,real_gva,growth,pct,HR,,C_high,2025,3.120462244
baseline,real_gva,growth,pct,HR,,C_high,2026,2.838498445
baseline,real_gva,growth,pct,HR,,C_high,2027,2.173360236
historical,real_gva,growth,pct,HR,,C_high,2024,-4.064299778
adverse,real_gva,growth,pct,HU,,C_high,2025,-3.421008935
adverse,real_gva,growth,pct,HU,,C_high,2026,-7.459067976
adverse,real_gva,growth,pct,HU,,C_high,2027,-1.330070322
baseline,real_gva,growth,pct,HU,,C_high,2025,3.263960082
baseline,real_gva,growth,pct,HU,,C_high,2026,3.891725710
baseline,real_gva,growth,pct,HU,,C_high,2027,3.062826523
historical,real_gva,growth,pct,HU,,C_high,2024,-3.084562670
adverse,real_gva,growth,pct,IE,,C_high,2025,-1.683636867
adverse,real_gva,growth,pct,IE,,C_high,2026,-6.553932928
adverse,real_gva,growth,pct,IE,,C_high,2027,-1.711377224
baseline,real_gva,growth,pct,IE,,C_high,2025,3.777755769
baseline,real_gva,growth,pct,IE,,C_high,2026,4.228082672
baseline,real_gva,growth,pct,IE,,C_high,2027,3.462978120
historical,real_gva,growth,pct,IE,,C_high,2024,-14.342651550
adverse,real_gva,growth,pct,IT,,C_high,2025,-3.497797435
adverse,real_gva,growth,pct,IT,,C_high,2026,-8.178934802
adverse,real_gva,growth,pct,IT,,C_high,2027,-3.668367428
baseline,real_gva,growth,pct,IT,,C_high,2025,1.005466833
baseline,real_gva,growth,pct,IT,,C_high,2026,1.276607236
baseline,real_gva,growth,pct,IT,,C_high,2027,1.110282471
historical,real_gva,growth,pct,IT,,C_high,2024,-0.217534557
adverse,real_gva,growth,pct,LT,,C_high,2025,-1.860358504
adverse,real_gva,growth,pct,LT,,C_high,2026,-6.373535015
adverse,real_gva,growth,pct,LT,,C_high,2027,-1.436743630
baseline,real_gva,growth,pct,LT,,C_high,2025,3.427355739
baseline,real_gva,growth,pct,LT,,C_high,2026,3.456759854
baseline,real_gva,growth,pct,LT,,C_high,2027,3.349178039
historical,real_gva,growth,pct,LT,,C_high,2024,3.010893136
adverse,real_gva,growth,pct,LU,,C_high,2025,-4.037074527
adverse,real_gva,growth,pct,LU,,C_high,2026,-7.787802363
adverse,real_gva,growth,pct,LU,,C_high,2027,-1.485645170
baseline,real_gva,growth,pct,LU,,C_high,2025,2.206581988
baseline,real_gva,growth,pct,LU,,C_high,2026,2.661122361
baseline,real_gva,growth,pct,LU,,C_high,2027,2.673714528
historical,real_gva,growth,pct,LU,,C_high,2024,-2.206363689
adverse,real_gva,growth,pct,LV,,C_high,2025,-4.123016548
adverse,real_gva,growth,pct,LV,,C_high,2026,-5.344776536
adverse,real_gva,growth,pct,LV,,C_high,2027,-0.734798744
baseline,real_gva,growth,pct,LV,,C_high,2025,2.478100062
baseline,real_gva,growth,pct,LV,,C_high,2026,3.282363153
baseline,real_gva,growth,pct,LV,,C_high,2027,3.538654289
historical,real_gva,growth,pct,LV,,C_high,2024,-1.267469186
adverse,real_gva,growth,pct,MT,,C_high,2025,-2.879816431
adverse,real_gva,growth,pct,MT,,C_high,2026,-5.767831505
adverse,real_gva,growth,pct,MT,,C_high,2027,0.751789166
baseline,real_gva,growth,pct,MT,,C_high,2025,3.873698852
baseline,real_gva,growth,pct,MT,,C_high,2026,3.658710414
baseline,real_gva,growth,pct,MT,,C_high,2027,3.410428046
historical,real_gva,growth,pct,MT,,C_high,2024,6.818501834
adverse,real_gva,growth,pct,NL,,C_high,2025,-3.947149098
adverse,real_gva,growth,pct,NL,,C_high,2026,-6.214555000
adverse,real_gva,growth,pct,NL,,C_high,2027,-2.883593473
baseline,real_gva,growth,pct,NL,,C_high,2025,1.752231365
baseline,real_gva,growth,pct,NL,,C_high,2026,1.706356914
baseline,real_gva,growth,pct,NL,,C_high,2027,1.466968777
historical,real_gva,growth,pct,NL,,C_high,2024,-1.906465073
adverse,real_gva,growth,pct,PL,,C_high,2025,-2.669335158
adverse,real_gva,growth,pct,PL,,C_high,2026,-7.122181505
adverse,real_gva,growth,pct,PL,,C_high,2027,-1.588046186
baseline,real_gva,growth,pct,PL,,C_high,2025,3.837322151
baseline,real_gva,growth,pct,PL,,C_high,2026,3.756952618
baseline,real_gva,growth,pct,PL,,C_high,2027,2.745319856
historical,real_gva,growth,pct,PL,,C_high,2024,2.848237835
adverse,real_gva,growth,pct,PT,,C_high,2025,-4.556732453
adverse,real_gva,growth,pct,PT,,C_high,2026,-7.924048772
adverse,real_gva,growth,pct,PT,,C_high,2027,-3.686369645
baseline,real_gva,growth,pct,PT,,C_high,2025,2.288154618
baseline,real_gva,growth,pct,PT,,C_high,2026,2.286089535
baseline,real_gva,growth,pct,PT,,C_high,2027,1.799403914
historical,real_gva,growth,pct,PT,,C_high,2024,4.441067771
adverse,real_gva,growth,pct,RO,,C_high,2025,-3.882604592
adverse,real_gva,growth,pct,RO,,C_high,2026,-8.183302742
adverse,real_gva,growth,pct,RO,,C_high,2027,-3.697361995
baseline,real_gva,growth,pct,RO,,C_high,2025,2.751107582
baseline,real_gva,growth,pct,RO,,C_high,2026,3.369067304
baseline,real_gva,growth,pct,RO,,C_high,2027,3.851534100
historical,real_gva,growth,pct,RO,,C_high,2024,15.258475507
adverse,real_gva,growth,pct,SE,,C_high,2025,-7.784592864
adverse,real_gva,growth,pct,SE,,C_high,2026,-11.814447024
adverse,real_gva,growth,pct,SE,,C_high,2027,-1.767304327
baseline,real_gva,growth,pct,SE,,C_high,2025,2.314484148
baseline,real_gva,growth,pct,SE,,C_high,2026,2.418788754
baseline,real_gva,growth,pct,SE,,C_high,2027,2.023321650
historical,real_gva,growth,pct,SE,,C_high,2024,0.372111591
adverse,real_gva,growth,pct,SI,,C_high,2025,-1.782218314
adverse,real_gva,growth,pct,SI,,C_high,2026,-4.423317563
adverse,real_gva,growth,pct,SI,,C_high,2027,0.104588625
baseline,real_gva,growth,pct,SI,,C_high,2025,2.605349511
baseline,real_gva,growth,pct,SI,,C_high,2026,3.038108064
baseline,real_gva,growth,pct,SI,,C_high,2027,2.680393915
historical,real_gva,growth,pct,SI,,C_high,2024,1.774754420
adverse,real_gva,growth,pct,SK,,C_high,2025,-7.374930712
adverse,real_gva,growth,pct,SK,,C_high,2026,-9.964883576
adverse,real_gva,growth,pct,SK,,C_high,2027,-0.807772406
baseline,real_gva,growth,pct,SK,,C_high,2025,2.630255305
baseline,real_gva,growth,pct,SK,,C_high,2026,2.309536684
baseline,real_gva,growth,pct,SK,,C_high,2027,2.849709155
historical,real_gva,growth,pct,SK,,C_high,2024,3.257286634
adverse,real_gva,growth,pct,AT,,C_low,2025,-3.255696320
adverse,real_gva,growth,pct,AT,,C_low,2026,-3.824230439
adverse,real_gva,growth,pct,AT,,C_low,2027,1.178174622
baseline,real_gva,growth,pct,AT,,C_low,2025,1.487310258
baseline,real_gva,growth,pct,AT,,C_low,2026,1.997342389
baseline,real_gva,growth,pct,AT,,C_low,2027,1.724837102
historical,real_gva,growth,pct,AT,,C_low,2024,-2.740446651
adverse,real_gva,growth,pct,BE,,C_low,2025,-1.136577634
adverse,real_gva,growth,pct,BE,,C_low,2026,-3.346188445
adverse,real_gva,growth,pct,BE,,C_low,2027,-0.628985294
baseline,real_gva,growth,pct,BE,,C_low,2025,1.578921525
baseline,real_gva,growth,pct,BE,,C_low,2026,1.781676851
baseline,real_gva,growth,pct,BE,,C_low,2027,1.650938510
historical,real_gva,growth,pct,BE,,C_low,2024,0.703131743
adverse,real_gva,growth,pct,BG,,C_low,2025,-5.178841446
adverse,real_gva,growth,pct,BG,,C_low,2026,-4.259031397
adverse,real_gva,growth,pct,BG,,C_low,2027,1.396252675
baseline,real_gva,growth,pct,BG,,C_low,2025,3.366289289
baseline,real_gva,growth,pct,BG,,C_low,2026,3.944742433
baseline,real_gva,growth,pct,BG,,C_low,2027,3.296607931
historical,real_gva,growth,pct,BG,,C_low,2024,4.425001404
adverse,real_gva,growth,pct,CY,,C_low,2025,-3.837025671
adverse,real_gva,growth,pct,CY,,C_low,2026,-5.006046216
adverse,real_gva,growth,pct,CY,,C_low,2027,0.632204091
baseline,real_gva,growth,pct,CY,,C_low,2025,3.254789606
baseline,real_gva,growth,pct,CY,,C_low,2026,3.324253784
baseline,real_gva,growth,pct,CY,,C_low,2027,3.252109591
historical,real_gva,growth,pct,CY,,C_low,2024,2.823144794
adverse,real_gva,growth,pct,CZ,,C_low,2025,-2.893819310
adverse,real_gva,growth,pct,CZ,,C_low,2026,-6.285893951
adverse,real_gva,growth,pct,CZ,,C_low,2027,-0.572423915
baseline,real_gva,growth,pct,CZ,,C_low,2025,3.020561748
baseline,real_gva,growth,pct,CZ,,C_low,2026,2.999120288
baseline,real_gva,growth,pct,CZ,,C_low,2027,2.950846395
historical,real_gva,growth,pct,CZ,,C_low,2024,3.016283229
adverse,real_gva,growth,pct,DE,,C_low,2025,-5.324373455
adverse,real_gva,growth,pct,DE,,C_low,2026,-5.841492939
adverse,real_gva,growth,pct,DE,,C_low,2027,-0.787682692
baseline,real_gva,growth,pct,DE,,C_low,2025,0.608048882
baseline,real_gva,growth,pct,DE,,C_low,2026,1.201966894
baseline,real_gva,growth,pct,DE,,C_low,2027,1.261936622
historical,real_gva,growth,pct,DE,,C_low,2024,-2.506305469
adverse,real_gva,growth,pct,DK,,C_low,2025,-4.097500299
adverse,real_gva,growth,pct,DK,,C_low,2026,-6.162627466
adverse,real_gva,growth,pct,DK,,C_low,2027,0.262160052
baseline,real_gva,growth,pct,DK,,C_low,2025,2.924114853
baseline,real_gva,growth,pct,DK,,C_low,2026,2.022651311
baseline,real_gva,growth,pct,DK,,C_low,2027,1.938390531
historical,real_gva,growth,pct,DK,,C_low,2024,10.651103495
adverse,real_gva,growth,pct,EA,,C_low,2025,-3.347104221
adverse,real_gva,growth,pct,EA,,C_low,2026,-4.786335563
adverse,real_gva,growth,pct,EA,,C_low,2027,-0.686756052
baseline,real_gva,growth,pct,EA,,C_low,2025,1.481223696
baseline,real_gva,growth,pct,EA,,C_low,2026,1.764212599
baseline,real_gva,growth,pct,EA,,C_low,2027,1.656988155
historical,real_gva,growth,pct,EA,,C_low,2024,-0.727622999
adverse,real_gva,growth,pct,EE,,C_low,2025,-8.420345336
adverse,real_gva,growth,pct,EE,,C_low,2026,-3.958894268
adverse,real_gva,growth,pct,EE,,C_low,2027,0.688886316
baseline,real_gva,growth,pct,EE,,C_low,2025,2.163573697
baseline,real_gva,growth,pct,EE,,C_low,2026,3.322590017
baseline,real_gva,growth,pct,EE,,C_low,2027,3.339949350
historical,real_gva,growth,pct,EE,,C_low,2024,-1.238112208
adverse,real_gva,growth,pct,ES,,C_low,2025,-4.211258126
adverse,real_gva,growth,pct,ES,,C_low,2026,-3.456644021
adverse,real_gva,growth,pct,ES,,C_low,2027,1.825535879
baseline,real_gva,growth,pct,ES,,C_low,2025,2.813004234
baseline,real_gva,growth,pct,ES,,C_low,2026,2.352925482
baseline,real_gva,growth,pct,ES,,C_low,2027,2.212103022
historical,real_gva,growth,pct,ES,,C_low,2024,4.004924672
adverse,real_gva,growth,pct,EU,,C_low,2025,-3.338072140
adverse,real_gva,growth,pct,EU,,C_low,2026,-4.963738137
adverse,real_gva,growth,pct,EU,,C_low,2027,-0.683941650
baseline,real_gva,growth,pct,EU,,C_low,2025,1.747249212
baseline,real_gva,growth,pct,EU,,C_low,2026,1.986921965
baseline,real_gva,growth,pct,EU,,C_low,2027,1.834467240
historical,real_gva,growth,pct,EU,,C_low,2024,0.169144468
adverse,real_gva,growth,pct,FI,,C_low,2025,-6.495930439
adverse,real_gva,growth,pct,FI,,C_low,2026,-3.953926158
adverse,real_gva,growth,pct,FI,,C_low,2027,-0.999437598
baseline,real_gva,growth,pct,FI,,C_low,2025,1.229686852
baseline,real_gva,growth,pct,FI,,C_low,2026,2.163450017
baseline,real_gva,growth,pct,FI,,C_low,2027,1.700144525
historical,real_gva,growth,pct,FI,,C_low,2024,-6.885028875
adverse,real_gva,growth,pct,FR,,C_low,2025,-2.264042880
adverse,real_gva,growth,pct,FR,,C_low,2026,-5.365068291
adverse,real_gva,growth,pct,FR,,C_low,2027,-1.470156324
baseline,real_gva,growth,pct,FR,,C_low,2025,1.278207638
baseline,real_gva,growth,pct,FR,,C_low,2026,1.605117603
baseline,real_gva,growth,pct,FR,,C_low,2027,1.595154022
historical,real_gva,growth,pct,FR,,C_low,2024,1.584925836
adverse,real_gva,growth,pct,GR,,C_low,2025,-3.602684321
adverse,real_gva,growth,pct,GR,,C_low,2026,-6.392637980
adverse,real_gva,growth,pct,GR,,C_low,2027,-2.205040446
baseline,real_gva,growth,pct,GR,,C_low,2025,2.585616064
baseline,real_gva,growth,pct,GR,,C_low,2026,2.403034538
baseline,real_gva,growth,pct,GR,,C_low,2027,2.139992109
historical,real_gva,growth,pct,GR,,C_low,2024,3.227511794
adverse,real_gva,growth,pct,HR,,C_low,2025,-1.277211815
adverse,real_gva,growth,pct,HR,,C_low,2026,-3.577486662
adverse,real_gva,growth,pct,HR,,C_low,2027,0.695065393
baseline,real_gva,growth,pct,HR,,C_low,2025,3.546299810
baseline,real_gva,growth,pct,HR,,C_low,2026,3.338648590
baseline,real_gva,growth,pct,HR,,C_low,2027,2.551840779
historical,real_gva,growth,pct,HR,,C_low,2024,-3.126870584
adverse,real_gva,growth,pct,HU,,C_low,2025,-1.618496410
adverse,real_gva,growth,pct,HU,,C_low,2026,-5.026448299
adverse,real_gva,growth,pct,HU,,C_low,2027,0.871153039
baseline,real_gva,growth,pct,HU,,C_low,2025,3.487845780
baseline,real_gva,growth,pct,HU,,C_low,2026,4.084419706
baseline,real_gva,growth,pct,HU,,C_low,2027,3.262774053
historical,real_gva,growth,pct,HU,,C_low,2024,-3.669087969
adverse,real_gva,growth,pct,IE,,C_low,2025,-0.478684781
adverse,real_gva,growth,pct,IE,,C_low,2026,-3.369776886
adverse,real_gva,growth,pct,IE,,C_low,2027,0.083843277
baseline,real_gva,growth,pct,IE,,C_low,2025,4.281213853
baseline,real_gva,growth,pct,IE,,C_low,2026,4.749637678
baseline,real_gva,growth,pct,IE,,C_low,2027,3.876935386
historical,real_gva,growth,pct,IE,,C_low,2024,-15.354952101
adverse,real_gva,growth,pct,IT,,C_low,2025,-2.087494987
adverse,real_gva,growth,pct,IT,,C_low,2026,-4.526274048
adverse,real_gva,growth,pct,IT,,C_low,2027,-1.711169613
baseline,real_gva,growth,pct,IT,,C_low,2025,1.107803472
baseline,real_gva,growth,pct,IT,,C_low,2026,1.365087257
baseline,real_gva,growth,pct,IT,,C_low,2027,1.205353073
historical,real_gva,growth,pct,IT,,C_low,2024,-0.020130715
adverse,real_gva,growth,pct,LT,,C_low,2025,-1.305331464
adverse,real_gva,growth,pct,LT,,C_low,2026,-4.197096727
adverse,real_gva,growth,pct,LT,,C_low,2027,0.979976592
baseline,real_gva,growth,pct,LT,,C_low,2025,3.561338963
baseline,real_gva,growth,pct,LT,,C_low,2026,3.589425052
baseline,real_gva,growth,pct,LT,,C_low,2027,3.483908278
historical,real_gva,growth,pct,LT,,C_low,2024,3.064150004
adverse,real_gva,growth,pct,LU,,C_low,2025,-2.685394526
adverse,real_gva,growth,pct,LU,,C_low,2026,-5.022938594
adverse,real_gva,growth,pct,LU,,C_low,2027,0.685023915
baseline,real_gva,growth,pct,LU,,C_low,2025,2.451300839
baseline,real_gva,growth,pct,LU,,C_low,2026,2.905956842
baseline,real_gva,growth,pct,LU,,C_low,2027,2.918870898
historical,real_gva,growth,pct,LU,,C_low,2024,-2.116483242
adverse,real_gva,growth,pct,LV,,C_low,2025,-4.377512897
adverse,real_gva,growth,pct,LV,,C_low,2026,-4.745924428
adverse,real_gva,growth,pct,LV,,C_low,2027,-0.300707917
baseline,real_gva,growth,pct,LV,,C_low,2025,2.237683167
baseline,real_gva,growth,pct,LV,,C_low,2026,3.023451670
baseline,real_gva,growth,pct,LV,,C_low,2027,3.273954290
historical,real_gva,growth,pct,LV,,C_low,2024,-1.338032519
adverse,real_gva,growth,pct,MT,,C_low,2025,-3.105826966
adverse,real_gva,growth,pct,MT,,C_low,2026,-5.959072489
adverse,real_gva,growth,pct,MT,,C_low,2027,0.527640461
baseline,real_gva,growth,pct,MT,,C_low,2025,3.906569050
baseline,real_gva,growth,pct,MT,,C_low,2026,3.691075940
baseline,real_gva,growth,pct,MT,,C_low,2027,3.445280031
historical,real_gva,growth,pct,MT,,C_low,2024,6.839849217
adverse,real_gva,growth,pct,NL,,C_low,2025,-2.024796686
adverse,real_gva,growth,pct,NL,,C_low,2026,-4.126947699
adverse,real_gva,growth,pct,NL,,C_low,2027,-0.238045278
baseline,real_gva,growth,pct,NL,,C_low,2025,1.825073974
baseline,real_gva,growth,pct,NL,,C_low,2026,1.789221668
baseline,real_gva,growth,pct,NL,,C_low,2027,1.549735779
historical,real_gva,growth,pct,NL,,C_low,2024,-1.493435800
adverse,real_gva,growth,pct,PL,,C_low,2025,-1.119363450
adverse,real_gva,growth,pct,PL,,C_low,2026,-3.727897095
adverse,real_gva,growth,pct,PL,,C_low,2027,-0.030385462
baseline,real_gva,growth,pct,PL,,C_low,2025,3.975616711
baseline,real_gva,growth,pct,PL,,C_low,2026,3.889416306
baseline,real_gva,growth,pct,PL,,C_low,2027,2.907670016
historical,real_gva,growth,pct,PL,,C_low,2024,2.359094662
adverse,real_gva,growth,pct,PT,,C_low,2025,-3.067279957
adverse,real_gva,growth,pct,PT,,C_low,2026,-5.285299218
adverse,real_gva,growth,pct,PT,,C_low,2027,-1.075653214
baseline,real_gva,growth,pct,PT,,C_low,2025,2.384393428
baseline,real_gva,growth,pct,PT,,C_low,2026,2.371738689
baseline,real_gva,growth,pct,PT,,C_low,2027,1.913481623
historical,real_gva,growth,pct,PT,,C_low,2024,4.626268320
adverse,real_gva,growth,pct,RO,,C_low,2025,-2.455665659
adverse,real_gva,growth,pct,RO,,C_low,2026,-4.514134083
adverse,real_gva,growth,pct,RO,,C_low,2027,0.061686594
baseline,real_gva,growth,pct,RO,,C_low,2025,3.015048763
baseline,real_gva,growth,pct,RO,,C_low,2026,3.610813614
baseline,real_gva,growth,pct,RO,,C_low,2027,4.079675352
historical,real_gva,growth,pct,RO,,C_low,2024,15.389325023
adverse,real_gva,growth,pct,SE,,C_low,2025,-6.161702853
adverse,real_gva,growth,pct,SE,,C_low,2026,-9.418862040
adverse,real_gva,growth,pct,SE,,C_low,2027,-2.962438976
baseline,real_gva,growth,pct,SE,,C_low,2025,2.589488148
baseline,real_gva,growth,pct,SE,,C_low,2026,2.658216103
baseline,real_gva,growth,pct,SE,,C_low,2027,2.283096113
historical,real_gva,growth,pct,SE,,C_low,2024,3.859893744
adverse,real_gva,growth,pct,SI,,C_low,2025,-1.852242683
adverse,real_gva,growth,pct,SI,,C_low,2026,-4.893939783
adverse,real_gva,growth,pct,SI,,C_low,2027,0.304424077
baseline,real_gva,growth,pct,SI,,C_low,2025,2.745825809
baseline,real_gva,growth,pct,SI,,C_low,2026,3.228178669
baseline,real_gva,growth,pct,SI,,C_low,2027,2.836332678
historical,real_gva,growth,pct,SI,,C_low,2024,1.808406843
adverse,real_gva,growth,pct,SK,,C_low,2025,-4.875425814
adverse,real_gva,growth,pct,SK,,C_low,2026,-6.852520522
adverse,real_gva,growth,pct,SK,,C_low,2027,-0.373064925
baseline,real_gva,growth,pct,SK,,C_low,2025,2.524530983
baseline,real_gva,growth,pct,SK,,C_low,2026,2.198960666
baseline,real_gva,growth,pct,SK,,C_low,2027,2.746396414
historical,real_gva,growth,pct,SK,,C_low,2024,-2.950692853
adverse,real_gva,growth,pct,AT,,D,2025,-3.259898798
adverse,real_gva,growth,pct,AT,,D,2026,-4.395986144
adverse,real_gva,growth,pct,AT,,D,2027,1.282652351
baseline,real_gva,growth,pct,AT,,D,2025,1.117122478
baseline,real_gva,growth,pct,AT,,D,2026,1.668866806
baseline,real_gva,growth,pct,AT,,D,2027,1.382620430
historical,real_gva,growth,pct,AT,,D,2024,-1.061361138
adverse,real_gva,growth,pct,BE,,D,2025,-1.508762891
adverse,real_gva,growth,pct,BE,,D,2026,-4.311005354
adverse,real_gva,growth,pct,BE,,D,2027,-1.195278999
baseline,real_gva,growth,pct,BE,,D,2025,0.890571208
baseline,real_gva,growth,pct,BE,,D,2026,1.083586893
baseline,real_gva,growth,pct,BE,,D,2027,0.955822027
historical,real_gva,growth,pct,BE,,D,2024,0.246783616
adverse,real_gva,growth,pct,BG,,D,2025,-4.515498831
adverse,real_gva,growth,pct,BG,,D,2026,-4.681337263
adverse,real_gva,growth,pct,BG,,D,2027,1.756969850
baseline,real_gva,growth,pct,BG,,D,2025,2.471586239
baseline,real_gva,growth,pct,BG,,D,2026,3.052661356
baseline,real_gva,growth,pct,BG,,D,2027,2.400164229
historical,real_gva,growth,pct,BG,,D,2024,-15.081609712
adverse,real_gva,growth,pct,CY,,D,2025,-4.415261232
adverse,real_gva,growth,pct,CY,,D,2026,-5.495456995
adverse,real_gva,growth,pct,CY,,D,2027,0.569822376
baseline,real_gva,growth,pct,CY,,D,2025,2.830875574
baseline,real_gva,growth,pct,CY,,D,2026,2.897481568
baseline,real_gva,growth,pct,CY,,D,2027,2.823947946
historical,real_gva,growth,pct,CY,,D,2024,2.714831041
adverse,real_gva,growth,pct,CZ,,D,2025,-3.825883132
adverse,real_gva,growth,pct,CZ,,D,2026,-7.134502704
adverse,real_gva,growth,pct,CZ,,D,2027,0.272248957
baseline,real_gva,growth,pct,CZ,,D,2025,1.988489468
baseline,real_gva,growth,pct,CZ,,D,2026,2.029300820
baseline,real_gva,growth,pct,CZ,,D,2027,1.970007362
historical,real_gva,growth,pct,CZ,,D,2024,-13.243554565
adverse,real_gva,growth,pct,DE,,D,2025,-3.523983453
adverse,real_gva,growth,pct,DE,,D,2026,-4.636440479
adverse,real_gva,growth,pct,DE,,D,2027,0.790218584
baseline,real_gva,growth,pct,DE,,D,2025,0.228211214
baseline,real_gva,growth,pct,DE,,D,2026,0.848673260
baseline,real_gva,growth,pct,DE,,D,2027,0.922343756
historical,real_gva,growth,pct,DE,,D,2024,8.230082610
adverse,real_gva,growth,pct,DK,,D,2025,-2.726294435
adverse,real_gva,growth,pct,DK,,D,2026,-3.079446809
adverse,real_gva,growth,pct,DK,,D,2027,2.013188044
baseline,real_gva,growth,pct,DK,,D,2025,2.346839926
baseline,real_gva,growth,pct,DK,,D,2026,1.610789880
baseline,real_gva,growth,pct,DK,,D,2027,1.547838844
historical,real_gva,growth,pct,DK,,D,2024,16.325718470
adverse,real_gva,growth,pct,EA,,D,2025,-2.538796792
adverse,real_gva,growth,pct,EA,,D,2026,-4.583924831
adverse,real_gva,growth,pct,EA,,D,2027,0.098492333
baseline,real_gva,growth,pct,EA,,D,2025,1.089136614
baseline,real_gva,growth,pct,EA,,D,2026,1.376462278
baseline,real_gva,growth,pct,EA,,D,2027,1.274631746
historical,real_gva,growth,pct,EA,,D,2024,7.338462793
adverse,real_gva,growth,pct,EE,,D,2025,-5.461916771
adverse,real_gva,growth,pct,EE,,D,2026,-7.037579373
adverse,real_gva,growth,pct,EE,,D,2027,-0.364070097
baseline,real_gva,growth,pct,EE,,D,2025,1.448594664
baseline,real_gva,growth,pct,EE,,D,2026,2.632298311
baseline,real_gva,growth,pct,EE,,D,2027,2.672727231
historical,real_gva,growth,pct,EE,,D,2024,-24.689364578
adverse,real_gva,growth,pct,ES,,D,2025,-4.093836128
adverse,real_gva,growth,pct,ES,,D,2026,-4.830495199
adverse,real_gva,growth,pct,ES,,D,2027,2.138993072
baseline,real_gva,growth,pct,ES,,D,2025,2.213436795
baseline,real_gva,growth,pct,ES,,D,2026,1.693630626
baseline,real_gva,growth,pct,ES,,D,2027,1.530679001
historical,real_gva,growth,pct,ES,,D,2024,7.614583314
adverse,real_gva,growth,pct,EU,,D,2025,-2.494977912
adverse,real_gva,growth,pct,EU,,D,2026,-4.707576166
adverse,real_gva,growth,pct,EU,,D,2027,0.168238702
baseline,real_gva,growth,pct,EU,,D,2025,1.334824690
baseline,real_gva,growth,pct,EU,,D,2026,1.590612785
baseline,real_gva,growth,pct,EU,,D,2027,1.433903880
historical,real_gva,growth,pct,EU,,D,2024,6.909861191
adverse,real_gva,growth,pct,FI,,D,2025,-4.213916483
adverse,real_gva,growth,pct,FI,,D,2026,-2.883868572
adverse,real_gva,growth,pct,FI,,D,2027,0.054078865
baseline,real_gva,growth,pct,FI,,D,2025,1.005581346
baseline,real_gva,growth,pct,FI,,D,2026,2.054268290
baseline,real_gva,growth,pct,FI,,D,2027,1.565991090
historical,real_gva,growth,pct,FI,,D,2024,-4.310865281
adverse,real_gva,growth,pct,FR,,D,2025,-1.604368909
adverse,real_gva,growth,pct,FR,,D,2026,-4.665221830
adverse,real_gva,growth,pct,FR,,D,2027,-0.752362712
baseline,real_gva,growth,pct,FR,,D,2025,0.841140309
baseline,real_gva,growth,pct,FR,,D,2026,1.179870429
baseline,real_gva,growth,pct,FR,,D,2027,1.172305584
historical,real_gva,growth,pct,FR,,D,2024,14.259976187
adverse,real_gva,growth,pct,GR,,D,2025,-1.384910192
adverse,real_gva,growth,pct,GR,,D,2026,-4.627617706
adverse,real_gva,growth,pct,GR,,D,2027,-0.617393443
baseline,real_gva,growth,pct,GR,,D,2025,2.633667960
baseline,real_gva,growth,pct,GR,,D,2026,2.443990661
baseline,real_gva,growth,pct,GR,,D,2027,2.171060722
historical,real_gva,growth,pct,GR,,D,2024,7.888041298
adverse,real_gva,growth,pct,HR,,D,2025,-1.676357830
adverse,real_gva,growth,pct,HR,,D,2026,-6.834180559
adverse,real_gva,growth,pct,HR,,D,2027,0.728996655
baseline,real_gva,growth,pct,HR,,D,2025,3.212468571
baseline,real_gva,growth,pct,HR,,D,2026,2.935601515
baseline,real_gva,growth,pct,HR,,D,2027,2.256187790
historical,real_gva,growth,pct,HR,,D,2024,-3.080475539
adverse,real_gva,growth,pct,HU,,D,2025,-2.284545860
adverse,real_gva,growth,pct,HU,,D,2026,-6.444324270
adverse,real_gva,growth,pct,HU,,D,2027,0.774506936
baseline,real_gva,growth,pct,HU,,D,2025,3.107050462
baseline,real_gva,growth,pct,HU,,D,2026,3.834981156
baseline,real_gva,growth,pct,HU,,D,2027,2.956311875
historical,real_gva,growth,pct,HU,,D,2024,23.817949508
adverse,real_gva,growth,pct,IE,,D,2025,-0.592234122
adverse,real_gva,growth,pct,IE,,D,2026,-3.058239646
adverse,real_gva,growth,pct,IE,,D,2027,1.927124590
baseline,real_gva,growth,pct,IE,,D,2025,4.187380903
baseline,real_gva,growth,pct,IE,,D,2026,4.544352010
baseline,real_gva,growth,pct,IE,,D,2027,3.819117398
historical,real_gva,growth,pct,IE,,D,2024,45.815078606
adverse,real_gva,growth,pct,IT,,D,2025,-2.053422082
adverse,real_gva,growth,pct,IT,,D,2026,-5.027601589
adverse,real_gva,growth,pct,IT,,D,2027,-1.619571627
baseline,real_gva,growth,pct,IT,,D,2025,0.596418933
baseline,real_gva,growth,pct,IT,,D,2026,0.882091035
baseline,real_gva,growth,pct,IT,,D,2027,0.711550955
historical,real_gva,growth,pct,IT,,D,2024,0.287386827
adverse,real_gva,growth,pct,LT,,D,2025,-1.575632324
adverse,real_gva,growth,pct,LT,,D,2026,-5.590244344
adverse,real_gva,growth,pct,LT,,D,2027,1.486509778
baseline,real_gva,growth,pct,LT,,D,2025,3.008978361
baseline,real_gva,growth,pct,LT,,D,2026,3.040108462
baseline,real_gva,growth,pct,LT,,D,2027,2.929637997
historical,real_gva,growth,pct,LT,,D,2024,-0.979632667
adverse,real_gva,growth,pct,LU,,D,2025,-2.339478830
adverse,real_gva,growth,pct,LU,,D,2026,-5.032884855
adverse,real_gva,growth,pct,LU,,D,2027,0.584593688
baseline,real_gva,growth,pct,LU,,D,2025,2.290198478
baseline,real_gva,growth,pct,LU,,D,2026,2.755283733
baseline,real_gva,growth,pct,LU,,D,2027,2.769170457
historical,real_gva,growth,pct,LU,,D,2024,4.992584101
adverse,real_gva,growth,pct,LV,,D,2025,-3.053050289
adverse,real_gva,growth,pct,LV,,D,2026,-4.874383190
adverse,real_gva,growth,pct,LV,,D,2027,0.083119361
baseline,real_gva,growth,pct,LV,,D,2025,2.307356850
baseline,real_gva,growth,pct,LV,,D,2026,3.112205895
baseline,real_gva,growth,pct,LV,,D,2027,3.368236009
historical,real_gva,growth,pct,LV,,D,2024,2.335741528
adverse,real_gva,growth,pct,MT,,D,2025,-2.188377814
adverse,real_gva,growth,pct,MT,,D,2026,-5.617117270
adverse,real_gva,growth,pct,MT,,D,2027,1.760350991
baseline,real_gva,growth,pct,MT,,D,2025,4.096935084
baseline,real_gva,growth,pct,MT,,D,2026,3.937403498
baseline,real_gva,growth,pct,MT,,D,2027,3.660197043
historical,real_gva,growth,pct,MT,,D,2024,-30.616204504
adverse,real_gva,growth,pct,NL,,D,2025,-1.456842658
adverse,real_gva,growth,pct,NL,,D,2026,-4.049684011
adverse,real_gva,growth,pct,NL,,D,2027,0.446998500
baseline,real_gva,growth,pct,NL,,D,2025,1.791868259
baseline,real_gva,growth,pct,NL,,D,2026,1.714186380
baseline,real_gva,growth,pct,NL,,D,2027,1.491872080
historical,real_gva,growth,pct,NL,,D,2024,-2.448431215
adverse,real_gva,growth,pct,PL,,D,2025,-0.676981945
adverse,real_gva,growth,pct,PL,,D,2026,-4.940773992
adverse,real_gva,growth,pct,PL,,D,2027,-0.153682409
baseline,real_gva,growth,pct,PL,,D,2025,3.397374491
baseline,real_gva,growth,pct,PL,,D,2026,3.346988616
baseline,real_gva,growth,pct,PL,,D,2027,2.203610651
historical,real_gva,growth,pct,PL,,D,2024,9.030589696
adverse,real_gva,growth,pct,PT,,D,2025,-2.083520863
adverse,real_gva,growth,pct,PT,,D,2026,-4.562020983
adverse,real_gva,growth,pct,PT,,D,2027,-0.358533457
baseline,real_gva,growth,pct,PT,,D,2025,2.149069951
baseline,real_gva,growth,pct,PT,,D,2026,2.163739397
baseline,real_gva,growth,pct,PT,,D,2027,1.635253443
historical,real_gva,growth,pct,PT,,D,2024,7.710940866
adverse,real_gva,growth,pct,RO,,D,2025,-1.439115192
adverse,real_gva,growth,pct,RO,,D,2026,-3.787383322
adverse,real_gva,growth,pct,RO,,D,2027,0.063051515
baseline,real_gva,growth,pct,RO,,D,2025,2.858872814
baseline,real_gva,growth,pct,RO,,D,2026,3.540140047
baseline,real_gva,growth,pct,RO,,D,2027,4.050622588
historical,real_gva,growth,pct,RO,,D,2024,-0.126042941
adverse,real_gva,growth,pct,SE,,D,2025,-2.348274408
adverse,real_gva,growth,pct,SE,,D,2026,-4.459443628
adverse,real_gva,growth,pct,SE,,D,2027,2.310051934
baseline,real_gva,growth,pct,SE,,D,2025,2.255497820
baseline,real_gva,growth,pct,SE,,D,2026,2.418313943
baseline,real_gva,growth,pct,SE,,D,2027,1.974698291
historical,real_gva,growth,pct,SE,,D,2024,-0.410512650
adverse,real_gva,growth,pct,SI,,D,2025,-2.436129994
adverse,real_gva,growth,pct,SI,,D,2026,-7.246251922
adverse,real_gva,growth,pct,SI,,D,2027,-1.489501160
baseline,real_gva,growth,pct,SI,,D,2025,2.222503521
baseline,real_gva,growth,pct,SI,,D,2026,2.699157226
baseline,real_gva,growth,pct,SI,,D,2027,2.319296586
historical,real_gva,growth,pct,SI,,D,2024,4.909402581
adverse,real_gva,growth,pct,SK,,D,2025,-2.401299473
adverse,real_gva,growth,pct,SK,,D,2026,-4.934096521
adverse,real_gva,growth,pct,SK,,D,2027,0.814651886
baseline,real_gva,growth,pct,SK,,D,2025,2.652806231
baseline,real_gva,growth,pct,SK,,D,2026,2.326964365
baseline,real_gva,growth,pct,SK,,D,2027,2.879008850
historical,real_gva,growth,pct,SK,,D,2024,-14.422869984
adverse,real_gva,growth,pct,AT,,E,2025,-3.233494084
adverse,real_gva,growth,pct,AT,,E,2026,-4.691369315
adverse,real_gva,growth,pct,AT,,E,2027,0.966344433
baseline,real_gva,growth,pct,AT,,E,2025,1.113680259
baseline,real_gva,growth,pct,AT,,E,2026,1.656807365
baseline,real_gva,growth,pct,AT,,E,2027,1.374911543
historical,real_gva,growth,pct,AT,,E,2024,-1.058873744
adverse,real_gva,growth,pct,BE,,E,2025,-1.177008090
adverse,real_gva,growth,pct,BE,,E,2026,-3.721364155
adverse,real_gva,growth,pct,BE,,E,2027,-0.912974785
baseline,real_gva,growth,pct,BE,,E,2025,1.182504377
baseline,real_gva,growth,pct,BE,,E,2026,1.377652541
baseline,real_gva,growth,pct,BE,,E,2027,1.249563779
historical,real_gva,growth,pct,BE,,E,2024,0.355476640
adverse,real_gva,growth,pct,BG,,E,2025,-2.576478718
adverse,real_gva,growth,pct,BG,,E,2026,-2.428833013
adverse,real_gva,growth,pct,BG,,E,2027,2.483281753
baseline,real_gva,growth,pct,BG,,E,2025,2.888546212
baseline,real_gva,growth,pct,BG,,E,2026,3.470536739
baseline,real_gva,growth,pct,BG,,E,2027,2.816292696
historical,real_gva,growth,pct,BG,,E,2024,-14.952291190
adverse,real_gva,growth,pct,CY,,E,2025,-1.803328396
adverse,real_gva,growth,pct,CY,,E,2026,-5.371387957
adverse,real_gva,growth,pct,CY,,E,2027,0.845019179
baseline,real_gva,growth,pct,CY,,E,2025,3.271245115
baseline,real_gva,growth,pct,CY,,E,2026,3.337891165
baseline,real_gva,growth,pct,CY,,E,2027,3.264092785
historical,real_gva,growth,pct,CY,,E,2024,2.882334352
adverse,real_gva,growth,pct,CZ,,E,2025,-2.990858823
adverse,real_gva,growth,pct,CZ,,E,2026,-5.072044228
adverse,real_gva,growth,pct,CZ,,E,2027,0.899804397
baseline,real_gva,growth,pct,CZ,,E,2025,2.335906646
baseline,real_gva,growth,pct,CZ,,E,2026,2.377635366
baseline,real_gva,growth,pct,CZ,,E,2027,2.318090198
historical,real_gva,growth,pct,CZ,,E,2024,-13.134166751
adverse,real_gva,growth,pct,DE,,E,2025,-3.782633238
adverse,real_gva,growth,pct,DE,,E,2026,-5.042861556
adverse,real_gva,growth,pct,DE,,E,2027,0.382738999
baseline,real_gva,growth,pct,DE,,E,2025,0.178613300
baseline,real_gva,growth,pct,DE,,E,2026,0.797814133
baseline,real_gva,growth,pct,DE,,E,2027,0.871670299
historical,real_gva,growth,pct,DE,,E,2024,8.210325454
adverse,real_gva,growth,pct,DK,,E,2025,-2.310866321
adverse,real_gva,growth,pct,DK,,E,2026,-2.593229906
adverse,real_gva,growth,pct,DK,,E,2027,2.189386496
baseline,real_gva,growth,pct,DK,,E,2025,2.098569487
baseline,real_gva,growth,pct,DK,,E,2026,1.386249023
baseline,real_gva,growth,pct,DK,,E,2027,1.326454892
historical,real_gva,growth,pct,DK,,E,2024,16.228577913
adverse,real_gva,growth,pct,EA,,E,2025,-2.178433469
adverse,real_gva,growth,pct,EA,,E,2026,-4.047635429
adverse,real_gva,growth,pct,EA,,E,2027,0.061382747
baseline,real_gva,growth,pct,EA,,E,2025,1.161191253
baseline,real_gva,growth,pct,EA,,E,2026,1.445583848
baseline,real_gva,growth,pct,EA,,E,2027,1.344855629
historical,real_gva,growth,pct,EA,,E,2024,7.530506525
adverse,real_gva,growth,pct,EE,,E,2025,-5.257580489
adverse,real_gva,growth,pct,EE,,E,2026,-5.553889545
adverse,real_gva,growth,pct,EE,,E,2027,0.234825874
baseline,real_gva,growth,pct,EE,,E,2025,1.440074599
baseline,real_gva,growth,pct,EE,,E,2026,2.631748213
baseline,real_gva,growth,pct,EE,,E,2027,2.678090623
historical,real_gva,growth,pct,EE,,E,2024,-24.698800194
adverse,real_gva,growth,pct,ES,,E,2025,-2.408500571
adverse,real_gva,growth,pct,ES,,E,2026,-3.247694953
adverse,real_gva,growth,pct,ES,,E,2027,2.228513812
baseline,real_gva,growth,pct,ES,,E,2025,2.580521541
baseline,real_gva,growth,pct,ES,,E,2026,2.051888520
baseline,real_gva,growth,pct,ES,,E,2027,1.885904747
historical,real_gva,growth,pct,ES,,E,2024,7.763254460
adverse,real_gva,growth,pct,EU,,E,2025,-2.098308127
adverse,real_gva,growth,pct,EU,,E,2026,-4.054237096
adverse,real_gva,growth,pct,EU,,E,2027,0.212873317
baseline,real_gva,growth,pct,EU,,E,2025,1.419795603
baseline,real_gva,growth,pct,EU,,E,2026,1.672744245
baseline,real_gva,growth,pct,EU,,E,2027,1.516381631
historical,real_gva,growth,pct,EU,,E,2024,6.880822888
adverse,real_gva,growth,pct,FI,,E,2025,-4.817147393
adverse,real_gva,growth,pct,FI,,E,2026,-3.511483807
adverse,real_gva,growth,pct,FI,,E,2027,-0.574703859
baseline,real_gva,growth,pct,FI,,E,2025,1.122896147
baseline,real_gva,growth,pct,FI,,E,2026,2.138619186
baseline,real_gva,growth,pct,FI,,E,2027,1.665322179
historical,real_gva,growth,pct,FI,,E,2024,-6.330177081
adverse,real_gva,growth,pct,FR,,E,2025,-1.118893311
adverse,real_gva,growth,pct,FR,,E,2026,-3.801148526
adverse,real_gva,growth,pct,FR,,E,2027,-0.396885333
baseline,real_gva,growth,pct,FR,,E,2025,1.054145750
baseline,real_gva,growth,pct,FR,,E,2026,1.390778167
baseline,real_gva,growth,pct,FR,,E,2027,1.383208457
historical,real_gva,growth,pct,FR,,E,2024,14.350703942
adverse,real_gva,growth,pct,GR,,E,2025,-0.326567719
adverse,real_gva,growth,pct,GR,,E,2026,-2.872486498
adverse,real_gva,growth,pct,GR,,E,2027,0.629113619
baseline,real_gva,growth,pct,GR,,E,2025,2.318295376
baseline,real_gva,growth,pct,GR,,E,2026,2.133433537
baseline,real_gva,growth,pct,GR,,E,2027,1.866406335
historical,real_gva,growth,pct,GR,,E,2024,7.771047214
adverse,real_gva,growth,pct,HR,,E,2025,-0.595130375
adverse,real_gva,growth,pct,HR,,E,2026,-3.157941244
adverse,real_gva,growth,pct,HR,,E,2027,2.251006534
baseline,real_gva,growth,pct,HR,,E,2025,3.088064545
baseline,real_gva,growth,pct,HR,,E,2026,2.807794376
baseline,real_gva,growth,pct,HR,,E,2027,2.149144838
historical,real_gva,growth,pct,HR,,E,2024,-7.250845734
adverse,real_gva,growth,pct,HU,,E,2025,-0.916417844
adverse,real_gva,growth,pct,HU,,E,2026,-3.920087688
adverse,real_gva,growth,pct,HU,,E,2027,2.289064164
baseline,real_gva,growth,pct,HU,,E,2025,3.362495382
baseline,real_gva,growth,pct,HU,,E,2026,4.098685029
baseline,real_gva,growth,pct,HU,,E,2027,3.216760846
historical,real_gva,growth,pct,HU,,E,2024,23.932403802
adverse,real_gva,growth,pct,IE,,E,2025,-0.387735834
adverse,real_gva,growth,pct,IE,,E,2026,-2.874699526
adverse,real_gva,growth,pct,IE,,E,2027,2.472624349
baseline,real_gva,growth,pct,IE,,E,2025,4.252304671
baseline,real_gva,growth,pct,IE,,E,2026,4.609074901
baseline,real_gva,growth,pct,IE,,E,2027,3.888302322
historical,real_gva,growth,pct,IE,,E,2024,44.497792015
adverse,real_gva,growth,pct,IT,,E,2025,-1.574699100
adverse,real_gva,growth,pct,IT,,E,2026,-4.272000977
adverse,real_gva,growth,pct,IT,,E,2027,-1.714099911
baseline,real_gva,growth,pct,IT,,E,2025,0.629470146
baseline,real_gva,growth,pct,IT,,E,2026,0.912624236
baseline,real_gva,growth,pct,IT,,E,2027,0.743445611
historical,real_gva,growth,pct,IT,,E,2024,0.300247585
adverse,real_gva,growth,pct,LT,,E,2025,-0.718713507
adverse,real_gva,growth,pct,LT,,E,2026,-3.821104420
adverse,real_gva,growth,pct,LT,,E,2027,2.324837073
baseline,real_gva,growth,pct,LT,,E,2025,3.076038790
baseline,real_gva,growth,pct,LT,,E,2026,3.106506865
baseline,real_gva,growth,pct,LT,,E,2027,2.997542390
historical,real_gva,growth,pct,LT,,E,2024,-0.954064145
adverse,real_gva,growth,pct,LU,,E,2025,-1.976456101
adverse,real_gva,growth,pct,LU,,E,2026,-4.074295924
adverse,real_gva,growth,pct,LU,,E,2027,0.645784767
baseline,real_gva,growth,pct,LU,,E,2025,2.087213959
baseline,real_gva,growth,pct,LU,,E,2026,2.554644679
baseline,real_gva,growth,pct,LU,,E,2027,2.568927645
historical,real_gva,growth,pct,LU,,E,2024,4.915993675
adverse,real_gva,growth,pct,LV,,E,2025,-2.394225931
adverse,real_gva,growth,pct,LV,,E,2026,-4.016700957
adverse,real_gva,growth,pct,LV,,E,2027,0.895412734
baseline,real_gva,growth,pct,LV,,E,2025,2.451614162
baseline,real_gva,growth,pct,LV,,E,2026,3.231869728
baseline,real_gva,growth,pct,LV,,E,2027,3.482179826
historical,real_gva,growth,pct,LV,,E,2024,2.409857686
adverse,real_gva,growth,pct,MT,,E,2025,-0.773640788
adverse,real_gva,growth,pct,MT,,E,2026,-4.235622890
adverse,real_gva,growth,pct,MT,,E,2027,2.645403352
baseline,real_gva,growth,pct,MT,,E,2025,4.024349353
baseline,real_gva,growth,pct,MT,,E,2026,3.865707897
baseline,real_gva,growth,pct,MT,,E,2027,3.588946082
historical,real_gva,growth,pct,MT,,E,2024,-30.633768559
adverse,real_gva,growth,pct,NL,,E,2025,-1.318642043
adverse,real_gva,growth,pct,NL,,E,2026,-3.862680687
adverse,real_gva,growth,pct,NL,,E,2027,0.446178857
baseline,real_gva,growth,pct,NL,,E,2025,1.674289713
baseline,real_gva,growth,pct,NL,,E,2026,1.595691144
baseline,real_gva,growth,pct,NL,,E,2027,1.376134620
historical,real_gva,growth,pct,NL,,E,2024,1.993086639
adverse,real_gva,growth,pct,PL,,E,2025,-0.277566958
adverse,real_gva,growth,pct,PL,,E,2026,-4.098978941
adverse,real_gva,growth,pct,PL,,E,2027,0.382465264
baseline,real_gva,growth,pct,PL,,E,2025,3.719891139
baseline,real_gva,growth,pct,PL,,E,2026,3.674861288
baseline,real_gva,growth,pct,PL,,E,2027,2.499550235
historical,real_gva,growth,pct,PL,,E,2024,9.150911449
adverse,real_gva,growth,pct,PT,,E,2025,-1.830195032
adverse,real_gva,growth,pct,PT,,E,2026,-3.605993564
adverse,real_gva,growth,pct,PT,,E,2027,-0.096612267
baseline,real_gva,growth,pct,PT,,E,2025,2.166207195
baseline,real_gva,growth,pct,PT,,E,2026,2.178351574
baseline,real_gva,growth,pct,PT,,E,2027,1.666528498
historical,real_gva,growth,pct,PT,,E,2024,7.728348403
adverse,real_gva,growth,pct,RO,,E,2025,-0.525455864
adverse,real_gva,growth,pct,RO,,E,2026,-1.003909982
adverse,real_gva,growth,pct,RO,,E,2027,2.540096727
baseline,real_gva,growth,pct,RO,,E,2025,2.852246427
baseline,real_gva,growth,pct,RO,,E,2026,3.518812873
baseline,real_gva,growth,pct,RO,,E,2027,4.020560428
historical,real_gva,growth,pct,RO,,E,2024,-0.117380440
adverse,real_gva,growth,pct,SE,,E,2025,-2.679889308
adverse,real_gva,growth,pct,SE,,E,2026,-4.759144900
adverse,real_gva,growth,pct,SE,,E,2027,1.167728875
baseline,real_gva,growth,pct,SE,,E,2025,2.372859211
baseline,real_gva,growth,pct,SE,,E,2026,2.505736828
baseline,real_gva,growth,pct,SE,,E,2027,2.092318059
historical,real_gva,growth,pct,SE,,E,2024,-6.742053760
adverse,real_gva,growth,pct,SI,,E,2025,-1.594677595
adverse,real_gva,growth,pct,SI,,E,2026,-4.389186292
adverse,real_gva,growth,pct,SI,,E,2027,0.107021773
baseline,real_gva,growth,pct,SI,,E,2025,2.162352621
baseline,real_gva,growth,pct,SI,,E,2026,2.620407316
baseline,real_gva,growth,pct,SI,,E,2027,2.254690715
historical,real_gva,growth,pct,SI,,E,2024,4.895666838
adverse,real_gva,growth,pct,SK,,E,2025,-0.981208748
adverse,real_gva,growth,pct,SK,,E,2026,-3.160908244
adverse,real_gva,growth,pct,SK,,E,2027,1.162038385
baseline,real_gva,growth,pct,SK,,E,2025,2.652766584
baseline,real_gva,growth,pct,SK,,E,2026,2.339300900
baseline,real_gva,growth,pct,SK,,E,2027,2.869937827
historical,real_gva,growth,pct,SK,,E,2024,-21.501757785
adverse,real_gva,growth,pct,AT,,F,2025,-2.161335536
adverse,real_gva,growth,pct,AT,,F,2026,-2.520886719
adverse,real_gva,growth,pct,AT,,F,2027,0.592587767
baseline,real_gva,growth,pct,AT,,F,2025,0.707442460
baseline,real_gva,growth,pct,AT,,F,2026,1.293211827
baseline,real_gva,growth,pct,AT,,F,2027,0.988780942
historical,real_gva,growth,pct,AT,,F,2024,-3.295445640
adverse,real_gva,growth,pct,BE,,F,2025,-0.510609593
adverse,real_gva,growth,pct,BE,,F,2026,-2.726296833
adverse,real_gva,growth,pct,BE,,F,2027,-0.347052706
baseline,real_gva,growth,pct,BE,,F,2025,1.246401915
baseline,real_gva,growth,pct,BE,,F,2026,1.451046081
baseline,real_gva,growth,pct,BE,,F,2027,1.313314333
historical,real_gva,growth,pct,BE,,F,2024,1.820242610
adverse,real_gva,growth,pct,BG,,F,2025,-1.952203421
adverse,real_gva,growth,pct,BG,,F,2026,-0.770554986
adverse,real_gva,growth,pct,BG,,F,2027,3.066061741
baseline,real_gva,growth,pct,BG,,F,2025,2.963299634
baseline,real_gva,growth,pct,BG,,F,2026,3.578941353
baseline,real_gva,growth,pct,BG,,F,2027,2.885143415
historical,real_gva,growth,pct,BG,,F,2024,2.253419181
adverse,real_gva,growth,pct,CY,,F,2025,-1.560367535
adverse,real_gva,growth,pct,CY,,F,2026,-2.320562288
adverse,real_gva,growth,pct,CY,,F,2027,0.613079761
baseline,real_gva,growth,pct,CY,,F,2025,2.950916432
baseline,real_gva,growth,pct,CY,,F,2026,3.021235382
baseline,real_gva,growth,pct,CY,,F,2027,2.942663351
historical,real_gva,growth,pct,CY,,F,2024,7.485898808
adverse,real_gva,growth,pct,CZ,,F,2025,-1.145434625
adverse,real_gva,growth,pct,CZ,,F,2026,-3.443306670
adverse,real_gva,growth,pct,CZ,,F,2027,1.049221920
baseline,real_gva,growth,pct,CZ,,F,2025,1.982651292
baseline,real_gva,growth,pct,CZ,,F,2026,1.987795159
baseline,real_gva,growth,pct,CZ,,F,2027,1.933024646
historical,real_gva,growth,pct,CZ,,F,2024,-4.106257940
adverse,real_gva,growth,pct,DE,,F,2025,-2.355533337
adverse,real_gva,growth,pct,DE,,F,2026,-2.515962057
adverse,real_gva,growth,pct,DE,,F,2027,0.317248604
baseline,real_gva,growth,pct,DE,,F,2025,-0.167053120
baseline,real_gva,growth,pct,DE,,F,2026,0.522502067
baseline,real_gva,growth,pct,DE,,F,2027,0.614017205
historical,real_gva,growth,pct,DE,,F,2024,-2.956567585
adverse,real_gva,growth,pct,DK,,F,2025,-1.911253263
adverse,real_gva,growth,pct,DK,,F,2026,-3.683836451
adverse,real_gva,growth,pct,DK,,F,2027,1.862398093
baseline,real_gva,growth,pct,DK,,F,2025,2.261501556
baseline,real_gva,growth,pct,DK,,F,2026,1.383919306
baseline,real_gva,growth,pct,DK,,F,2027,1.302266640
historical,real_gva,growth,pct,DK,,F,2024,7.402379377
adverse,real_gva,growth,pct,EA,,F,2025,-1.088043773
adverse,real_gva,growth,pct,EA,,F,2026,-2.229020487
adverse,real_gva,growth,pct,EA,,F,2027,0.269192677
baseline,real_gva,growth,pct,EA,,F,2025,0.968156011
baseline,real_gva,growth,pct,EA,,F,2026,1.278931450
baseline,real_gva,growth,pct,EA,,F,2027,1.175302223
historical,real_gva,growth,pct,EA,,F,2024,-0.501963905
adverse,real_gva,growth,pct,EE,,F,2025,-3.832905041
adverse,real_gva,growth,pct,EE,,F,2026,-0.472844958
adverse,real_gva,growth,pct,EE,,F,2027,1.974424931
baseline,real_gva,growth,pct,EE,,F,2025,1.995634364
baseline,real_gva,growth,pct,EE,,F,2026,3.268238992
baseline,real_gva,growth,pct,EE,,F,2027,3.295920677
historical,real_gva,growth,pct,EE,,F,2024,-2.994690917
adverse,real_gva,growth,pct,ES,,F,2025,-1.189915326
adverse,real_gva,growth,pct,ES,,F,2026,-1.969606075
adverse,real_gva,growth,pct,ES,,F,2027,1.719221582
baseline,real_gva,growth,pct,ES,,F,2025,2.252549790
baseline,real_gva,growth,pct,ES,,F,2026,1.688830979
baseline,real_gva,growth,pct,ES,,F,2027,1.511739571
historical,real_gva,growth,pct,ES,,F,2024,4.240908525
adverse,real_gva,growth,pct,EU,,F,2025,-1.043436513
adverse,real_gva,growth,pct,EU,,F,2026,-2.280636633
adverse,real_gva,growth,pct,EU,,F,2027,0.356010536
baseline,real_gva,growth,pct,EU,,F,2025,1.216836854
baseline,real_gva,growth,pct,EU,,F,2026,1.492839878
baseline,real_gva,growth,pct,EU,,F,2027,1.324738994
historical,real_gva,growth,pct,EU,,F,2024,-0.556263265
adverse,real_gva,growth,pct,FI,,F,2025,-2.756485250
adverse,real_gva,growth,pct,FI,,F,2026,-0.540960917
adverse,real_gva,growth,pct,FI,,F,2027,0.214253541
baseline,real_gva,growth,pct,FI,,F,2025,0.610459899
baseline,real_gva,growth,pct,FI,,F,2026,1.685256737
baseline,real_gva,growth,pct,FI,,F,2027,1.178976669
historical,real_gva,growth,pct,FI,,F,2024,-8.156998409
adverse,real_gva,growth,pct,FR,,F,2025,-0.348770242
adverse,real_gva,growth,pct,FR,,F,2026,-2.018780542
adverse,real_gva,growth,pct,FR,,F,2027,0.130541647
baseline,real_gva,growth,pct,FR,,F,2025,0.819556677
baseline,real_gva,growth,pct,FR,,F,2026,1.171201446
baseline,real_gva,growth,pct,FR,,F,2027,1.161784901
historical,real_gva,growth,pct,FR,,F,2024,-1.955680556
adverse,real_gva,growth,pct,GR,,F,2025,1.308544570
adverse,real_gva,growth,pct,GR,,F,2026,-0.746610279
adverse,real_gva,growth,pct,GR,,F,2027,1.479324867
baseline,real_gva,growth,pct,GR,,F,2025,3.013455891
baseline,real_gva,growth,pct,GR,,F,2026,2.816502142
baseline,real_gva,growth,pct,GR,,F,2027,2.565155118
historical,real_gva,growth,pct,GR,,F,2024,1.201555629
adverse,real_gva,growth,pct,HR,,F,2025,0.748780089
adverse,real_gva,growth,pct,HR,,F,2026,-1.308970044
adverse,real_gva,growth,pct,HR,,F,2027,1.499413430
baseline,real_gva,growth,pct,HR,,F,2025,3.346552176
baseline,real_gva,growth,pct,HR,,F,2026,3.039411875
baseline,real_gva,growth,pct,HR,,F,2027,2.303613666
historical,real_gva,growth,pct,HR,,F,2024,10.363881835
adverse,real_gva,growth,pct,HU,,F,2025,0.386911723
adverse,real_gva,growth,pct,HU,,F,2026,-2.222593387
adverse,real_gva,growth,pct,HU,,F,2027,0.991395229
baseline,real_gva,growth,pct,HU,,F,2025,3.375804169
baseline,real_gva,growth,pct,HU,,F,2026,4.242811685
baseline,real_gva,growth,pct,HU,,F,2027,3.245757748
historical,real_gva,growth,pct,HU,,F,2024,3.275812182
adverse,real_gva,growth,pct,IE,,F,2025,1.214720733
adverse,real_gva,growth,pct,IE,,F,2026,-0.005412904
adverse,real_gva,growth,pct,IE,,F,2027,1.977637818
baseline,real_gva,growth,pct,IE,,F,2025,3.689418798
baseline,real_gva,growth,pct,IE,,F,2026,4.116151657
baseline,real_gva,growth,pct,IE,,F,2027,3.357181043
historical,real_gva,growth,pct,IE,,F,2024,-1.049674310
adverse,real_gva,growth,pct,IT,,F,2025,-0.829179099
adverse,real_gva,growth,pct,IT,,F,2026,-3.639527696
adverse,real_gva,growth,pct,IT,,F,2027,-1.577926577
baseline,real_gva,growth,pct,IT,,F,2025,0.910677703
baseline,real_gva,growth,pct,IT,,F,2026,1.201790443
baseline,real_gva,growth,pct,IT,,F,2027,1.023057255
historical,real_gva,growth,pct,IT,,F,2024,4.510481298
adverse,real_gva,growth,pct,LT,,F,2025,0.904183727
adverse,real_gva,growth,pct,LT,,F,2026,-0.684111980
adverse,real_gva,growth,pct,LT,,F,2027,2.132846994
baseline,real_gva,growth,pct,LT,,F,2025,3.358284456
baseline,real_gva,growth,pct,LT,,F,2026,3.388481952
baseline,real_gva,growth,pct,LT,,F,2027,3.268567011
historical,real_gva,growth,pct,LT,,F,2024,3.170285516
adverse,real_gva,growth,pct,LU,,F,2025,-0.286067832
adverse,real_gva,growth,pct,LU,,F,2026,-1.744650878
adverse,real_gva,growth,pct,LU,,F,2027,0.988609750
baseline,real_gva,growth,pct,LU,,F,2025,1.946566626
baseline,real_gva,growth,pct,LU,,F,2026,2.423231366
baseline,real_gva,growth,pct,LU,,F,2027,2.436743036
historical,real_gva,growth,pct,LU,,F,2024,-1.310359451
adverse,real_gva,growth,pct,LV,,F,2025,-0.752134446
adverse,real_gva,growth,pct,LV,,F,2026,-1.005311356
adverse,real_gva,growth,pct,LV,,F,2027,1.607359283
baseline,real_gva,growth,pct,LV,,F,2025,2.415387047
baseline,real_gva,growth,pct,LV,,F,2026,3.237410800
baseline,real_gva,growth,pct,LV,,F,2027,3.505451560
historical,real_gva,growth,pct,LV,,F,2024,-6.994457473
adverse,real_gva,growth,pct,MT,,F,2025,-0.015385999
adverse,real_gva,growth,pct,MT,,F,2026,-2.452286138
adverse,real_gva,growth,pct,MT,,F,2027,2.877450949
baseline,real_gva,growth,pct,MT,,F,2025,3.909940538
baseline,real_gva,growth,pct,MT,,F,2026,3.698892473
baseline,real_gva,growth,pct,MT,,F,2027,3.434470415
historical,real_gva,growth,pct,MT,,F,2024,3.801086661
adverse,real_gva,growth,pct,NL,,F,2025,-0.619408720
adverse,real_gva,growth,pct,NL,,F,2026,-2.119493834
adverse,real_gva,growth,pct,NL,,F,2027,0.488350469
baseline,real_gva,growth,pct,NL,,F,2025,1.431595704
baseline,real_gva,growth,pct,NL,,F,2026,1.357796120
baseline,real_gva,growth,pct,NL,,F,2027,1.120434801
historical,real_gva,growth,pct,NL,,F,2024,-3.865317935
adverse,real_gva,growth,pct,PL,,F,2025,-0.138062321
adverse,real_gva,growth,pct,PL,,F,2026,-3.483266792
adverse,real_gva,growth,pct,PL,,F,2027,-0.951784451
baseline,real_gva,growth,pct,PL,,F,2025,3.313226674
baseline,real_gva,growth,pct,PL,,F,2026,3.256221405
baseline,real_gva,growth,pct,PL,,F,2027,1.998459249
historical,real_gva,growth,pct,PL,,F,2024,-4.010770630
adverse,real_gva,growth,pct,PT,,F,2025,-0.276820837
adverse,real_gva,growth,pct,PT,,F,2026,-1.575903254
adverse,real_gva,growth,pct,PT,,F,2027,-0.134692760
baseline,real_gva,growth,pct,PT,,F,2025,1.938416724
baseline,real_gva,growth,pct,PT,,F,2026,1.960210343
baseline,real_gva,growth,pct,PT,,F,2027,1.399223979
historical,real_gva,growth,pct,PT,,F,2024,3.524604058
adverse,real_gva,growth,pct,RO,,F,2025,-0.498537912
adverse,real_gva,growth,pct,RO,,F,2026,-1.672602131
adverse,real_gva,growth,pct,RO,,F,2027,1.392643133
baseline,real_gva,growth,pct,RO,,F,2025,2.531122699
baseline,real_gva,growth,pct,RO,,F,2026,3.189421493
baseline,real_gva,growth,pct,RO,,F,2027,3.705958518
historical,real_gva,growth,pct,RO,,F,2024,-5.469639064
adverse,real_gva,growth,pct,SE,,F,2025,-1.371546076
adverse,real_gva,growth,pct,SE,,F,2026,-2.141421359
adverse,real_gva,growth,pct,SE,,F,2027,1.618621319
baseline,real_gva,growth,pct,SE,,F,2025,1.962080322
baseline,real_gva,growth,pct,SE,,F,2026,2.220694558
baseline,real_gva,growth,pct,SE,,F,2027,1.679129587
historical,real_gva,growth,pct,SE,,F,2024,0.375651428
adverse,real_gva,growth,pct,SI,,F,2025,-0.732565043
adverse,real_gva,growth,pct,SI,,F,2026,-2.854720026
adverse,real_gva,growth,pct,SI,,F,2027,-0.043744607
baseline,real_gva,growth,pct,SI,,F,2025,2.122626928
baseline,real_gva,growth,pct,SI,,F,2026,2.634479919
baseline,real_gva,growth,pct,SI,,F,2027,2.224926315
historical,real_gva,growth,pct,SI,,F,2024,-5.576309953
adverse,real_gva,growth,pct,SK,,F,2025,-1.513049944
adverse,real_gva,growth,pct,SK,,F,2026,-4.041254472
adverse,real_gva,growth,pct,SK,,F,2027,0.618650755
baseline,real_gva,growth,pct,SK,,F,2025,1.859022110
baseline,real_gva,growth,pct,SK,,F,2026,1.503822354
baseline,real_gva,growth,pct,SK,,F,2027,2.107487741
historical,real_gva,growth,pct,SK,,F,2024,2.650764830
adverse,real_gva,growth,pct,AT,,G,2025,-3.082214772
adverse,real_gva,growth,pct,AT,,G,2026,-3.817004819
adverse,real_gva,growth,pct,AT,,G,2027,1.053490121
baseline,real_gva,growth,pct,AT,,G,2025,1.003996472
baseline,real_gva,growth,pct,AT,,G,2026,1.615064970
baseline,real_gva,growth,pct,AT,,G,2027,1.289782218
historical,real_gva,growth,pct,AT,,G,2024,0.484554224
adverse,real_gva,growth,pct,BE,,G,2025,-1.279262181
adverse,real_gva,growth,pct,BE,,G,2026,-3.523124734
adverse,real_gva,growth,pct,BE,,G,2027,-0.905915637
baseline,real_gva,growth,pct,BE,,G,2025,1.064374996
baseline,real_gva,growth,pct,BE,,G,2026,1.285212558
baseline,real_gva,growth,pct,BE,,G,2027,1.135814792
historical,real_gva,growth,pct,BE,,G,2024,-1.420400451
adverse,real_gva,growth,pct,BG,,G,2025,-5.026177080
adverse,real_gva,growth,pct,BG,,G,2026,-4.829873068
adverse,real_gva,growth,pct,BG,,G,2027,1.103210269
baseline,real_gva,growth,pct,BG,,G,2025,2.269110482
baseline,real_gva,growth,pct,BG,,G,2026,2.999143027
baseline,real_gva,growth,pct,BG,,G,2027,2.165782400
historical,real_gva,growth,pct,BG,,G,2024,3.588656550
adverse,real_gva,growth,pct,CY,,G,2025,-2.590555940
adverse,real_gva,growth,pct,CY,,G,2026,-5.310191638
adverse,real_gva,growth,pct,CY,,G,2027,0.642344338
baseline,real_gva,growth,pct,CY,,G,2025,2.982624058
baseline,real_gva,growth,pct,CY,,G,2026,3.076080051
baseline,real_gva,growth,pct,CY,,G,2027,2.981127813
historical,real_gva,growth,pct,CY,,G,2024,1.227342059
adverse,real_gva,growth,pct,CZ,,G,2025,-3.378230729
adverse,real_gva,growth,pct,CZ,,G,2026,-5.479058983
adverse,real_gva,growth,pct,CZ,,G,2027,0.148349013
baseline,real_gva,growth,pct,CZ,,G,2025,2.431213537
baseline,real_gva,growth,pct,CZ,,G,2026,2.429430990
baseline,real_gva,growth,pct,CZ,,G,2027,2.368400598
historical,real_gva,growth,pct,CZ,,G,2024,0.470341867
adverse,real_gva,growth,pct,DE,,G,2025,-4.257089685
adverse,real_gva,growth,pct,DE,,G,2026,-4.958985886
adverse,real_gva,growth,pct,DE,,G,2027,-0.285999721
baseline,real_gva,growth,pct,DE,,G,2025,0.050118603
baseline,real_gva,growth,pct,DE,,G,2026,0.767821005
baseline,real_gva,growth,pct,DE,,G,2027,0.852488992
historical,real_gva,growth,pct,DE,,G,2024,-0.741708736
adverse,real_gva,growth,pct,DK,,G,2025,-3.611674282
adverse,real_gva,growth,pct,DK,,G,2026,-5.278099550
adverse,real_gva,growth,pct,DK,,G,2027,0.608468007
baseline,real_gva,growth,pct,DK,,G,2025,2.185082644
baseline,real_gva,growth,pct,DK,,G,2026,1.229522639
baseline,real_gva,growth,pct,DK,,G,2027,1.140885432
historical,real_gva,growth,pct,DK,,G,2024,2.722245662
adverse,real_gva,growth,pct,EA,,G,2025,-2.722332411
adverse,real_gva,growth,pct,EA,,G,2026,-4.573362792
adverse,real_gva,growth,pct,EA,,G,2027,-0.587004439
baseline,real_gva,growth,pct,EA,,G,2025,1.058232874
baseline,real_gva,growth,pct,EA,,G,2026,1.385562694
baseline,real_gva,growth,pct,EA,,G,2027,1.266681362
historical,real_gva,growth,pct,EA,,G,2024,0.368965020
adverse,real_gva,growth,pct,EE,,G,2025,-5.157669295
adverse,real_gva,growth,pct,EE,,G,2026,-4.759634679
adverse,real_gva,growth,pct,EE,,G,2027,0.342283753
baseline,real_gva,growth,pct,EE,,G,2025,1.209515321
baseline,real_gva,growth,pct,EE,,G,2026,2.622860328
baseline,real_gva,growth,pct,EE,,G,2027,2.676846576
historical,real_gva,growth,pct,EE,,G,2024,0.614469856
adverse,real_gva,growth,pct,ES,,G,2025,-2.625122997
adverse,real_gva,growth,pct,ES,,G,2026,-3.547746935
adverse,real_gva,growth,pct,ES,,G,2027,1.506346900
baseline,real_gva,growth,pct,ES,,G,2025,2.630041813
baseline,real_gva,growth,pct,ES,,G,2026,2.007780389
baseline,real_gva,growth,pct,ES,,G,2027,1.811622496
historical,real_gva,growth,pct,ES,,G,2024,0.632856989
adverse,real_gva,growth,pct,EU,,G,2025,-2.734137308
adverse,real_gva,growth,pct,EU,,G,2026,-4.683521764
adverse,real_gva,growth,pct,EU,,G,2027,-0.537959024
baseline,real_gva,growth,pct,EU,,G,2025,1.281222277
baseline,real_gva,growth,pct,EU,,G,2026,1.571559944
baseline,real_gva,growth,pct,EU,,G,2027,1.382266573
historical,real_gva,growth,pct,EU,,G,2024,0.222949789
adverse,real_gva,growth,pct,FI,,G,2025,-4.487132648
adverse,real_gva,growth,pct,FI,,G,2026,-2.977602309
adverse,real_gva,growth,pct,FI,,G,2027,-0.590024266
baseline,real_gva,growth,pct,FI,,G,2025,0.784231146
baseline,real_gva,growth,pct,FI,,G,2026,1.841092536
baseline,real_gva,growth,pct,FI,,G,2027,1.320910958
historical,real_gva,growth,pct,FI,,G,2024,-0.127878395
adverse,real_gva,growth,pct,FR,,G,2025,-1.621619204
adverse,real_gva,growth,pct,FR,,G,2026,-4.411983875
adverse,real_gva,growth,pct,FR,,G,2027,-1.183528601
baseline,real_gva,growth,pct,FR,,G,2025,0.880955282
baseline,real_gva,growth,pct,FR,,G,2026,1.254614108
baseline,real_gva,growth,pct,FR,,G,2027,1.244031391
historical,real_gva,growth,pct,FR,,G,2024,1.291705341
adverse,real_gva,growth,pct,GR,,G,2025,-1.930510666
adverse,real_gva,growth,pct,GR,,G,2026,-4.922464631
adverse,real_gva,growth,pct,GR,,G,2027,-1.063330640
baseline,real_gva,growth,pct,GR,,G,2025,2.441292881
baseline,real_gva,growth,pct,GR,,G,2026,2.223822861
baseline,real_gva,growth,pct,GR,,G,2027,1.899834216
historical,real_gva,growth,pct,GR,,G,2024,0.878041183
adverse,real_gva,growth,pct,HR,,G,2025,-0.867767575
adverse,real_gva,growth,pct,HR,,G,2026,-3.831345002
adverse,real_gva,growth,pct,HR,,G,2027,0.894202961
baseline,real_gva,growth,pct,HR,,G,2025,3.451582469
baseline,real_gva,growth,pct,HR,,G,2026,3.097411732
baseline,real_gva,growth,pct,HR,,G,2027,2.306113176
historical,real_gva,growth,pct,HR,,G,2024,4.646100019
adverse,real_gva,growth,pct,HU,,G,2025,-1.846343313
adverse,real_gva,growth,pct,HU,,G,2026,-5.009354294
adverse,real_gva,growth,pct,HU,,G,2027,1.016337003
baseline,real_gva,growth,pct,HU,,G,2025,3.027836340
baseline,real_gva,growth,pct,HU,,G,2026,3.965087123
baseline,real_gva,growth,pct,HU,,G,2027,2.888579047
historical,real_gva,growth,pct,HU,,G,2024,3.900353041
adverse,real_gva,growth,pct,IE,,G,2025,-1.244761077
adverse,real_gva,growth,pct,IE,,G,2026,-4.405311501
adverse,real_gva,growth,pct,IE,,G,2027,-0.536405784
baseline,real_gva,growth,pct,IE,,G,2025,3.603449337
baseline,real_gva,growth,pct,IE,,G,2026,4.029471556
baseline,real_gva,growth,pct,IE,,G,2027,3.237401679
historical,real_gva,growth,pct,IE,,G,2024,3.877886531
adverse,real_gva,growth,pct,IT,,G,2025,-1.964159945
adverse,real_gva,growth,pct,IT,,G,2026,-4.905364190
adverse,real_gva,growth,pct,IT,,G,2027,-2.077651122
baseline,real_gva,growth,pct,IT,,G,2025,0.809533120
baseline,real_gva,growth,pct,IT,,G,2026,1.154615606
baseline,real_gva,growth,pct,IT,,G,2027,0.950254498
historical,real_gva,growth,pct,IT,,G,2024,-0.838351124
adverse,real_gva,growth,pct,LT,,G,2025,-1.420539249
adverse,real_gva,growth,pct,LT,,G,2026,-4.975484749
adverse,real_gva,growth,pct,LT,,G,2027,0.936910993
baseline,real_gva,growth,pct,LT,,G,2025,2.713826520
baseline,real_gva,growth,pct,LT,,G,2026,2.756959677
baseline,real_gva,growth,pct,LT,,G,2027,2.607990442
historical,real_gva,growth,pct,LT,,G,2024,2.027395076
adverse,real_gva,growth,pct,LU,,G,2025,-2.904432734
adverse,real_gva,growth,pct,LU,,G,2026,-5.016167474
adverse,real_gva,growth,pct,LU,,G,2027,0.471814119
baseline,real_gva,growth,pct,LU,,G,2025,1.858308870
baseline,real_gva,growth,pct,LU,,G,2026,2.364406492
baseline,real_gva,growth,pct,LU,,G,2027,2.379866490
historical,real_gva,growth,pct,LU,,G,2024,1.620165410
adverse,real_gva,growth,pct,LV,,G,2025,-3.437013658
adverse,real_gva,growth,pct,LV,,G,2026,-4.449062482
adverse,real_gva,growth,pct,LV,,G,2027,0.251378533
baseline,real_gva,growth,pct,LV,,G,2025,1.574848260
baseline,real_gva,growth,pct,LV,,G,2026,2.644966759
baseline,real_gva,growth,pct,LV,,G,2027,2.965423184
historical,real_gva,growth,pct,LV,,G,2024,0.572100175
adverse,real_gva,growth,pct,MT,,G,2025,-2.561471665
adverse,real_gva,growth,pct,MT,,G,2026,-5.854584170
adverse,real_gva,growth,pct,MT,,G,2027,0.906754389
baseline,real_gva,growth,pct,MT,,G,2025,3.776218393
baseline,real_gva,growth,pct,MT,,G,2026,3.546616858
baseline,real_gva,growth,pct,MT,,G,2027,3.269088433
historical,real_gva,growth,pct,MT,,G,2024,1.526333800
adverse,real_gva,growth,pct,NL,,G,2025,-2.138146471
adverse,real_gva,growth,pct,NL,,G,2026,-4.912571263
adverse,real_gva,growth,pct,NL,,G,2027,-0.716774048
baseline,real_gva,growth,pct,NL,,G,2025,1.470107421
baseline,real_gva,growth,pct,NL,,G,2026,1.405462772
baseline,real_gva,growth,pct,NL,,G,2027,1.132355323
historical,real_gva,growth,pct,NL,,G,2024,2.189560688
adverse,real_gva,growth,pct,PL,,G,2025,-1.366272433
adverse,real_gva,growth,pct,PL,,G,2026,-5.622728407
adverse,real_gva,growth,pct,PL,,G,2027,-1.212981075
baseline,real_gva,growth,pct,PL,,G,2025,3.073153743
baseline,real_gva,growth,pct,PL,,G,2026,3.016039071
baseline,real_gva,growth,pct,PL,,G,2027,1.580593469
historical,real_gva,growth,pct,PL,,G,2024,-6.165231625
adverse,real_gva,growth,pct,PT,,G,2025,-2.074535071
adverse,real_gva,growth,pct,PT,,G,2026,-4.463673390
adverse,real_gva,growth,pct,PT,,G,2027,-0.628459299
baseline,real_gva,growth,pct,PT,,G,2025,2.263188365
baseline,real_gva,growth,pct,PT,,G,2026,2.277245247
baseline,real_gva,growth,pct,PT,,G,2027,1.663652500
historical,real_gva,growth,pct,PT,,G,2024,-0.307004272
adverse,real_gva,growth,pct,RO,,G,2025,-2.333953644
adverse,real_gva,growth,pct,RO,,G,2026,-3.936423177
adverse,real_gva,growth,pct,RO,,G,2027,0.426151900
baseline,real_gva,growth,pct,RO,,G,2025,2.229809125
baseline,real_gva,growth,pct,RO,,G,2026,2.989313097
baseline,real_gva,growth,pct,RO,,G,2027,3.573875536
historical,real_gva,growth,pct,RO,,G,2024,2.537943460
adverse,real_gva,growth,pct,SE,,G,2025,-4.121902746
adverse,real_gva,growth,pct,SE,,G,2026,-6.361157505
adverse,real_gva,growth,pct,SE,,G,2027,-1.100212192
baseline,real_gva,growth,pct,SE,,G,2025,2.129455850
baseline,real_gva,growth,pct,SE,,G,2026,2.349458155
baseline,real_gva,growth,pct,SE,,G,2027,1.812872088
historical,real_gva,growth,pct,SE,,G,2024,-0.061760550
adverse,real_gva,growth,pct,SI,,G,2025,-1.895234371
adverse,real_gva,growth,pct,SI,,G,2026,-4.722518638
adverse,real_gva,growth,pct,SI,,G,2027,0.112130632
baseline,real_gva,growth,pct,SI,,G,2025,1.930616064
baseline,real_gva,growth,pct,SI,,G,2026,2.484070274
baseline,real_gva,growth,pct,SI,,G,2027,2.043814565
historical,real_gva,growth,pct,SI,,G,2024,1.201351324
adverse,real_gva,growth,pct,SK,,G,2025,-3.522705951
adverse,real_gva,growth,pct,SK,,G,2026,-6.068300522
adverse,real_gva,growth,pct,SK,,G,2027,-0.720090955
baseline,real_gva,growth,pct,SK,,G,2025,1.567701082
baseline,real_gva,growth,pct,SK,,G,2026,1.188990734
baseline,real_gva,growth,pct,SK,,G,2027,1.827343289
historical,real_gva,growth,pct,SK,,G,2024,8.611790636
adverse,real_gva,growth,pct,AT,,H,2025,-3.975514977
adverse,real_gva,growth,pct,AT,,H,2026,-4.926915987
adverse,real_gva,growth,pct,AT,,H,2027,0.752325445
baseline,real_gva,growth,pct,AT,,H,2025,1.322264553
baseline,real_gva,growth,pct,AT,,H,2026,1.813120667
baseline,real_gva,growth,pct,AT,,H,2027,1.543806226
historical,real_gva,growth,pct,AT,,H,2024,1.537455682
adverse,real_gva,growth,pct,BE,,H,2025,-1.702313391
adverse,real_gva,growth,pct,BE,,H,2026,-4.683581546
adverse,real_gva,growth,pct,BE,,H,2027,-1.133047770
baseline,real_gva,growth,pct,BE,,H,2025,1.298405650
baseline,real_gva,growth,pct,BE,,H,2026,1.493926917
baseline,real_gva,growth,pct,BE,,H,2027,1.358071955
historical,real_gva,growth,pct,BE,,H,2024,2.373802161
adverse,real_gva,growth,pct,BG,,H,2025,-5.691115522
adverse,real_gva,growth,pct,BG,,H,2026,-4.812429660
adverse,real_gva,growth,pct,BG,,H,2027,1.361727814
baseline,real_gva,growth,pct,BG,,H,2025,2.864292753
baseline,real_gva,growth,pct,BG,,H,2026,3.464132993
baseline,real_gva,growth,pct,BG,,H,2027,2.790328572
historical,real_gva,growth,pct,BG,,H,2024,3.775837073
adverse,real_gva,growth,pct,CY,,H,2025,-4.890288091
adverse,real_gva,growth,pct,CY,,H,2026,-6.613995375
adverse,real_gva,growth,pct,CY,,H,2027,-0.637072033
baseline,real_gva,growth,pct,CY,,H,2025,3.175058787
baseline,real_gva,growth,pct,CY,,H,2026,3.245485472
baseline,real_gva,growth,pct,CY,,H,2027,3.169854609
historical,real_gva,growth,pct,CY,,H,2024,1.359781863
adverse,real_gva,growth,pct,CZ,,H,2025,-5.927722489
adverse,real_gva,growth,pct,CZ,,H,2026,-9.566861799
adverse,real_gva,growth,pct,CZ,,H,2027,-0.221401709
baseline,real_gva,growth,pct,CZ,,H,2025,2.491451856
baseline,real_gva,growth,pct,CZ,,H,2026,2.479096254
baseline,real_gva,growth,pct,CZ,,H,2027,2.430117768
historical,real_gva,growth,pct,CZ,,H,2024,2.657759526
adverse,real_gva,growth,pct,DE,,H,2025,-5.071332731
adverse,real_gva,growth,pct,DE,,H,2026,-6.783810211
adverse,real_gva,growth,pct,DE,,H,2027,-1.523690933
baseline,real_gva,growth,pct,DE,,H,2025,0.441195268
baseline,real_gva,growth,pct,DE,,H,2026,1.048744812
baseline,real_gva,growth,pct,DE,,H,2027,1.112596450
historical,real_gva,growth,pct,DE,,H,2024,0.474066544
adverse,real_gva,growth,pct,DK,,H,2025,-5.925640771
adverse,real_gva,growth,pct,DK,,H,2026,-10.680032180
adverse,real_gva,growth,pct,DK,,H,2027,0.586183513
baseline,real_gva,growth,pct,DK,,H,2025,2.484690614
baseline,real_gva,growth,pct,DK,,H,2026,1.726151073
baseline,real_gva,growth,pct,DK,,H,2027,1.661494711
historical,real_gva,growth,pct,DK,,H,2024,1.034607701
adverse,real_gva,growth,pct,EA,,H,2025,-3.568342406
adverse,real_gva,growth,pct,EA,,H,2026,-6.244632445
adverse,real_gva,growth,pct,EA,,H,2027,-1.343064699
baseline,real_gva,growth,pct,EA,,H,2025,1.305940127
baseline,real_gva,growth,pct,EA,,H,2026,1.597298901
baseline,real_gva,growth,pct,EA,,H,2027,1.491906209
historical,real_gva,growth,pct,EA,,H,2024,0.674285717
adverse,real_gva,growth,pct,EE,,H,2025,-8.369010644
adverse,real_gva,growth,pct,EE,,H,2026,-7.986312126
adverse,real_gva,growth,pct,EE,,H,2027,-0.716690394
baseline,real_gva,growth,pct,EE,,H,2025,1.756242215
baseline,real_gva,growth,pct,EE,,H,2026,2.963954008
baseline,real_gva,growth,pct,EE,,H,2027,2.985572350
historical,real_gva,growth,pct,EE,,H,2024,0.912693640
adverse,real_gva,growth,pct,ES,,H,2025,-4.532988216
adverse,real_gva,growth,pct,ES,,H,2026,-6.844575474
adverse,real_gva,growth,pct,ES,,H,2027,2.197658938
baseline,real_gva,growth,pct,ES,,H,2025,2.723572694
baseline,real_gva,growth,pct,ES,,H,2026,2.271261003
baseline,real_gva,growth,pct,ES,,H,2027,2.133745385
historical,real_gva,growth,pct,ES,,H,2024,0.965421916
adverse,real_gva,growth,pct,EU,,H,2025,-3.696288953
adverse,real_gva,growth,pct,EU,,H,2026,-6.477302264
adverse,real_gva,growth,pct,EU,,H,2027,-1.281793824
baseline,real_gva,growth,pct,EU,,H,2025,1.540786701
baseline,real_gva,growth,pct,EU,,H,2026,1.795463927
baseline,real_gva,growth,pct,EU,,H,2027,1.637991913
historical,real_gva,growth,pct,EU,,H,2024,0.366478033
adverse,real_gva,growth,pct,FI,,H,2025,-6.534914337
adverse,real_gva,growth,pct,FI,,H,2026,-6.010407096
adverse,real_gva,growth,pct,FI,,H,2027,-2.957171570
baseline,real_gva,growth,pct,FI,,H,2025,1.004697506
baseline,real_gva,growth,pct,FI,,H,2026,1.909841501
baseline,real_gva,growth,pct,FI,,H,2027,1.451899933
historical,real_gva,growth,pct,FI,,H,2024,1.074162324
adverse,real_gva,growth,pct,FR,,H,2025,-2.503867913
adverse,real_gva,growth,pct,FR,,H,2026,-6.440384208
adverse,real_gva,growth,pct,FR,,H,2027,-1.948855391
baseline,real_gva,growth,pct,FR,,H,2025,1.071977139
baseline,real_gva,growth,pct,FR,,H,2026,1.400885647
baseline,real_gva,growth,pct,FR,,H,2027,1.390039253
historical,real_gva,growth,pct,FR,,H,2024,-0.078616493
adverse,real_gva,growth,pct,GR,,H,2025,-4.508177499
adverse,real_gva,growth,pct,GR,,H,2026,-8.028499473
adverse,real_gva,growth,pct,GR,,H,2027,-3.369776442
baseline,real_gva,growth,pct,GR,,H,2025,2.344197958
baseline,real_gva,growth,pct,GR,,H,2026,2.171684142
baseline,real_gva,growth,pct,GR,,H,2027,1.867729899
historical,real_gva,growth,pct,GR,,H,2024,0.908764536
adverse,real_gva,growth,pct,HR,,H,2025,-2.146125314
adverse,real_gva,growth,pct,HR,,H,2026,-5.429143272
adverse,real_gva,growth,pct,HR,,H,2027,-0.665554286
baseline,real_gva,growth,pct,HR,,H,2025,3.401396193
baseline,real_gva,growth,pct,HR,,H,2026,3.133002795
baseline,real_gva,growth,pct,HR,,H,2027,2.420461031
historical,real_gva,growth,pct,HR,,H,2024,5.520989225
adverse,real_gva,growth,pct,HU,,H,2025,-3.016546668
adverse,real_gva,growth,pct,HU,,H,2026,-6.730926523
adverse,real_gva,growth,pct,HU,,H,2027,-0.546869981
baseline,real_gva,growth,pct,HU,,H,2025,3.245088975
baseline,real_gva,growth,pct,HU,,H,2026,4.014411028
baseline,real_gva,growth,pct,HU,,H,2027,3.097682825
historical,real_gva,growth,pct,HU,,H,2024,1.966341993
adverse,real_gva,growth,pct,IE,,H,2025,-0.717624528
adverse,real_gva,growth,pct,IE,,H,2026,-3.905792239
adverse,real_gva,growth,pct,IE,,H,2027,-0.207874818
baseline,real_gva,growth,pct,IE,,H,2025,3.861249751
baseline,real_gva,growth,pct,IE,,H,2026,4.293783283
baseline,real_gva,growth,pct,IE,,H,2027,3.542980650
historical,real_gva,growth,pct,IE,,H,2024,5.579515225
adverse,real_gva,growth,pct,IT,,H,2025,-2.397565084
adverse,real_gva,growth,pct,IT,,H,2026,-6.160327141
adverse,real_gva,growth,pct,IT,,H,2027,-2.538998849
baseline,real_gva,growth,pct,IT,,H,2025,0.997970879
baseline,real_gva,growth,pct,IT,,H,2026,1.284799022
baseline,real_gva,growth,pct,IT,,H,2027,1.112108331
historical,real_gva,growth,pct,IT,,H,2024,-0.910777234
adverse,real_gva,growth,pct,LT,,H,2025,-2.386826694
adverse,real_gva,growth,pct,LT,,H,2026,-6.756237338
adverse,real_gva,growth,pct,LT,,H,2027,-0.813880122
baseline,real_gva,growth,pct,LT,,H,2025,3.097143197
baseline,real_gva,growth,pct,LT,,H,2026,3.129705027
baseline,real_gva,growth,pct,LT,,H,2027,3.011553286
historical,real_gva,growth,pct,LT,,H,2024,2.206291719
adverse,real_gva,growth,pct,LU,,H,2025,-5.453596721
adverse,real_gva,growth,pct,LU,,H,2026,-11.091384114
adverse,real_gva,growth,pct,LU,,H,2027,-3.713974647
baseline,real_gva,growth,pct,LU,,H,2025,2.038662156
baseline,real_gva,growth,pct,LU,,H,2026,2.499636675
baseline,real_gva,growth,pct,LU,,H,2027,2.512561504
historical,real_gva,growth,pct,LU,,H,2024,1.689828884
adverse,real_gva,growth,pct,LV,,H,2025,-4.333840187
adverse,real_gva,growth,pct,LV,,H,2026,-7.806246575
adverse,real_gva,growth,pct,LV,,H,2027,-2.678283037
baseline,real_gva,growth,pct,LV,,H,2025,2.315830043
baseline,real_gva,growth,pct,LV,,H,2026,3.128123141
baseline,real_gva,growth,pct,LV,,H,2027,3.390589775
historical,real_gva,growth,pct,LV,,H,2024,1.046482413
adverse,real_gva,growth,pct,MT,,H,2025,-3.331677272
adverse,real_gva,growth,pct,MT,,H,2026,-6.484300069
adverse,real_gva,growth,pct,MT,,H,2027,0.553144039
baseline,real_gva,growth,pct,MT,,H,2025,4.050156000
baseline,real_gva,growth,pct,MT,,H,2026,3.831091650
baseline,real_gva,growth,pct,MT,,H,2027,3.582637798
historical,real_gva,growth,pct,MT,,H,2024,1.713491329
adverse,real_gva,growth,pct,NL,,H,2025,-2.801801966
adverse,real_gva,growth,pct,NL,,H,2026,-5.310838525
adverse,real_gva,growth,pct,NL,,H,2027,-1.550575612
baseline,real_gva,growth,pct,NL,,H,2025,1.627453816
baseline,real_gva,growth,pct,NL,,H,2026,1.610505162
baseline,real_gva,growth,pct,NL,,H,2027,1.358990675
historical,real_gva,growth,pct,NL,,H,2024,1.318023341
adverse,real_gva,growth,pct,PL,,H,2025,-2.277697895
adverse,real_gva,growth,pct,PL,,H,2026,-7.079520574
adverse,real_gva,growth,pct,PL,,H,2027,-1.446358366
baseline,real_gva,growth,pct,PL,,H,2025,3.608946158
baseline,real_gva,growth,pct,PL,,H,2026,3.538509155
baseline,real_gva,growth,pct,PL,,H,2027,2.444476892
historical,real_gva,growth,pct,PL,,H,2024,-7.722818366
adverse,real_gva,growth,pct,PT,,H,2025,-3.817421796
adverse,real_gva,growth,pct,PT,,H,2026,-7.176683812
adverse,real_gva,growth,pct,PT,,H,2027,-2.826398099
baseline,real_gva,growth,pct,PT,,H,2025,2.411690347
baseline,real_gva,growth,pct,PT,,H,2026,2.415542976
baseline,real_gva,growth,pct,PT,,H,2027,1.912248879
historical,real_gva,growth,pct,PT,,H,2024,-2.489875031
adverse,real_gva,growth,pct,RO,,H,2025,-2.329286266
adverse,real_gva,growth,pct,RO,,H,2026,-4.976105928
adverse,real_gva,growth,pct,RO,,H,2027,-0.485930122
baseline,real_gva,growth,pct,RO,,H,2025,2.908415375
baseline,real_gva,growth,pct,RO,,H,2026,3.511981529
baseline,real_gva,growth,pct,RO,,H,2027,3.995446998
historical,real_gva,growth,pct,RO,,H,2024,2.906636718
adverse,real_gva,growth,pct,SE,,H,2025,-5.867268767
adverse,real_gva,growth,pct,SE,,H,2026,-8.776632012
adverse,real_gva,growth,pct,SE,,H,2027,-0.585432466
baseline,real_gva,growth,pct,SE,,H,2025,2.120681440
baseline,real_gva,growth,pct,SE,,H,2026,2.242467836
baseline,real_gva,growth,pct,SE,,H,2027,1.831180084
historical,real_gva,growth,pct,SE,,H,2024,-1.235344995
adverse,real_gva,growth,pct,SI,,H,2025,-3.079520913
adverse,real_gva,growth,pct,SI,,H,2026,-6.190579525
adverse,real_gva,growth,pct,SI,,H,2027,-0.273200668
baseline,real_gva,growth,pct,SI,,H,2025,2.337142403
baseline,real_gva,growth,pct,SI,,H,2026,2.800909818
baseline,real_gva,growth,pct,SI,,H,2027,2.423126982
historical,real_gva,growth,pct,SI,,H,2024,1.390334695
adverse,real_gva,growth,pct,SK,,H,2025,-4.441474935
adverse,real_gva,growth,pct,SK,,H,2026,-7.197553076
adverse,real_gva,growth,pct,SK,,H,2027,-0.353333697
baseline,real_gva,growth,pct,SK,,H,2025,2.395782382
baseline,real_gva,growth,pct,SK,,H,2026,2.066569603
baseline,real_gva,growth,pct,SK,,H,2027,2.623688773
historical,real_gva,growth,pct,SK,,H,2024,11.410393755
adverse,real_gva,growth,pct,AT,,I,2025,-2.681869128
adverse,real_gva,growth,pct,AT,,I,2026,-3.799281570
adverse,real_gva,growth,pct,AT,,I,2027,1.518953096
baseline,real_gva,growth,pct,AT,,I,2025,1.208938646
baseline,real_gva,growth,pct,AT,,I,2026,1.751880080
baseline,real_gva,growth,pct,AT,,I,2027,1.461651327
historical,real_gva,growth,pct,AT,,I,2024,0.046972466
adverse,real_gva,growth,pct,BE,,I,2025,-0.553794545
adverse,real_gva,growth,pct,BE,,I,2026,-2.728972668
adverse,real_gva,growth,pct,BE,,I,2027,-0.332071754
baseline,real_gva,growth,pct,BE,,I,2025,1.311228232
baseline,real_gva,growth,pct,BE,,I,2026,1.504843396
baseline,real_gva,growth,pct,BE,,I,2027,1.370783432
historical,real_gva,growth,pct,BE,,I,2024,5.555086363
adverse,real_gva,growth,pct,BG,,I,2025,-3.696055367
adverse,real_gva,growth,pct,BG,,I,2026,-2.306786471
adverse,real_gva,growth,pct,BG,,I,2027,1.928228978
baseline,real_gva,growth,pct,BG,,I,2025,3.043475019
baseline,real_gva,growth,pct,BG,,I,2026,3.641148735
baseline,real_gva,growth,pct,BG,,I,2027,2.970017821
historical,real_gva,growth,pct,BG,,I,2024,3.843640224
adverse,real_gva,growth,pct,CY,,I,2025,-2.277886530
adverse,real_gva,growth,pct,CY,,I,2026,-3.996036483
adverse,real_gva,growth,pct,CY,,I,2027,0.553343175
baseline,real_gva,growth,pct,CY,,I,2025,3.201953664
baseline,real_gva,growth,pct,CY,,I,2026,3.289382827
baseline,real_gva,growth,pct,CY,,I,2027,3.202900410
historical,real_gva,growth,pct,CY,,I,2024,1.366904702
adverse,real_gva,growth,pct,CZ,,I,2025,-2.586715396
adverse,real_gva,growth,pct,CZ,,I,2026,-4.326695094
adverse,real_gva,growth,pct,CZ,,I,2027,0.348689087
baseline,real_gva,growth,pct,CZ,,I,2025,1.985497785
baseline,real_gva,growth,pct,CZ,,I,2026,1.980938971
baseline,real_gva,growth,pct,CZ,,I,2027,1.932628794
historical,real_gva,growth,pct,CZ,,I,2024,1.229852017
adverse,real_gva,growth,pct,DE,,I,2025,-2.987865661
adverse,real_gva,growth,pct,DE,,I,2026,-3.144465728
adverse,real_gva,growth,pct,DE,,I,2027,0.783136368
baseline,real_gva,growth,pct,DE,,I,2025,0.218456716
baseline,real_gva,growth,pct,DE,,I,2026,0.818195286
baseline,real_gva,growth,pct,DE,,I,2027,0.881937135
historical,real_gva,growth,pct,DE,,I,2024,-5.593408651
adverse,real_gva,growth,pct,DK,,I,2025,-2.566991637
adverse,real_gva,growth,pct,DK,,I,2026,-3.538269833
adverse,real_gva,growth,pct,DK,,I,2027,1.681344028
baseline,real_gva,growth,pct,DK,,I,2025,2.330196382
baseline,real_gva,growth,pct,DK,,I,2026,1.578190479
baseline,real_gva,growth,pct,DK,,I,2027,1.512819162
historical,real_gva,growth,pct,DK,,I,2024,1.114243332
adverse,real_gva,growth,pct,EA,,I,2025,-1.748388409
adverse,real_gva,growth,pct,EA,,I,2026,-3.220561339
adverse,real_gva,growth,pct,EA,,I,2027,0.384784244
baseline,real_gva,growth,pct,EA,,I,2025,1.316212146
baseline,real_gva,growth,pct,EA,,I,2026,1.601986722
baseline,real_gva,growth,pct,EA,,I,2027,1.487177966
historical,real_gva,growth,pct,EA,,I,2024,-0.063489352
adverse,real_gva,growth,pct,EE,,I,2025,-4.503635418
adverse,real_gva,growth,pct,EE,,I,2026,-2.728009809
adverse,real_gva,growth,pct,EE,,I,2027,1.273832726
baseline,real_gva,growth,pct,EE,,I,2025,1.991594934
baseline,real_gva,growth,pct,EE,,I,2026,3.152217029
baseline,real_gva,growth,pct,EE,,I,2027,3.167797325
historical,real_gva,growth,pct,EE,,I,2024,1.020044835
adverse,real_gva,growth,pct,ES,,I,2025,-2.058335709
adverse,real_gva,growth,pct,ES,,I,2026,-2.602308369
adverse,real_gva,growth,pct,ES,,I,2027,2.025007377
baseline,real_gva,growth,pct,ES,,I,2025,2.653205332
baseline,real_gva,growth,pct,ES,,I,2026,2.112040430
baseline,real_gva,growth,pct,ES,,I,2027,1.943290727
historical,real_gva,growth,pct,ES,,I,2024,2.439422109
adverse,real_gva,growth,pct,EU,,I,2025,-1.729735721
adverse,real_gva,growth,pct,EU,,I,2026,-3.313057548
adverse,real_gva,growth,pct,EU,,I,2027,0.458173305
baseline,real_gva,growth,pct,EU,,I,2025,1.553771407
baseline,real_gva,growth,pct,EU,,I,2026,1.801176042
baseline,real_gva,growth,pct,EU,,I,2027,1.639402655
historical,real_gva,growth,pct,EU,,I,2024,-0.658025439
adverse,real_gva,growth,pct,FI,,I,2025,-2.453479093
adverse,real_gva,growth,pct,FI,,I,2026,-1.036789689
adverse,real_gva,growth,pct,FI,,I,2027,0.676912820
baseline,real_gva,growth,pct,FI,,I,2025,1.559810872
baseline,real_gva,growth,pct,FI,,I,2026,2.207163463
baseline,real_gva,growth,pct,FI,,I,2027,1.791643963
historical,real_gva,growth,pct,FI,,I,2024,-5.684660753
adverse,real_gva,growth,pct,FR,,I,2025,-0.853384004
adverse,real_gva,growth,pct,FR,,I,2026,-3.414793201
adverse,real_gva,growth,pct,FR,,I,2027,-0.441029730
baseline,real_gva,growth,pct,FR,,I,2025,1.333715323
baseline,real_gva,growth,pct,FR,,I,2026,1.660394394
baseline,real_gva,growth,pct,FR,,I,2027,1.647568874
historical,real_gva,growth,pct,FR,,I,2024,1.439702082
adverse,real_gva,growth,pct,GR,,I,2025,-1.699698952
adverse,real_gva,growth,pct,GR,,I,2026,-4.788676078
adverse,real_gva,growth,pct,GR,,I,2027,-1.002277840
baseline,real_gva,growth,pct,GR,,I,2025,2.616000783
baseline,real_gva,growth,pct,GR,,I,2026,2.415582597
baseline,real_gva,growth,pct,GR,,I,2027,2.123414393
historical,real_gva,growth,pct,GR,,I,2024,0.976575618
adverse,real_gva,growth,pct,HR,,I,2025,-1.602054518
adverse,real_gva,growth,pct,HR,,I,2026,-4.930085207
adverse,real_gva,growth,pct,HR,,I,2027,-0.532065371
baseline,real_gva,growth,pct,HR,,I,2025,3.531863022
baseline,real_gva,growth,pct,HR,,I,2026,3.237768601
baseline,real_gva,growth,pct,HR,,I,2027,2.500727747
historical,real_gva,growth,pct,HR,,I,2024,5.599669979
adverse,real_gva,growth,pct,HU,,I,2025,-0.987703995
adverse,real_gva,growth,pct,HU,,I,2026,-3.665117580
adverse,real_gva,growth,pct,HU,,I,2027,1.910012423
baseline,real_gva,growth,pct,HU,,I,2025,3.013448221
baseline,real_gva,growth,pct,HU,,I,2026,3.767793059
baseline,real_gva,growth,pct,HU,,I,2027,2.866430690
historical,real_gva,growth,pct,HU,,I,2024,3.264079631
adverse,real_gva,growth,pct,IE,,I,2025,0.468918244
adverse,real_gva,growth,pct,IE,,I,2026,-1.967824696
adverse,real_gva,growth,pct,IE,,I,2027,1.588746078
baseline,real_gva,growth,pct,IE,,I,2025,3.891181526
baseline,real_gva,growth,pct,IE,,I,2026,4.327409855
baseline,real_gva,growth,pct,IE,,I,2027,3.568100533
historical,real_gva,growth,pct,IE,,I,2024,4.446442559
adverse,real_gva,growth,pct,IT,,I,2025,-1.038363794
adverse,real_gva,growth,pct,IT,,I,2026,-3.599230382
adverse,real_gva,growth,pct,IT,,I,2027,-1.068538910
baseline,real_gva,growth,pct,IT,,I,2025,0.946049660
baseline,real_gva,growth,pct,IT,,I,2026,1.239640223
baseline,real_gva,growth,pct,IT,,I,2027,1.063138549
historical,real_gva,growth,pct,IT,,I,2024,0.798891461
adverse,real_gva,growth,pct,LT,,I,2025,-0.161346519
adverse,real_gva,growth,pct,LT,,I,2026,-2.593815272
adverse,real_gva,growth,pct,LT,,I,2027,2.541895443
baseline,real_gva,growth,pct,LT,,I,2025,3.228954595
baseline,real_gva,growth,pct,LT,,I,2026,3.257076375
baseline,real_gva,growth,pct,LT,,I,2027,3.150194930
historical,real_gva,growth,pct,LT,,I,2024,2.269508253
adverse,real_gva,growth,pct,LU,,I,2025,-2.219710520
adverse,real_gva,growth,pct,LU,,I,2026,-3.692833382
adverse,real_gva,growth,pct,LU,,I,2027,0.593211748
baseline,real_gva,growth,pct,LU,,I,2025,1.886971603
baseline,real_gva,growth,pct,LU,,I,2026,2.344484761
baseline,real_gva,growth,pct,LU,,I,2027,2.356905089
historical,real_gva,growth,pct,LU,,I,2024,1.632307709
adverse,real_gva,growth,pct,LV,,I,2025,-1.691408082
adverse,real_gva,growth,pct,LV,,I,2026,-1.787560676
adverse,real_gva,growth,pct,LV,,I,2027,2.015823009
baseline,real_gva,growth,pct,LV,,I,2025,2.687420167
baseline,real_gva,growth,pct,LV,,I,2026,3.460421001
baseline,real_gva,growth,pct,LV,,I,2027,3.713995378
historical,real_gva,growth,pct,LV,,I,2024,1.213869081
adverse,real_gva,growth,pct,MT,,I,2025,-1.745628771
adverse,real_gva,growth,pct,MT,,I,2026,-4.552594365
adverse,real_gva,growth,pct,MT,,I,2027,1.773197243
baseline,real_gva,growth,pct,MT,,I,2025,4.308496143
baseline,real_gva,growth,pct,MT,,I,2026,4.077830074
baseline,real_gva,growth,pct,MT,,I,2027,3.821990485
historical,real_gva,growth,pct,MT,,I,2024,1.788594748
adverse,real_gva,growth,pct,NL,,I,2025,-0.882594807
adverse,real_gva,growth,pct,NL,,I,2026,-3.052003040
adverse,real_gva,growth,pct,NL,,I,2027,0.995313935
baseline,real_gva,growth,pct,NL,,I,2025,1.967423135
baseline,real_gva,growth,pct,NL,,I,2026,2.074831893
baseline,real_gva,growth,pct,NL,,I,2027,1.761874852
historical,real_gva,growth,pct,NL,,I,2024,7.489510580
adverse,real_gva,growth,pct,PL,,I,2025,-0.239584246
adverse,real_gva,growth,pct,PL,,I,2026,-4.306485661
adverse,real_gva,growth,pct,PL,,I,2027,0.454481418
baseline,real_gva,growth,pct,PL,,I,2025,3.686047683
baseline,real_gva,growth,pct,PL,,I,2026,3.610955016
baseline,real_gva,growth,pct,PL,,I,2027,2.589394612
historical,real_gva,growth,pct,PL,,I,2024,-15.865509278
adverse,real_gva,growth,pct,PT,,I,2025,-1.956376802
adverse,real_gva,growth,pct,PT,,I,2026,-4.557757126
adverse,real_gva,growth,pct,PT,,I,2027,-1.123389515
baseline,real_gva,growth,pct,PT,,I,2025,2.277544361
baseline,real_gva,growth,pct,PT,,I,2026,2.281328692
baseline,real_gva,growth,pct,PT,,I,2027,1.748420472
historical,real_gva,growth,pct,PT,,I,2024,0.617345846
adverse,real_gva,growth,pct,RO,,I,2025,-0.902376619
adverse,real_gva,growth,pct,RO,,I,2026,-3.017710056
adverse,real_gva,growth,pct,RO,,I,2027,1.016541862
baseline,real_gva,growth,pct,RO,,I,2025,3.196051854
baseline,real_gva,growth,pct,RO,,I,2026,3.743582405
baseline,real_gva,growth,pct,RO,,I,2027,4.190755301
historical,real_gva,growth,pct,RO,,I,2024,3.055648700
adverse,real_gva,growth,pct,SE,,I,2025,-2.850357577
adverse,real_gva,growth,pct,SE,,I,2026,-4.698160177
adverse,real_gva,growth,pct,SE,,I,2027,-0.107249490
baseline,real_gva,growth,pct,SE,,I,2025,2.434408840
baseline,real_gva,growth,pct,SE,,I,2026,2.512515539
baseline,real_gva,growth,pct,SE,,I,2027,2.133883221
historical,real_gva,growth,pct,SE,,I,2024,-2.400051468
adverse,real_gva,growth,pct,SI,,I,2025,-1.352681240
adverse,real_gva,growth,pct,SI,,I,2026,-3.894405595
adverse,real_gva,growth,pct,SI,,I,2027,0.029412071
baseline,real_gva,growth,pct,SI,,I,2025,2.272734489
baseline,real_gva,growth,pct,SI,,I,2026,2.722971569
baseline,real_gva,growth,pct,SI,,I,2027,2.355338726
historical,real_gva,growth,pct,SI,,I,2024,1.372727242
adverse,real_gva,growth,pct,SK,,I,2025,-2.215331100
adverse,real_gva,growth,pct,SK,,I,2026,-4.876458423
adverse,real_gva,growth,pct,SK,,I,2027,0.286520227
baseline,real_gva,growth,pct,SK,,I,2025,2.543657172
baseline,real_gva,growth,pct,SK,,I,2026,2.224863728
baseline,real_gva,growth,pct,SK,,I,2027,2.763350173
historical,real_gva,growth,pct,SK,,I,2024,-2.194025279
adverse,real_gva,growth,pct,AT,,J,2025,-2.492521320
adverse,real_gva,growth,pct,AT,,J,2026,-3.215620599
adverse,real_gva,growth,pct,AT,,J,2027,1.308426532
baseline,real_gva,growth,pct,AT,,J,2025,1.400295603
baseline,real_gva,growth,pct,AT,,J,2026,1.969761007
baseline,real_gva,growth,pct,AT,,J,2027,1.678125648
historical,real_gva,growth,pct,AT,,J,2024,2.398064292
adverse,real_gva,growth,pct,BE,,J,2025,-0.742376538
adverse,real_gva,growth,pct,BE,,J,2026,-2.891447598
adverse,real_gva,growth,pct,BE,,J,2027,-0.313660402
baseline,real_gva,growth,pct,BE,,J,2025,1.618562579
baseline,real_gva,growth,pct,BE,,J,2026,1.818527770
baseline,real_gva,growth,pct,BE,,J,2027,1.687772299
historical,real_gva,growth,pct,BE,,J,2024,-1.000728873
adverse,real_gva,growth,pct,BG,,J,2025,-2.844485728
adverse,real_gva,growth,pct,BG,,J,2026,-2.110571801
adverse,real_gva,growth,pct,BG,,J,2027,2.483071038
baseline,real_gva,growth,pct,BG,,J,2025,3.386321705
baseline,real_gva,growth,pct,BG,,J,2026,3.983750528
baseline,real_gva,growth,pct,BG,,J,2027,3.314421204
historical,real_gva,growth,pct,BG,,J,2024,3.006819434
adverse,real_gva,growth,pct,CY,,J,2025,-3.439594371
adverse,real_gva,growth,pct,CY,,J,2026,-4.944336118
adverse,real_gva,growth,pct,CY,,J,2027,0.484405385
baseline,real_gva,growth,pct,CY,,J,2025,3.591666979
baseline,real_gva,growth,pct,CY,,J,2026,3.659312737
baseline,real_gva,growth,pct,CY,,J,2027,3.581768870
historical,real_gva,growth,pct,CY,,J,2024,3.405800991
adverse,real_gva,growth,pct,CZ,,J,2025,-1.372297334
adverse,real_gva,growth,pct,CZ,,J,2026,-3.022914457
adverse,real_gva,growth,pct,CZ,,J,2027,1.025655491
baseline,real_gva,growth,pct,CZ,,J,2025,2.756804218
baseline,real_gva,growth,pct,CZ,,J,2026,2.770116758
baseline,real_gva,growth,pct,CZ,,J,2027,2.713974363
historical,real_gva,growth,pct,CZ,,J,2024,0.269320666
adverse,real_gva,growth,pct,DE,,J,2025,-3.639008330
adverse,real_gva,growth,pct,DE,,J,2026,-4.180404997
adverse,real_gva,growth,pct,DE,,J,2027,0.531606166
baseline,real_gva,growth,pct,DE,,J,2025,0.642711100
baseline,real_gva,growth,pct,DE,,J,2026,1.299414087
baseline,real_gva,growth,pct,DE,,J,2027,1.379107521
historical,real_gva,growth,pct,DE,,J,2024,2.432014815
adverse,real_gva,growth,pct,DK,,J,2025,-2.324316790
adverse,real_gva,growth,pct,DK,,J,2026,-3.388613301
adverse,real_gva,growth,pct,DK,,J,2027,1.862952505
baseline,real_gva,growth,pct,DK,,J,2025,2.926697555
baseline,real_gva,growth,pct,DK,,J,2026,2.129671753
baseline,real_gva,growth,pct,DK,,J,2027,2.058087965
historical,real_gva,growth,pct,DK,,J,2024,6.231021554
adverse,real_gva,growth,pct,EA,,J,2025,-1.937771069
adverse,real_gva,growth,pct,EA,,J,2026,-3.506751550
adverse,real_gva,growth,pct,EA,,J,2027,0.094774784
baseline,real_gva,growth,pct,EA,,J,2025,1.506177203
baseline,real_gva,growth,pct,EA,,J,2026,1.807289875
baseline,real_gva,growth,pct,EA,,J,2027,1.701376657
historical,real_gva,growth,pct,EA,,J,2024,2.741701459
adverse,real_gva,growth,pct,EE,,J,2025,-4.350001611
adverse,real_gva,growth,pct,EE,,J,2026,-3.869871428
adverse,real_gva,growth,pct,EE,,J,2027,0.677394509
baseline,real_gva,growth,pct,EE,,J,2025,2.153598316
baseline,real_gva,growth,pct,EE,,J,2026,3.342427083
baseline,real_gva,growth,pct,EE,,J,2027,3.355184748
historical,real_gva,growth,pct,EE,,J,2024,-7.810052586
adverse,real_gva,growth,pct,ES,,J,2025,-2.044613909
adverse,real_gva,growth,pct,ES,,J,2026,-2.530291499
adverse,real_gva,growth,pct,ES,,J,2027,1.744436205
baseline,real_gva,growth,pct,ES,,J,2025,2.868672591
baseline,real_gva,growth,pct,ES,,J,2026,2.323978056
baseline,real_gva,growth,pct,ES,,J,2027,2.152737901
historical,real_gva,growth,pct,ES,,J,2024,4.951617875
adverse,real_gva,growth,pct,EU,,J,2025,-1.919943414
adverse,real_gva,growth,pct,EU,,J,2026,-3.615218510
adverse,real_gva,growth,pct,EU,,J,2027,0.166371553
baseline,real_gva,growth,pct,EU,,J,2025,1.765671416
baseline,real_gva,growth,pct,EU,,J,2026,2.033162020
baseline,real_gva,growth,pct,EU,,J,2027,1.871651266
historical,real_gva,growth,pct,EU,,J,2024,2.690424074
adverse,real_gva,growth,pct,FI,,J,2025,-5.157896645
adverse,real_gva,growth,pct,FI,,J,2026,-3.265306098
adverse,real_gva,growth,pct,FI,,J,2027,-0.501229670
baseline,real_gva,growth,pct,FI,,J,2025,1.266081225
baseline,real_gva,growth,pct,FI,,J,2026,2.275933979
baseline,real_gva,growth,pct,FI,,J,2027,1.792018887
historical,real_gva,growth,pct,FI,,J,2024,2.777568804
adverse,real_gva,growth,pct,FR,,J,2025,-0.708593768
adverse,real_gva,growth,pct,FR,,J,2026,-3.125745779
adverse,real_gva,growth,pct,FR,,J,2027,-0.420432004
baseline,real_gva,growth,pct,FR,,J,2025,1.260465850
baseline,real_gva,growth,pct,FR,,J,2026,1.606637324
baseline,real_gva,growth,pct,FR,,J,2027,1.598892976
historical,real_gva,growth,pct,FR,,J,2024,2.893943175
adverse,real_gva,growth,pct,GR,,J,2025,-0.755435966
adverse,real_gva,growth,pct,GR,,J,2026,-3.319150498
adverse,real_gva,growth,pct,GR,,J,2027,0.138913892
baseline,real_gva,growth,pct,GR,,J,2025,2.656269333
baseline,real_gva,growth,pct,GR,,J,2026,2.467938502
baseline,real_gva,growth,pct,GR,,J,2027,2.202069375
historical,real_gva,growth,pct,GR,,J,2024,2.207013231
adverse,real_gva,growth,pct,HR,,J,2025,-1.313205371
adverse,real_gva,growth,pct,HR,,J,2026,-5.201617478
adverse,real_gva,growth,pct,HR,,J,2027,0.749006697
baseline,real_gva,growth,pct,HR,,J,2025,3.551083434
baseline,real_gva,growth,pct,HR,,J,2026,3.262630540
baseline,real_gva,growth,pct,HR,,J,2027,2.583448611
historical,real_gva,growth,pct,HR,,J,2024,5.336509764
adverse,real_gva,growth,pct,HU,,J,2025,-1.039880713
adverse,real_gva,growth,pct,HU,,J,2026,-4.305971397
adverse,real_gva,growth,pct,HU,,J,2027,1.558759846
baseline,real_gva,growth,pct,HU,,J,2025,3.669428419
baseline,real_gva,growth,pct,HU,,J,2026,4.461078823
baseline,real_gva,growth,pct,HU,,J,2027,3.527171416
historical,real_gva,growth,pct,HU,,J,2024,5.775169187
adverse,real_gva,growth,pct,IE,,J,2025,-0.135976702
adverse,real_gva,growth,pct,IE,,J,2026,-2.294234802
adverse,real_gva,growth,pct,IE,,J,2027,1.255512248
baseline,real_gva,growth,pct,IE,,J,2025,4.466516822
baseline,real_gva,growth,pct,IE,,J,2026,4.897373991
baseline,real_gva,growth,pct,IE,,J,2027,4.071785195
historical,real_gva,growth,pct,IE,,J,2024,3.610851830
adverse,real_gva,growth,pct,IT,,J,2025,-1.170678487
adverse,real_gva,growth,pct,IT,,J,2026,-3.668192629
adverse,real_gva,growth,pct,IT,,J,2027,-1.272509019
baseline,real_gva,growth,pct,IT,,J,2025,1.038116928
baseline,real_gva,growth,pct,IT,,J,2026,1.332605308
baseline,real_gva,growth,pct,IT,,J,2027,1.158136350
historical,real_gva,growth,pct,IT,,J,2024,1.853345430
adverse,real_gva,growth,pct,LT,,J,2025,-0.212938772
adverse,real_gva,growth,pct,LT,,J,2026,-3.090541048
adverse,real_gva,growth,pct,LT,,J,2027,1.668787601
baseline,real_gva,growth,pct,LT,,J,2025,3.453994697
baseline,real_gva,growth,pct,LT,,J,2026,3.487142855
baseline,real_gva,growth,pct,LT,,J,2027,3.372606321
historical,real_gva,growth,pct,LT,,J,2024,1.522600820
adverse,real_gva,growth,pct,LU,,J,2025,-2.325193221
adverse,real_gva,growth,pct,LU,,J,2026,-4.071530663
adverse,real_gva,growth,pct,LU,,J,2027,1.463488962
baseline,real_gva,growth,pct,LU,,J,2025,2.548574061
baseline,real_gva,growth,pct,LU,,J,2026,3.026631312
baseline,real_gva,growth,pct,LU,,J,2027,3.040593598
historical,real_gva,growth,pct,LU,,J,2024,5.884269872
adverse,real_gva,growth,pct,LV,,J,2025,-2.767663232
adverse,real_gva,growth,pct,LV,,J,2026,-3.285446100
adverse,real_gva,growth,pct,LV,,J,2027,1.083118679
baseline,real_gva,growth,pct,LV,,J,2025,2.588709301
baseline,real_gva,growth,pct,LV,,J,2026,3.410327002
baseline,real_gva,growth,pct,LV,,J,2027,3.673620009
historical,real_gva,growth,pct,LV,,J,2024,-1.918478976
adverse,real_gva,growth,pct,MT,,J,2025,-2.701710316
adverse,real_gva,growth,pct,MT,,J,2026,-6.198002935
adverse,real_gva,growth,pct,MT,,J,2027,1.289074853
baseline,real_gva,growth,pct,MT,,J,2025,4.278783479
baseline,real_gva,growth,pct,MT,,J,2026,4.048011132
baseline,real_gva,growth,pct,MT,,J,2027,3.790217336
historical,real_gva,growth,pct,MT,,J,2024,-1.052896774
adverse,real_gva,growth,pct,NL,,J,2025,-1.372424463
adverse,real_gva,growth,pct,NL,,J,2026,-3.769415849
adverse,real_gva,growth,pct,NL,,J,2027,0.116275510
baseline,real_gva,growth,pct,NL,,J,2025,2.010628395
baseline,real_gva,growth,pct,NL,,J,2026,1.940524688
baseline,real_gva,growth,pct,NL,,J,2027,1.708406394
historical,real_gva,growth,pct,NL,,J,2024,3.575760464
adverse,real_gva,growth,pct,PL,,J,2025,-0.270220012
adverse,real_gva,growth,pct,PL,,J,2026,-4.012853814
adverse,real_gva,growth,pct,PL,,J,2027,0.241788946
baseline,real_gva,growth,pct,PL,,J,2025,4.050676219
baseline,real_gva,growth,pct,PL,,J,2026,3.983009875
baseline,real_gva,growth,pct,PL,,J,2027,2.884364500
historical,real_gva,growth,pct,PL,,J,2024,1.882096364
adverse,real_gva,growth,pct,PT,,J,2025,-1.393159527
adverse,real_gva,growth,pct,PT,,J,2026,-3.571526748
adverse,real_gva,growth,pct,PT,,J,2027,-0.201365200
baseline,real_gva,growth,pct,PT,,J,2025,2.417222031
baseline,real_gva,growth,pct,PT,,J,2026,2.434836428
baseline,real_gva,growth,pct,PT,,J,2027,1.903155332
historical,real_gva,growth,pct,PT,,J,2024,-2.299228555
adverse,real_gva,growth,pct,RO,,J,2025,-1.540338492
adverse,real_gva,growth,pct,RO,,J,2026,-3.555068759
adverse,real_gva,growth,pct,RO,,J,2027,0.666007082
baseline,real_gva,growth,pct,RO,,J,2025,2.962157938
baseline,real_gva,growth,pct,RO,,J,2026,3.602370631
baseline,real_gva,growth,pct,RO,,J,2027,4.103037529
historical,real_gva,growth,pct,RO,,J,2024,-2.257049991
adverse,real_gva,growth,pct,SE,,J,2025,-3.830722119
adverse,real_gva,growth,pct,SE,,J,2026,-5.993056517
adverse,real_gva,growth,pct,SE,,J,2027,-0.244162015
baseline,real_gva,growth,pct,SE,,J,2025,2.513262587
baseline,real_gva,growth,pct,SE,,J,2026,2.757290357
baseline,real_gva,growth,pct,SE,,J,2027,2.242317786
historical,real_gva,growth,pct,SE,,J,2024,3.177188163
adverse,real_gva,growth,pct,SI,,J,2025,-0.876757246
adverse,real_gva,growth,pct,SI,,J,2026,-3.687948808
adverse,real_gva,growth,pct,SI,,J,2027,0.770940520
baseline,real_gva,growth,pct,SI,,J,2025,2.657271106
baseline,real_gva,growth,pct,SI,,J,2026,3.110881350
baseline,real_gva,growth,pct,SI,,J,2027,2.740182766
historical,real_gva,growth,pct,SI,,J,2024,3.702946055
adverse,real_gva,growth,pct,SK,,J,2025,-1.933742383
adverse,real_gva,growth,pct,SK,,J,2026,-4.673904248
adverse,real_gva,growth,pct,SK,,J,2027,0.578540912
baseline,real_gva,growth,pct,SK,,J,2025,2.517449641
baseline,real_gva,growth,pct,SK,,J,2026,2.190512320
baseline,real_gva,growth,pct,SK,,J,2027,2.749087445
historical,real_gva,growth,pct,SK,,J,2024,20.192093714
adverse,real_gva,growth,pct,AT,,K,2025,-2.574694412
adverse,real_gva,growth,pct,AT,,K,2026,-3.268347281
adverse,real_gva,growth,pct,AT,,K,2027,1.513705261
baseline,real_gva,growth,pct,AT,,K,2025,1.134616699
baseline,real_gva,growth,pct,AT,,K,2026,1.745634865
baseline,real_gva,growth,pct,AT,,K,2027,1.435230969
historical,real_gva,growth,pct,AT,,K,2024,3.558461576
adverse,real_gva,growth,pct,BE,,K,2025,-1.392706852
adverse,real_gva,growth,pct,BE,,K,2026,-3.888141711
adverse,real_gva,growth,pct,BE,,K,2027,-0.820484956
baseline,real_gva,growth,pct,BE,,K,2025,1.043862951
baseline,real_gva,growth,pct,BE,,K,2026,1.253740725
baseline,real_gva,growth,pct,BE,,K,2027,1.117595873
historical,real_gva,growth,pct,BE,,K,2024,4.933740182
adverse,real_gva,growth,pct,BG,,K,2025,-3.565849816
adverse,real_gva,growth,pct,BG,,K,2026,-4.144632585
adverse,real_gva,growth,pct,BG,,K,2027,2.378651787
baseline,real_gva,growth,pct,BG,,K,2025,3.034285350
baseline,real_gva,growth,pct,BG,,K,2026,3.647811136
baseline,real_gva,growth,pct,BG,,K,2027,2.962383803
historical,real_gva,growth,pct,BG,,K,2024,0.986008920
adverse,real_gva,growth,pct,CY,,K,2025,-3.010668513
adverse,real_gva,growth,pct,CY,,K,2026,-3.983108876
adverse,real_gva,growth,pct,CY,,K,2027,1.247854273
baseline,real_gva,growth,pct,CY,,K,2025,3.098107540
baseline,real_gva,growth,pct,CY,,K,2026,3.188334932
baseline,real_gva,growth,pct,CY,,K,2027,3.096737657
historical,real_gva,growth,pct,CY,,K,2024,5.525087972
adverse,real_gva,growth,pct,CZ,,K,2025,-1.576382963
adverse,real_gva,growth,pct,CZ,,K,2026,-3.174773147
adverse,real_gva,growth,pct,CZ,,K,2027,1.374336945
baseline,real_gva,growth,pct,CZ,,K,2025,2.850065302
baseline,real_gva,growth,pct,CZ,,K,2026,2.860422150
baseline,real_gva,growth,pct,CZ,,K,2027,2.804204004
historical,real_gva,growth,pct,CZ,,K,2024,2.110726041
adverse,real_gva,growth,pct,DE,,K,2025,-3.520265860
adverse,real_gva,growth,pct,DE,,K,2026,-3.751660604
adverse,real_gva,growth,pct,DE,,K,2027,0.740023061
baseline,real_gva,growth,pct,DE,,K,2025,-0.029057210
baseline,real_gva,growth,pct,DE,,K,2026,0.630121924
baseline,real_gva,growth,pct,DE,,K,2027,0.709770424
historical,real_gva,growth,pct,DE,,K,2024,0.551924750
adverse,real_gva,growth,pct,DK,,K,2025,-2.168826260
adverse,real_gva,growth,pct,DK,,K,2026,-2.333772262
adverse,real_gva,growth,pct,DK,,K,2027,1.882079230
baseline,real_gva,growth,pct,DK,,K,2025,2.406730453
baseline,real_gva,growth,pct,DK,,K,2026,1.575911194
baseline,real_gva,growth,pct,DK,,K,2027,1.500284038
historical,real_gva,growth,pct,DK,,K,2024,3.234086834
adverse,real_gva,growth,pct,EA,,K,2025,-2.141466889
adverse,real_gva,growth,pct,EA,,K,2026,-3.698124299
adverse,real_gva,growth,pct,EA,,K,2027,0.131605201
baseline,real_gva,growth,pct,EA,,K,2025,1.054023123
baseline,real_gva,growth,pct,EA,,K,2026,1.354268420
baseline,real_gva,growth,pct,EA,,K,2027,1.245542707
historical,real_gva,growth,pct,EA,,K,2024,-0.601416359
adverse,real_gva,growth,pct,EE,,K,2025,-3.001953739
adverse,real_gva,growth,pct,EE,,K,2026,-4.071608074
adverse,real_gva,growth,pct,EE,,K,2027,1.322562373
baseline,real_gva,growth,pct,EE,,K,2025,2.197094273
baseline,real_gva,growth,pct,EE,,K,2026,3.408123032
baseline,real_gva,growth,pct,EE,,K,2027,3.422850164
historical,real_gva,growth,pct,EE,,K,2024,0.155421348
adverse,real_gva,growth,pct,ES,,K,2025,-2.027751992
adverse,real_gva,growth,pct,ES,,K,2026,-2.800942505
adverse,real_gva,growth,pct,ES,,K,2027,1.642805891
baseline,real_gva,growth,pct,ES,,K,2025,2.436076532
baseline,real_gva,growth,pct,ES,,K,2026,1.864866657
baseline,real_gva,growth,pct,ES,,K,2027,1.684117545
historical,real_gva,growth,pct,ES,,K,2024,-6.386910247
adverse,real_gva,growth,pct,EU,,K,2025,-2.057632514
adverse,real_gva,growth,pct,EU,,K,2026,-3.769568890
adverse,real_gva,growth,pct,EU,,K,2027,0.265862746
baseline,real_gva,growth,pct,EU,,K,2025,1.341256051
baseline,real_gva,growth,pct,EU,,K,2026,1.607078130
baseline,real_gva,growth,pct,EU,,K,2027,1.443738191
historical,real_gva,growth,pct,EU,,K,2024,-0.639495804
adverse,real_gva,growth,pct,FI,,K,2025,-3.167343834
adverse,real_gva,growth,pct,FI,,K,2026,-1.778128600
adverse,real_gva,growth,pct,FI,,K,2027,0.665108112
baseline,real_gva,growth,pct,FI,,K,2025,1.337883663
baseline,real_gva,growth,pct,FI,,K,2026,2.254500443
baseline,real_gva,growth,pct,FI,,K,2027,1.783013661
historical,real_gva,growth,pct,FI,,K,2024,1.563772377
adverse,real_gva,growth,pct,FR,,K,2025,-1.092703076
adverse,real_gva,growth,pct,FR,,K,2026,-3.521099498
adverse,real_gva,growth,pct,FR,,K,2027,-0.577121768
baseline,real_gva,growth,pct,FR,,K,2025,0.989378247
baseline,real_gva,growth,pct,FR,,K,2026,1.338013500
baseline,real_gva,growth,pct,FR,,K,2027,1.329468669
historical,real_gva,growth,pct,FR,,K,2024,-1.376189271
adverse,real_gva,growth,pct,GR,,K,2025,-1.096353062
adverse,real_gva,growth,pct,GR,,K,2026,-3.862596076
adverse,real_gva,growth,pct,GR,,K,2027,-0.245941943
baseline,real_gva,growth,pct,GR,,K,2025,2.584169333
baseline,real_gva,growth,pct,GR,,K,2026,2.391367177
baseline,real_gva,growth,pct,GR,,K,2027,2.101607095
historical,real_gva,growth,pct,GR,,K,2024,-5.172152399
adverse,real_gva,growth,pct,HR,,K,2025,-1.567909069
adverse,real_gva,growth,pct,HR,,K,2026,-6.155197270
adverse,real_gva,growth,pct,HR,,K,2027,0.769810222
baseline,real_gva,growth,pct,HR,,K,2025,3.297231137
baseline,real_gva,growth,pct,HR,,K,2026,2.985478113
baseline,real_gva,growth,pct,HR,,K,2027,2.294574431
historical,real_gva,growth,pct,HR,,K,2024,1.820824955
adverse,real_gva,growth,pct,HU,,K,2025,-1.367623159
adverse,real_gva,growth,pct,HU,,K,2026,-4.324870005
adverse,real_gva,growth,pct,HU,,K,2027,1.945610304
baseline,real_gva,growth,pct,HU,,K,2025,2.880229120
baseline,real_gva,growth,pct,HU,,K,2026,3.702717032
baseline,real_gva,growth,pct,HU,,K,2027,2.746242711
historical,real_gva,growth,pct,HU,,K,2024,0.532607921
adverse,real_gva,growth,pct,IE,,K,2025,-1.229547457
adverse,real_gva,growth,pct,IE,,K,2026,-4.257134356
adverse,real_gva,growth,pct,IE,,K,2027,-0.327532411
baseline,real_gva,growth,pct,IE,,K,2025,3.744189875
baseline,real_gva,growth,pct,IE,,K,2026,4.165187870
baseline,real_gva,growth,pct,IE,,K,2027,3.388438140
historical,real_gva,growth,pct,IE,,K,2024,-0.080344526
adverse,real_gva,growth,pct,IT,,K,2025,-1.443331462
adverse,real_gva,growth,pct,IT,,K,2026,-3.977838119
adverse,real_gva,growth,pct,IT,,K,2027,-1.421505297
baseline,real_gva,growth,pct,IT,,K,2025,0.697294137
baseline,real_gva,growth,pct,IT,,K,2026,1.004538423
baseline,real_gva,growth,pct,IT,,K,2027,0.822518364
historical,real_gva,growth,pct,IT,,K,2024,-0.685897296
adverse,real_gva,growth,pct,LT,,K,2025,-0.554156814
adverse,real_gva,growth,pct,LT,,K,2026,-4.265404758
adverse,real_gva,growth,pct,LT,,K,2027,2.171297016
baseline,real_gva,growth,pct,LT,,K,2025,3.280900667
baseline,real_gva,growth,pct,LT,,K,2026,3.311627074
baseline,real_gva,growth,pct,LT,,K,2027,3.198551850
historical,real_gva,growth,pct,LT,,K,2024,1.025990922
adverse,real_gva,growth,pct,LU,,K,2025,-3.390065304
adverse,real_gva,growth,pct,LU,,K,2026,-5.118340757
adverse,real_gva,growth,pct,LU,,K,2027,0.614908962
baseline,real_gva,growth,pct,LU,,K,2025,1.470927335
baseline,real_gva,growth,pct,LU,,K,2026,2.076246736
baseline,real_gva,growth,pct,LU,,K,2027,2.095984421
historical,real_gva,growth,pct,LU,,K,2024,0.967884159
adverse,real_gva,growth,pct,LV,,K,2025,-2.249568591
adverse,real_gva,growth,pct,LV,,K,2026,-3.032125875
adverse,real_gva,growth,pct,LV,,K,2027,1.806516620
baseline,real_gva,growth,pct,LV,,K,2025,2.700408337
baseline,real_gva,growth,pct,LV,,K,2026,3.452696640
baseline,real_gva,growth,pct,LV,,K,2027,3.706566592
historical,real_gva,growth,pct,LV,,K,2024,-1.705510301
adverse,real_gva,growth,pct,MT,,K,2025,-2.681045361
adverse,real_gva,growth,pct,MT,,K,2026,-5.688652781
adverse,real_gva,growth,pct,MT,,K,2027,1.028462559
baseline,real_gva,growth,pct,MT,,K,2025,4.194199691
baseline,real_gva,growth,pct,MT,,K,2026,3.989440986
baseline,real_gva,growth,pct,MT,,K,2027,3.697242250
historical,real_gva,growth,pct,MT,,K,2024,3.174416242
adverse,real_gva,growth,pct,NL,,K,2025,-1.439085615
adverse,real_gva,growth,pct,NL,,K,2026,-4.115969182
adverse,real_gva,growth,pct,NL,,K,2027,0.426614743
baseline,real_gva,growth,pct,NL,,K,2025,1.426054380
baseline,real_gva,growth,pct,NL,,K,2026,1.335353592
baseline,real_gva,growth,pct,NL,,K,2027,1.101000366
historical,real_gva,growth,pct,NL,,K,2024,-0.491984789
adverse,real_gva,growth,pct,PL,,K,2025,0.109985440
adverse,real_gva,growth,pct,PL,,K,2026,-4.109055082
adverse,real_gva,growth,pct,PL,,K,2027,0.779834248
baseline,real_gva,growth,pct,PL,,K,2025,3.920660828
baseline,real_gva,growth,pct,PL,,K,2026,3.839211999
baseline,real_gva,growth,pct,PL,,K,2027,2.747671934
historical,real_gva,growth,pct,PL,,K,2024,-4.028258561
adverse,real_gva,growth,pct,PT,,K,2025,-1.319938568
adverse,real_gva,growth,pct,PT,,K,2026,-3.422158507
adverse,real_gva,growth,pct,PT,,K,2027,0.461996671
baseline,real_gva,growth,pct,PT,,K,2025,2.351960361
baseline,real_gva,growth,pct,PT,,K,2026,2.374858158
baseline,real_gva,growth,pct,PT,,K,2027,1.805254687
historical,real_gva,growth,pct,PT,,K,2024,1.223275876
adverse,real_gva,growth,pct,RO,,K,2025,-1.262605974
adverse,real_gva,growth,pct,RO,,K,2026,-3.179173435
adverse,real_gva,growth,pct,RO,,K,2027,1.033696801
baseline,real_gva,growth,pct,RO,,K,2025,2.781574255
baseline,real_gva,growth,pct,RO,,K,2026,3.457053126
baseline,real_gva,growth,pct,RO,,K,2027,3.969942108
historical,real_gva,growth,pct,RO,,K,2024,1.609274679
adverse,real_gva,growth,pct,SE,,K,2025,-3.363699909
adverse,real_gva,growth,pct,SE,,K,2026,-5.413095412
adverse,real_gva,growth,pct,SE,,K,2027,0.646899856
baseline,real_gva,growth,pct,SE,,K,2025,2.165153113
baseline,real_gva,growth,pct,SE,,K,2026,2.388736294
baseline,real_gva,growth,pct,SE,,K,2027,1.888163649
historical,real_gva,growth,pct,SE,,K,2024,-3.341931694
adverse,real_gva,growth,pct,SI,,K,2025,-0.813102545
adverse,real_gva,growth,pct,SI,,K,2026,-3.678741934
adverse,real_gva,growth,pct,SI,,K,2027,1.285638235
baseline,real_gva,growth,pct,SI,,K,2025,2.432213802
baseline,real_gva,growth,pct,SI,,K,2026,2.901242788
baseline,real_gva,growth,pct,SI,,K,2027,2.517380239
historical,real_gva,growth,pct,SI,,K,2024,1.373355265
adverse,real_gva,growth,pct,SK,,K,2025,-1.019696717
adverse,real_gva,growth,pct,SK,,K,2026,-3.456048035
adverse,real_gva,growth,pct,SK,,K,2027,1.173230368
baseline,real_gva,growth,pct,SK,,K,2025,2.277993188
baseline,real_gva,growth,pct,SK,,K,2026,1.957320975
baseline,real_gva,growth,pct,SK,,K,2027,2.482399452
historical,real_gva,growth,pct,SK,,K,2024,-2.677405793
adverse,real_gva,growth,pct,AT,,L,2025,-3.679551377
adverse,real_gva,growth,pct,AT,,L,2026,-6.060907705
adverse,real_gva,growth,pct,AT,,L,2027,0.528100541
baseline,real_gva,growth,pct,AT,,L,2025,0.717634995
baseline,real_gva,growth,pct,AT,,L,2026,1.388671406
baseline,real_gva,growth,pct,AT,,L,2027,1.048111488
historical,real_gva,growth,pct,AT,,L,2024,-0.265162203
adverse,real_gva,growth,pct,BE,,L,2025,-1.478976173
adverse,real_gva,growth,pct,BE,,L,2026,-4.899224292
adverse,real_gva,growth,pct,BE,,L,2027,-0.724594615
baseline,real_gva,growth,pct,BE,,L,2025,1.051753705
baseline,real_gva,growth,pct,BE,,L,2026,1.275353453
baseline,real_gva,growth,pct,BE,,L,2027,1.133837368
historical,real_gva,growth,pct,BE,,L,2024,0.997749540
adverse,real_gva,growth,pct,BG,,L,2025,-2.845673787
adverse,real_gva,growth,pct,BG,,L,2026,-4.819947172
adverse,real_gva,growth,pct,BG,,L,2027,2.744989066
baseline,real_gva,growth,pct,BG,,L,2025,2.531789628
baseline,real_gva,growth,pct,BG,,L,2026,3.192134923
baseline,real_gva,growth,pct,BG,,L,2027,2.447248417
historical,real_gva,growth,pct,BG,,L,2024,0.919733241
adverse,real_gva,growth,pct,CY,,L,2025,-1.496313470
adverse,real_gva,growth,pct,CY,,L,2026,-7.088778612
adverse,real_gva,growth,pct,CY,,L,2027,-0.707391468
baseline,real_gva,growth,pct,CY,,L,2025,2.817559089
baseline,real_gva,growth,pct,CY,,L,2026,2.910402843
baseline,real_gva,growth,pct,CY,,L,2027,2.817718300
historical,real_gva,growth,pct,CY,,L,2024,1.550592673
adverse,real_gva,growth,pct,CZ,,L,2025,-1.901896085
adverse,real_gva,growth,pct,CZ,,L,2026,-4.407121518
adverse,real_gva,growth,pct,CZ,,L,2027,0.910011619
baseline,real_gva,growth,pct,CZ,,L,2025,2.063274043
baseline,real_gva,growth,pct,CZ,,L,2026,2.077860792
baseline,real_gva,growth,pct,CZ,,L,2027,2.011461880
historical,real_gva,growth,pct,CZ,,L,2024,2.346393974
adverse,real_gva,growth,pct,DE,,L,2025,-3.495011406
adverse,real_gva,growth,pct,DE,,L,2026,-5.023182560
adverse,real_gva,growth,pct,DE,,L,2027,1.803474133
baseline,real_gva,growth,pct,DE,,L,2025,-0.084525330
baseline,real_gva,growth,pct,DE,,L,2026,0.670585790
baseline,real_gva,growth,pct,DE,,L,2027,0.767118607
historical,real_gva,growth,pct,DE,,L,2024,0.127666839
adverse,real_gva,growth,pct,DK,,L,2025,-2.772562324
adverse,real_gva,growth,pct,DK,,L,2026,-2.446390364
adverse,real_gva,growth,pct,DK,,L,2027,1.682243544
baseline,real_gva,growth,pct,DK,,L,2025,2.049184626
baseline,real_gva,growth,pct,DK,,L,2026,1.076462505
baseline,real_gva,growth,pct,DK,,L,2027,0.983516257
historical,real_gva,growth,pct,DK,,L,2024,3.414917382
adverse,real_gva,growth,pct,EA,,L,2025,-2.229954721
adverse,real_gva,growth,pct,EA,,L,2026,-4.712728177
adverse,real_gva,growth,pct,EA,,L,2027,0.330248614
baseline,real_gva,growth,pct,EA,,L,2025,0.874516254
baseline,real_gva,growth,pct,EA,,L,2026,1.220583517
baseline,real_gva,growth,pct,EA,,L,2027,1.102142126
historical,real_gva,growth,pct,EA,,L,2024,1.790333889
adverse,real_gva,growth,pct,EE,,L,2025,-3.651117867
adverse,real_gva,growth,pct,EE,,L,2026,-5.803452179
adverse,real_gva,growth,pct,EE,,L,2027,0.050050288
baseline,real_gva,growth,pct,EE,,L,2025,1.150899829
baseline,real_gva,growth,pct,EE,,L,2026,2.598504460
baseline,real_gva,growth,pct,EE,,L,2027,2.661047788
historical,real_gva,growth,pct,EE,,L,2024,-1.233743741
adverse,real_gva,growth,pct,ES,,L,2025,-2.009726230
adverse,real_gva,growth,pct,ES,,L,2026,-3.264038320
adverse,real_gva,growth,pct,ES,,L,2027,1.600532598
baseline,real_gva,growth,pct,ES,,L,2025,2.324067364
baseline,real_gva,growth,pct,ES,,L,2026,1.628186877
baseline,real_gva,growth,pct,ES,,L,2027,1.405426157
historical,real_gva,growth,pct,ES,,L,2024,10.365456019
adverse,real_gva,growth,pct,EU,,L,2025,-2.194710499
adverse,real_gva,growth,pct,EU,,L,2026,-4.839370281
adverse,real_gva,growth,pct,EU,,L,2027,0.377805248
baseline,real_gva,growth,pct,EU,,L,2025,1.119279684
baseline,real_gva,growth,pct,EU,,L,2026,1.426967220
baseline,real_gva,growth,pct,EU,,L,2027,1.244868627
historical,real_gva,growth,pct,EU,,L,2024,1.902927171
adverse,real_gva,growth,pct,FI,,L,2025,-3.289474248
adverse,real_gva,growth,pct,FI,,L,2026,-2.525693011
adverse,real_gva,growth,pct,FI,,L,2027,0.531436138
baseline,real_gva,growth,pct,FI,,L,2025,0.376094966
baseline,real_gva,growth,pct,FI,,L,2026,1.644122441
baseline,real_gva,growth,pct,FI,,L,2027,1.060204541
historical,real_gva,growth,pct,FI,,L,2024,0.510499096
adverse,real_gva,growth,pct,FR,,L,2025,-1.513295294
adverse,real_gva,growth,pct,FR,,L,2026,-5.189594068
adverse,real_gva,growth,pct,FR,,L,2027,-1.405095129
baseline,real_gva,growth,pct,FR,,L,2025,0.622063263
baseline,real_gva,growth,pct,FR,,L,2026,1.032538718
baseline,real_gva,growth,pct,FR,,L,2027,1.026815988
historical,real_gva,growth,pct,FR,,L,2024,0.642631982
adverse,real_gva,growth,pct,GR,,L,2025,-0.366869346
adverse,real_gva,growth,pct,GR,,L,2026,-3.624120883
adverse,real_gva,growth,pct,GR,,L,2027,-0.157464422
baseline,real_gva,growth,pct,GR,,L,2025,2.612661853
baseline,real_gva,growth,pct,GR,,L,2026,2.392505610
baseline,real_gva,growth,pct,GR,,L,2027,2.044944402
historical,real_gva,growth,pct,GR,,L,2024,0.722273861
adverse,real_gva,growth,pct,HR,,L,2025,-1.773973750
adverse,real_gva,growth,pct,HR,,L,2026,-8.135913188
adverse,real_gva,growth,pct,HR,,L,2027,1.082559337
baseline,real_gva,growth,pct,HR,,L,2025,3.302291730
baseline,real_gva,growth,pct,HR,,L,2026,2.968436349
baseline,real_gva,growth,pct,HR,,L,2027,2.238211462
historical,real_gva,growth,pct,HR,,L,2024,2.525929392
adverse,real_gva,growth,pct,HU,,L,2025,-2.484587569
adverse,real_gva,growth,pct,HU,,L,2026,-7.279897975
adverse,real_gva,growth,pct,HU,,L,2027,0.828643345
baseline,real_gva,growth,pct,HU,,L,2025,2.922481522
baseline,real_gva,growth,pct,HU,,L,2026,3.930326153
baseline,real_gva,growth,pct,HU,,L,2027,2.806733359
historical,real_gva,growth,pct,HU,,L,2024,2.553293697
adverse,real_gva,growth,pct,IE,,L,2025,-1.867063619
adverse,real_gva,growth,pct,IE,,L,2026,-4.240368728
adverse,real_gva,growth,pct,IE,,L,2027,1.871995914
baseline,real_gva,growth,pct,IE,,L,2025,3.668293842
baseline,real_gva,growth,pct,IE,,L,2026,4.083577872
baseline,real_gva,growth,pct,IE,,L,2027,3.298290505
historical,real_gva,growth,pct,IE,,L,2024,0.732695753
adverse,real_gva,growth,pct,IT,,L,2025,-1.486157072
adverse,real_gva,growth,pct,IT,,L,2026,-4.462127122
adverse,real_gva,growth,pct,IT,,L,2027,-1.265748780
baseline,real_gva,growth,pct,IT,,L,2025,0.508649891
baseline,real_gva,growth,pct,IT,,L,2026,0.884710003
baseline,real_gva,growth,pct,IT,,L,2027,0.667147617
historical,real_gva,growth,pct,IT,,L,2024,2.114039915
adverse,real_gva,growth,pct,LT,,L,2025,-1.662200454
adverse,real_gva,growth,pct,LT,,L,2026,-7.128793546
adverse,real_gva,growth,pct,LT,,L,2027,0.608534465
baseline,real_gva,growth,pct,LT,,L,2025,2.802550028
baseline,real_gva,growth,pct,LT,,L,2026,2.839440551
baseline,real_gva,growth,pct,LT,,L,2027,2.713029272
historical,real_gva,growth,pct,LT,,L,2024,1.546842918
adverse,real_gva,growth,pct,LU,,L,2025,-1.409745271
adverse,real_gva,growth,pct,LU,,L,2026,-3.898595327
adverse,real_gva,growth,pct,LU,,L,2027,1.487527686
baseline,real_gva,growth,pct,LU,,L,2025,2.346394488
baseline,real_gva,growth,pct,LU,,L,2026,2.760828157
baseline,real_gva,growth,pct,LU,,L,2027,2.763376462
historical,real_gva,growth,pct,LU,,L,2024,0.781957451
adverse,real_gva,growth,pct,LV,,L,2025,-2.351335390
adverse,real_gva,growth,pct,LV,,L,2026,-4.649677035
adverse,real_gva,growth,pct,LV,,L,2027,1.144051536
baseline,real_gva,growth,pct,LV,,L,2025,2.037601924
baseline,real_gva,growth,pct,LV,,L,2026,2.993313692
baseline,real_gva,growth,pct,LV,,L,2027,3.285085579
historical,real_gva,growth,pct,LV,,L,2024,-2.351771397
adverse,real_gva,growth,pct,MT,,L,2025,-1.117223478
adverse,real_gva,growth,pct,MT,,L,2026,-5.005695988
adverse,real_gva,growth,pct,MT,,L,2027,2.843795035
baseline,real_gva,growth,pct,MT,,L,2025,3.778792493
baseline,real_gva,growth,pct,MT,,L,2026,3.567656962
baseline,real_gva,growth,pct,MT,,L,2027,3.285259362
historical,real_gva,growth,pct,MT,,L,2024,0.084266623
adverse,real_gva,growth,pct,NL,,L,2025,-1.331241290
adverse,real_gva,growth,pct,NL,,L,2026,-4.220657533
adverse,real_gva,growth,pct,NL,,L,2027,0.909025154
baseline,real_gva,growth,pct,NL,,L,2025,1.383681739
baseline,real_gva,growth,pct,NL,,L,2026,1.298189970
baseline,real_gva,growth,pct,NL,,L,2027,1.061694153
historical,real_gva,growth,pct,NL,,L,2024,2.309856759
adverse,real_gva,growth,pct,PL,,L,2025,-0.844406743
adverse,real_gva,growth,pct,PL,,L,2026,-6.290582934
adverse,real_gva,growth,pct,PL,,L,2027,-0.799026983
baseline,real_gva,growth,pct,PL,,L,2025,3.392164921
baseline,real_gva,growth,pct,PL,,L,2026,3.339081550
baseline,real_gva,growth,pct,PL,,L,2027,2.097200408
historical,real_gva,growth,pct,PL,,L,2024,5.735617452
adverse,real_gva,growth,pct,PT,,L,2025,-1.317404320
adverse,real_gva,growth,pct,PT,,L,2026,-4.128702314
adverse,real_gva,growth,pct,PT,,L,2027,0.158345380
baseline,real_gva,growth,pct,PT,,L,2025,2.029486427
baseline,real_gva,growth,pct,PT,,L,2026,2.065058915
baseline,real_gva,growth,pct,PT,,L,2027,1.416669575
historical,real_gva,growth,pct,PT,,L,2024,0.617838229
adverse,real_gva,growth,pct,RO,,L,2025,-1.450247920
adverse,real_gva,growth,pct,RO,,L,2026,-4.302038790
adverse,real_gva,growth,pct,RO,,L,2027,-0.207656424
baseline,real_gva,growth,pct,RO,,L,2025,2.214952817
baseline,real_gva,growth,pct,RO,,L,2026,2.935359614
baseline,real_gva,growth,pct,RO,,L,2027,3.488462819
historical,real_gva,growth,pct,RO,,L,2024,-2.983864161
adverse,real_gva,growth,pct,SE,,L,2025,-2.696865179
adverse,real_gva,growth,pct,SE,,L,2026,-4.519943717
adverse,real_gva,growth,pct,SE,,L,2027,2.906729376
baseline,real_gva,growth,pct,SE,,L,2025,1.808406828
baseline,real_gva,growth,pct,SE,,L,2026,2.081050718
baseline,real_gva,growth,pct,SE,,L,2027,1.519803597
historical,real_gva,growth,pct,SE,,L,2024,1.184146262
adverse,real_gva,growth,pct,SI,,L,2025,-1.818921512
adverse,real_gva,growth,pct,SI,,L,2026,-7.100097666
adverse,real_gva,growth,pct,SI,,L,2027,-0.913153237
baseline,real_gva,growth,pct,SI,,L,2025,1.900315353
baseline,real_gva,growth,pct,SI,,L,2026,2.436705456
baseline,real_gva,growth,pct,SI,,L,2027,2.017095549
historical,real_gva,growth,pct,SI,,L,2024,2.008688919
adverse,real_gva,growth,pct,SK,,L,2025,-1.647843732
adverse,real_gva,growth,pct,SK,,L,2026,-5.124181543
adverse,real_gva,growth,pct,SK,,L,2027,0.251955401
baseline,real_gva,growth,pct,SK,,L,2025,1.656097598
baseline,real_gva,growth,pct,SK,,L,2026,1.293021709
baseline,real_gva,growth,pct,SK,,L,2027,1.908373767
historical,real_gva,growth,pct,SK,,L,2024,-3.679662532
adverse,real_gva,growth,pct,AT,,MN,2025,-2.984879848
adverse,real_gva,growth,pct,AT,,MN,2026,-3.812356406
adverse,real_gva,growth,pct,AT,,MN,2027,0.873705359
baseline,real_gva,growth,pct,AT,,MN,2025,1.018921052
baseline,real_gva,growth,pct,AT,,MN,2026,1.682202288
baseline,real_gva,growth,pct,AT,,MN,2027,1.341779270
historical,real_gva,growth,pct,AT,,MN,2024,-1.132261345
adverse,real_gva,growth,pct,BE,,MN,2025,-1.455917406
adverse,real_gva,growth,pct,BE,,MN,2026,-3.819963410
adverse,real_gva,growth,pct,BE,,MN,2027,-0.920468849
baseline,real_gva,growth,pct,BE,,MN,2025,1.075694278
baseline,real_gva,growth,pct,BE,,MN,2026,1.317970365
baseline,real_gva,growth,pct,BE,,MN,2027,1.164853509
historical,real_gva,growth,pct,BE,,MN,2024,2.301811868
adverse,real_gva,growth,pct,BG,,MN,2025,-3.246674470
adverse,real_gva,growth,pct,BG,,MN,2026,-2.484357533
adverse,real_gva,growth,pct,BG,,MN,2027,2.057638375
baseline,real_gva,growth,pct,BG,,MN,2025,3.036351901
baseline,real_gva,growth,pct,BG,,MN,2026,3.657859137
baseline,real_gva,growth,pct,BG,,MN,2027,2.962217128
historical,real_gva,growth,pct,BG,,MN,2024,2.163154135
adverse,real_gva,growth,pct,CY,,MN,2025,-3.068575280
adverse,real_gva,growth,pct,CY,,MN,2026,-5.737120228
adverse,real_gva,growth,pct,CY,,MN,2027,-0.101356777
baseline,real_gva,growth,pct,CY,,MN,2025,2.944615649
baseline,real_gva,growth,pct,CY,,MN,2026,3.031959957
baseline,real_gva,growth,pct,CY,,MN,2027,2.941735932
historical,real_gva,growth,pct,CY,,MN,2024,2.769573220
adverse,real_gva,growth,pct,CZ,,MN,2025,-2.597576176
adverse,real_gva,growth,pct,CZ,,MN,2026,-4.465626905
adverse,real_gva,growth,pct,CZ,,MN,2027,0.265284941
baseline,real_gva,growth,pct,CZ,,MN,2025,2.244476381
baseline,real_gva,growth,pct,CZ,,MN,2026,2.262732357
baseline,real_gva,growth,pct,CZ,,MN,2027,2.201071207
historical,real_gva,growth,pct,CZ,,MN,2024,-0.567287175
adverse,real_gva,growth,pct,DE,,MN,2025,-4.164829013
adverse,real_gva,growth,pct,DE,,MN,2026,-4.685716246
adverse,real_gva,growth,pct,DE,,MN,2027,-0.241552574
baseline,real_gva,growth,pct,DE,,MN,2025,-0.120382131
baseline,real_gva,growth,pct,DE,,MN,2026,0.653256065
baseline,real_gva,growth,pct,DE,,MN,2027,0.752388997
historical,real_gva,growth,pct,DE,,MN,2024,0.245166951
adverse,real_gva,growth,pct,DK,,MN,2025,-3.002640481
adverse,real_gva,growth,pct,DK,,MN,2026,-4.536143710
adverse,real_gva,growth,pct,DK,,MN,2027,1.040860898
baseline,real_gva,growth,pct,DK,,MN,2025,2.262032264
baseline,real_gva,growth,pct,DK,,MN,2026,1.334798471
baseline,real_gva,growth,pct,DK,,MN,2027,1.248030124
historical,real_gva,growth,pct,DK,,MN,2024,7.123687461
adverse,real_gva,growth,pct,EA,,MN,2025,-2.550942980
adverse,real_gva,growth,pct,EA,,MN,2026,-4.205481069
adverse,real_gva,growth,pct,EA,,MN,2027,-0.639458086
baseline,real_gva,growth,pct,EA,,MN,2025,0.960092469
baseline,real_gva,growth,pct,EA,,MN,2026,1.312617101
baseline,real_gva,growth,pct,EA,,MN,2027,1.197434868
historical,real_gva,growth,pct,EA,,MN,2024,1.263013023
adverse,real_gva,growth,pct,EE,,MN,2025,-5.090271824
adverse,real_gva,growth,pct,EE,,MN,2026,-4.735454874
adverse,real_gva,growth,pct,EE,,MN,2027,0.229961295
baseline,real_gva,growth,pct,EE,,MN,2025,1.461081406
baseline,real_gva,growth,pct,EE,,MN,2026,2.850939006
baseline,real_gva,growth,pct,EE,,MN,2027,2.898913948
historical,real_gva,growth,pct,EE,,MN,2024,-5.825620143
adverse,real_gva,growth,pct,ES,,MN,2025,-2.202780633
adverse,real_gva,growth,pct,ES,,MN,2026,-3.049947679
adverse,real_gva,growth,pct,ES,,MN,2027,1.335553348
baseline,real_gva,growth,pct,ES,,MN,2025,2.531134842
baseline,real_gva,growth,pct,ES,,MN,2026,1.900518011
baseline,real_gva,growth,pct,ES,,MN,2027,1.700296413
historical,real_gva,growth,pct,ES,,MN,2024,3.084988953
adverse,real_gva,growth,pct,EU,,MN,2025,-2.511435958
adverse,real_gva,growth,pct,EU,,MN,2026,-4.271099578
adverse,real_gva,growth,pct,EU,,MN,2027,-0.550826221
baseline,real_gva,growth,pct,EU,,MN,2025,1.229556877
baseline,real_gva,growth,pct,EU,,MN,2026,1.544166137
baseline,real_gva,growth,pct,EU,,MN,2027,1.359998090
historical,real_gva,growth,pct,EU,,MN,2024,1.336198497
adverse,real_gva,growth,pct,FI,,MN,2025,-4.746489935
adverse,real_gva,growth,pct,FI,,MN,2026,-3.296225341
adverse,real_gva,growth,pct,FI,,MN,2027,-1.069845621
baseline,real_gva,growth,pct,FI,,MN,2025,0.669229399
baseline,real_gva,growth,pct,FI,,MN,2026,1.816452486
baseline,real_gva,growth,pct,FI,,MN,2027,1.278111281
historical,real_gva,growth,pct,FI,,MN,2024,-1.916278484
adverse,real_gva,growth,pct,FR,,MN,2025,-1.550133099
adverse,real_gva,growth,pct,FR,,MN,2026,-4.004518035
adverse,real_gva,growth,pct,FR,,MN,2027,-1.316647682
baseline,real_gva,growth,pct,FR,,MN,2025,0.702383161
baseline,real_gva,growth,pct,FR,,MN,2026,1.118480324
baseline,real_gva,growth,pct,FR,,MN,2027,1.112126737
historical,real_gva,growth,pct,FR,,MN,2024,2.013349135
adverse,real_gva,growth,pct,GR,,MN,2025,-1.540825297
adverse,real_gva,growth,pct,GR,,MN,2026,-4.203884385
adverse,real_gva,growth,pct,GR,,MN,2027,-0.720652253
baseline,real_gva,growth,pct,GR,,MN,2025,2.431576068
baseline,real_gva,growth,pct,GR,,MN,2026,2.231527935
baseline,real_gva,growth,pct,GR,,MN,2027,1.945697762
historical,real_gva,growth,pct,GR,,MN,2024,-0.149833012
adverse,real_gva,growth,pct,HR,,MN,2025,-1.651927434
adverse,real_gva,growth,pct,HR,,MN,2026,-5.176990691
adverse,real_gva,growth,pct,HR,,MN,2027,0.054498444
baseline,real_gva,growth,pct,HR,,MN,2025,3.430334805
baseline,real_gva,growth,pct,HR,,MN,2026,3.110255286
baseline,real_gva,growth,pct,HR,,MN,2027,2.373206790
historical,real_gva,growth,pct,HR,,MN,2024,2.836687009
adverse,real_gva,growth,pct,HU,,MN,2025,-1.758655768
adverse,real_gva,growth,pct,HU,,MN,2026,-5.042521463
adverse,real_gva,growth,pct,HU,,MN,2027,0.582959271
baseline,real_gva,growth,pct,HU,,MN,2025,3.166818954
baseline,real_gva,growth,pct,HU,,MN,2026,4.137445560
baseline,real_gva,growth,pct,HU,,MN,2027,3.030091075
historical,real_gva,growth,pct,HU,,MN,2024,1.872394226
adverse,real_gva,growth,pct,IE,,MN,2025,-1.079013965
adverse,real_gva,growth,pct,IE,,MN,2026,-3.977364433
adverse,real_gva,growth,pct,IE,,MN,2027,-0.221707993
baseline,real_gva,growth,pct,IE,,MN,2025,3.927374140
baseline,real_gva,growth,pct,IE,,MN,2026,4.350502405
baseline,real_gva,growth,pct,IE,,MN,2027,3.519607086
historical,real_gva,growth,pct,IE,,MN,2024,2.939516461
adverse,real_gva,growth,pct,IT,,MN,2025,-1.626194846
adverse,real_gva,growth,pct,IT,,MN,2026,-4.134627353
adverse,real_gva,growth,pct,IT,,MN,2027,-1.672359772
baseline,real_gva,growth,pct,IT,,MN,2025,0.698708731
baseline,real_gva,growth,pct,IT,,MN,2026,1.056702056
baseline,real_gva,growth,pct,IT,,MN,2027,0.848186762
historical,real_gva,growth,pct,IT,,MN,2024,0.277501846
adverse,real_gva,growth,pct,LT,,MN,2025,-0.677189305
adverse,real_gva,growth,pct,LT,,MN,2026,-3.956417141
adverse,real_gva,growth,pct,LT,,MN,2027,1.326223469
baseline,real_gva,growth,pct,LT,,MN,2025,3.438758172
baseline,real_gva,growth,pct,LT,,MN,2026,3.474331633
baseline,real_gva,growth,pct,LT,,MN,2027,3.344990097
historical,real_gva,growth,pct,LT,,MN,2024,3.186580127
adverse,real_gva,growth,pct,LU,,MN,2025,-2.544712484
adverse,real_gva,growth,pct,LU,,MN,2026,-4.312009953
adverse,real_gva,growth,pct,LU,,MN,2027,0.838558995
baseline,real_gva,growth,pct,LU,,MN,2025,2.117196731
baseline,real_gva,growth,pct,LU,,MN,2026,2.659683555
baseline,real_gva,growth,pct,LU,,MN,2027,2.676653187
historical,real_gva,growth,pct,LU,,MN,2024,-0.967259737
adverse,real_gva,growth,pct,LV,,MN,2025,-3.046091005
adverse,real_gva,growth,pct,LV,,MN,2026,-3.901657363
adverse,real_gva,growth,pct,LV,,MN,2027,0.637205419
baseline,real_gva,growth,pct,LV,,MN,2025,2.045638792
baseline,real_gva,growth,pct,LV,,MN,2026,2.951405638
baseline,real_gva,growth,pct,LV,,MN,2027,3.234673140
historical,real_gva,growth,pct,LV,,MN,2024,-1.656855943
adverse,real_gva,growth,pct,MT,,MN,2025,-3.559981910
adverse,real_gva,growth,pct,MT,,MN,2026,-7.011134954
adverse,real_gva,growth,pct,MT,,MN,2027,0.118401626
baseline,real_gva,growth,pct,MT,,MN,2025,3.509068729
baseline,real_gva,growth,pct,MT,,MN,2026,3.288562159
baseline,real_gva,growth,pct,MT,,MN,2027,2.952431767
historical,real_gva,growth,pct,MT,,MN,2024,2.584174871
adverse,real_gva,growth,pct,NL,,MN,2025,-2.075841400
adverse,real_gva,growth,pct,NL,,MN,2026,-4.696053302
adverse,real_gva,growth,pct,NL,,MN,2027,-0.903297251
baseline,real_gva,growth,pct,NL,,MN,2025,1.341045072
baseline,real_gva,growth,pct,NL,,MN,2026,1.213140895
baseline,real_gva,growth,pct,NL,,MN,2027,0.957388238
historical,real_gva,growth,pct,NL,,MN,2024,2.141184436
adverse,real_gva,growth,pct,PL,,MN,2025,-0.611042123
adverse,real_gva,growth,pct,PL,,MN,2026,-4.815325565
adverse,real_gva,growth,pct,PL,,MN,2027,-0.523245035
baseline,real_gva,growth,pct,PL,,MN,2025,3.694935851
baseline,real_gva,growth,pct,PL,,MN,2026,3.641526243
baseline,real_gva,growth,pct,PL,,MN,2027,2.300780080
historical,real_gva,growth,pct,PL,,MN,2024,4.431073853
adverse,real_gva,growth,pct,PT,,MN,2025,-1.725308020
adverse,real_gva,growth,pct,PT,,MN,2026,-3.856884138
adverse,real_gva,growth,pct,PT,,MN,2027,-0.527501636
baseline,real_gva,growth,pct,PT,,MN,2025,2.355047837
baseline,real_gva,growth,pct,PT,,MN,2026,2.374451127
baseline,real_gva,growth,pct,PT,,MN,2027,1.773300626
historical,real_gva,growth,pct,PT,,MN,2024,7.703279868
adverse,real_gva,growth,pct,RO,,MN,2025,-2.210567183
adverse,real_gva,growth,pct,RO,,MN,2026,-4.214737447
adverse,real_gva,growth,pct,RO,,MN,2027,0.041840672
baseline,real_gva,growth,pct,RO,,MN,2025,2.449845466
baseline,real_gva,growth,pct,RO,,MN,2026,3.180782824
baseline,real_gva,growth,pct,RO,,MN,2027,3.738349264
historical,real_gva,growth,pct,RO,,MN,2024,-6.024614688
adverse,real_gva,growth,pct,SE,,MN,2025,-3.882938062
adverse,real_gva,growth,pct,SE,,MN,2026,-5.929651832
adverse,real_gva,growth,pct,SE,,MN,2027,-1.218636039
baseline,real_gva,growth,pct,SE,,MN,2025,2.012781134
baseline,real_gva,growth,pct,SE,,MN,2026,2.311799582
baseline,real_gva,growth,pct,SE,,MN,2027,1.709685421
historical,real_gva,growth,pct,SE,,MN,2024,0.190325735
adverse,real_gva,growth,pct,SI,,MN,2025,-1.514718814
adverse,real_gva,growth,pct,SI,,MN,2026,-3.854747809
adverse,real_gva,growth,pct,SI,,MN,2027,0.468745498
baseline,real_gva,growth,pct,SI,,MN,2025,1.982783474
baseline,real_gva,growth,pct,SI,,MN,2026,2.546988150
baseline,real_gva,growth,pct,SI,,MN,2027,2.103261962
historical,real_gva,growth,pct,SI,,MN,2024,0.903904714
adverse,real_gva,growth,pct,SK,,MN,2025,-2.962000787
adverse,real_gva,growth,pct,SK,,MN,2026,-5.954624577
adverse,real_gva,growth,pct,SK,,MN,2027,-0.316194082
baseline,real_gva,growth,pct,SK,,MN,2025,1.910816613
baseline,real_gva,growth,pct,SK,,MN,2026,1.547139652
baseline,real_gva,growth,pct,SK,,MN,2027,2.164810941
historical,real_gva,growth,pct,SK,,MN,2024,0.869540596
adverse,real_gva,growth,pct,AT,,OPQ,2025,-1.802824502
adverse,real_gva,growth,pct,AT,,OPQ,2026,-1.875310998
adverse,real_gva,growth,pct,AT,,OPQ,2027,2.246939155
baseline,real_gva,growth,pct,AT,,OPQ,2025,0.828453189
baseline,real_gva,growth,pct,AT,,OPQ,2026,1.451698300
baseline,real_gva,growth,pct,AT,,OPQ,2027,1.132824382
historical,real_gva,growth,pct,AT,,OPQ,2024,1.549450559
adverse,real_gva,growth,pct,BE,,OPQ,2025,0.121124239
adverse,real_gva,growth,pct,BE,,OPQ,2026,-1.021029235
adverse,real_gva,growth,pct,BE,,OPQ,2027,0.142994144
baseline,real_gva,growth,pct,BE,,OPQ,2025,1.038533710
baseline,real_gva,growth,pct,BE,,OPQ,2026,1.252499692
baseline,real_gva,growth,pct,BE,,OPQ,2027,1.113729096
historical,real_gva,growth,pct,BE,,OPQ,2024,1.428632318
adverse,real_gva,growth,pct,BG,,OPQ,2025,-0.413901234
adverse,real_gva,growth,pct,BG,,OPQ,2026,0.139302002
adverse,real_gva,growth,pct,BG,,OPQ,2027,2.910380826
baseline,real_gva,growth,pct,BG,,OPQ,2025,2.660931309
baseline,real_gva,growth,pct,BG,,OPQ,2026,3.258737195
baseline,real_gva,growth,pct,BG,,OPQ,2027,2.593406478
historical,real_gva,growth,pct,BG,,OPQ,2024,2.315160566
adverse,real_gva,growth,pct,CY,,OPQ,2025,-0.506758621
adverse,real_gva,growth,pct,CY,,OPQ,2026,-3.029350303
adverse,real_gva,growth,pct,CY,,OPQ,2027,2.363691575
baseline,real_gva,growth,pct,CY,,OPQ,2025,2.828549842
baseline,real_gva,growth,pct,CY,,OPQ,2026,2.914433530
baseline,real_gva,growth,pct,CY,,OPQ,2027,2.828330835
historical,real_gva,growth,pct,CY,,OPQ,2024,2.562181719
adverse,real_gva,growth,pct,CZ,,OPQ,2025,-0.997863641
adverse,real_gva,growth,pct,CZ,,OPQ,2026,-1.124198088
adverse,real_gva,growth,pct,CZ,,OPQ,2027,2.321803838
baseline,real_gva,growth,pct,CZ,,OPQ,2025,2.126820756
baseline,real_gva,growth,pct,CZ,,OPQ,2026,2.134195729
baseline,real_gva,growth,pct,CZ,,OPQ,2027,2.077316861
historical,real_gva,growth,pct,CZ,,OPQ,2024,0.930417284
adverse,real_gva,growth,pct,DE,,OPQ,2025,-1.317244888
adverse,real_gva,growth,pct,DE,,OPQ,2026,-0.785964929
adverse,real_gva,growth,pct,DE,,OPQ,2027,1.941594795
baseline,real_gva,growth,pct,DE,,OPQ,2025,0.075214541
baseline,real_gva,growth,pct,DE,,OPQ,2026,0.761859203
baseline,real_gva,growth,pct,DE,,OPQ,2027,0.841873858
historical,real_gva,growth,pct,DE,,OPQ,2024,0.673554199
adverse,real_gva,growth,pct,DK,,OPQ,2025,-0.351740280
adverse,real_gva,growth,pct,DK,,OPQ,2026,-0.387441033
adverse,real_gva,growth,pct,DK,,OPQ,2027,2.719113425
baseline,real_gva,growth,pct,DK,,OPQ,2025,2.078167867
baseline,real_gva,growth,pct,DK,,OPQ,2026,1.156751905
baseline,real_gva,growth,pct,DK,,OPQ,2027,1.069572551
historical,real_gva,growth,pct,DK,,OPQ,2024,2.596768305
adverse,real_gva,growth,pct,EA,,OPQ,2025,-0.564293779
adverse,real_gva,growth,pct,EA,,OPQ,2026,-1.250559968
adverse,real_gva,growth,pct,EA,,OPQ,2027,1.428325866
baseline,real_gva,growth,pct,EA,,OPQ,2025,0.972000889
baseline,real_gva,growth,pct,EA,,OPQ,2026,1.285790759
baseline,real_gva,growth,pct,EA,,OPQ,2027,1.173125468
historical,real_gva,growth,pct,EA,,OPQ,2024,1.371120664
adverse,real_gva,growth,pct,EE,,OPQ,2025,-2.107495647
adverse,real_gva,growth,pct,EE,,OPQ,2026,-1.573291105
adverse,real_gva,growth,pct,EE,,OPQ,2027,3.265722071
baseline,real_gva,growth,pct,EE,,OPQ,2025,1.204761505
baseline,real_gva,growth,pct,EE,,OPQ,2026,2.513068890
baseline,real_gva,growth,pct,EE,,OPQ,2027,2.565876403
historical,real_gva,growth,pct,EE,,OPQ,2024,0.014426250
adverse,real_gva,growth,pct,ES,,OPQ,2025,-0.528792219
adverse,real_gva,growth,pct,ES,,OPQ,2026,-1.132505774
adverse,real_gva,growth,pct,ES,,OPQ,2027,2.119718423
baseline,real_gva,growth,pct,ES,,OPQ,2025,2.293912924
baseline,real_gva,growth,pct,ES,,OPQ,2026,1.681569843
baseline,real_gva,growth,pct,ES,,OPQ,2027,1.486768441
historical,real_gva,growth,pct,ES,,OPQ,2024,4.816026985
adverse,real_gva,growth,pct,EU,,OPQ,2025,-0.476026386
adverse,real_gva,growth,pct,EU,,OPQ,2026,-1.228805879
adverse,real_gva,growth,pct,EU,,OPQ,2027,1.597378848
baseline,real_gva,growth,pct,EU,,OPQ,2025,1.210100135
baseline,real_gva,growth,pct,EU,,OPQ,2026,1.486574062
baseline,real_gva,growth,pct,EU,,OPQ,2027,1.315346660
historical,real_gva,growth,pct,EU,,OPQ,2024,1.477267498
adverse,real_gva,growth,pct,FI,,OPQ,2025,-1.553579885
adverse,real_gva,growth,pct,FI,,OPQ,2026,-0.172568708
adverse,real_gva,growth,pct,FI,,OPQ,2027,0.802124985
baseline,real_gva,growth,pct,FI,,OPQ,2025,0.515142183
baseline,real_gva,growth,pct,FI,,OPQ,2026,1.619364882
baseline,real_gva,growth,pct,FI,,OPQ,2027,1.099298447
historical,real_gva,growth,pct,FI,,OPQ,2024,0.563812189
adverse,real_gva,growth,pct,FR,,OPQ,2025,-0.091957749
adverse,real_gva,growth,pct,FR,,OPQ,2026,-1.430018386
adverse,real_gva,growth,pct,FR,,OPQ,2027,0.653872051
baseline,real_gva,growth,pct,FR,,OPQ,2025,0.805106037
baseline,real_gva,growth,pct,FR,,OPQ,2026,1.170091115
baseline,real_gva,growth,pct,FR,,OPQ,2027,1.160604419
historical,real_gva,growth,pct,FR,,OPQ,2024,1.278558210
adverse,real_gva,growth,pct,GR,,OPQ,2025,0.803313475
adverse,real_gva,growth,pct,GR,,OPQ,2026,-0.616898998
adverse,real_gva,growth,pct,GR,,OPQ,2027,2.115749543
baseline,real_gva,growth,pct,GR,,OPQ,2025,2.368516504
baseline,real_gva,growth,pct,GR,,OPQ,2026,2.168411384
baseline,real_gva,growth,pct,GR,,OPQ,2027,1.869794851
historical,real_gva,growth,pct,GR,,OPQ,2024,0.049170270
adverse,real_gva,growth,pct,HR,,OPQ,2025,0.460589774
adverse,real_gva,growth,pct,HR,,OPQ,2026,-1.444560049
adverse,real_gva,growth,pct,HR,,OPQ,2027,3.791022513
baseline,real_gva,growth,pct,HR,,OPQ,2025,3.247771293
baseline,real_gva,growth,pct,HR,,OPQ,2026,2.933302269
baseline,real_gva,growth,pct,HR,,OPQ,2027,2.232297566
historical,real_gva,growth,pct,HR,,OPQ,2024,2.499594251
adverse,real_gva,growth,pct,HU,,OPQ,2025,-0.062046955
adverse,real_gva,growth,pct,HU,,OPQ,2026,-1.415296091
adverse,real_gva,growth,pct,HU,,OPQ,2027,4.429733758
baseline,real_gva,growth,pct,HU,,OPQ,2025,2.896223501
baseline,real_gva,growth,pct,HU,,OPQ,2026,3.735501716
baseline,real_gva,growth,pct,HU,,OPQ,2027,2.752144774
historical,real_gva,growth,pct,HU,,OPQ,2024,0.928580256
adverse,real_gva,growth,pct,IE,,OPQ,2025,0.677177812
adverse,real_gva,growth,pct,IE,,OPQ,2026,-1.642253263
adverse,real_gva,growth,pct,IE,,OPQ,2027,2.775861294
baseline,real_gva,growth,pct,IE,,OPQ,2025,3.773369529
baseline,real_gva,growth,pct,IE,,OPQ,2026,4.186262697
baseline,real_gva,growth,pct,IE,,OPQ,2027,3.421687631
historical,real_gva,growth,pct,IE,,OPQ,2024,2.695363890
adverse,real_gva,growth,pct,IT,,OPQ,2025,-0.321538315
adverse,real_gva,growth,pct,IT,,OPQ,2026,-2.018051653
adverse,real_gva,growth,pct,IT,,OPQ,2027,-0.086293610
baseline,real_gva,growth,pct,IT,,OPQ,2025,0.592202476
baseline,real_gva,growth,pct,IT,,OPQ,2026,0.910388364
baseline,real_gva,growth,pct,IT,,OPQ,2027,0.723143025
historical,real_gva,growth,pct,IT,,OPQ,2024,-0.612942503
adverse,real_gva,growth,pct,LT,,OPQ,2025,0.525500984
adverse,real_gva,growth,pct,LT,,OPQ,2026,-1.174274576
adverse,real_gva,growth,pct,LT,,OPQ,2027,4.109469468
baseline,real_gva,growth,pct,LT,,OPQ,2025,2.802601132
baseline,real_gva,growth,pct,LT,,OPQ,2026,2.838581949
baseline,real_gva,growth,pct,LT,,OPQ,2027,2.715535844
historical,real_gva,growth,pct,LT,,OPQ,2024,1.057346307
adverse,real_gva,growth,pct,LU,,OPQ,2025,0.318622736
adverse,real_gva,growth,pct,LU,,OPQ,2026,-0.487006131
adverse,real_gva,growth,pct,LU,,OPQ,2027,2.579540596
baseline,real_gva,growth,pct,LU,,OPQ,2025,2.038767561
baseline,real_gva,growth,pct,LU,,OPQ,2026,2.540731780
baseline,real_gva,growth,pct,LU,,OPQ,2027,2.556287965
historical,real_gva,growth,pct,LU,,OPQ,2024,3.120559933
adverse,real_gva,growth,pct,LV,,OPQ,2025,-0.975243956
adverse,real_gva,growth,pct,LV,,OPQ,2026,-0.973312277
adverse,real_gva,growth,pct,LV,,OPQ,2027,3.110803861
baseline,real_gva,growth,pct,LV,,OPQ,2025,1.696148197
baseline,real_gva,growth,pct,LV,,OPQ,2026,2.607785943
baseline,real_gva,growth,pct,LV,,OPQ,2027,2.888326990
historical,real_gva,growth,pct,LV,,OPQ,2024,1.907899961
adverse,real_gva,growth,pct,MT,,OPQ,2025,1.098508062
adverse,real_gva,growth,pct,MT,,OPQ,2026,-0.340810287
adverse,real_gva,growth,pct,MT,,OPQ,2027,3.156272422
baseline,real_gva,growth,pct,MT,,OPQ,2025,3.591251654
baseline,real_gva,growth,pct,MT,,OPQ,2026,3.384119324
baseline,real_gva,growth,pct,MT,,OPQ,2027,3.112431179
historical,real_gva,growth,pct,MT,,OPQ,2024,2.778214695
adverse,real_gva,growth,pct,NL,,OPQ,2025,-0.086782877
adverse,real_gva,growth,pct,NL,,OPQ,2026,-1.828095197
adverse,real_gva,growth,pct,NL,,OPQ,2027,1.991033650
baseline,real_gva,growth,pct,NL,,OPQ,2025,1.414475134
baseline,real_gva,growth,pct,NL,,OPQ,2026,1.341951914
baseline,real_gva,growth,pct,NL,,OPQ,2027,1.094179699
historical,real_gva,growth,pct,NL,,OPQ,2024,2.551714278
adverse,real_gva,growth,pct,PL,,OPQ,2025,1.028756063
adverse,real_gva,growth,pct,PL,,OPQ,2026,-1.638364319
adverse,real_gva,growth,pct,PL,,OPQ,2027,2.264439541
baseline,real_gva,growth,pct,PL,,OPQ,2025,3.432819846
baseline,real_gva,growth,pct,PL,,OPQ,2026,3.366492859
baseline,real_gva,growth,pct,PL,,OPQ,2027,2.200895727
historical,real_gva,growth,pct,PL,,OPQ,2024,4.254494204
adverse,real_gva,growth,pct,PT,,OPQ,2025,-0.662896556
adverse,real_gva,growth,pct,PT,,OPQ,2026,-0.910949755
adverse,real_gva,growth,pct,PT,,OPQ,2027,2.154174354
baseline,real_gva,growth,pct,PT,,OPQ,2025,2.055472465
baseline,real_gva,growth,pct,PT,,OPQ,2026,2.077935526
baseline,real_gva,growth,pct,PT,,OPQ,2027,1.500298721
historical,real_gva,growth,pct,PT,,OPQ,2024,1.725549848
adverse,real_gva,growth,pct,RO,,OPQ,2025,-0.631384411
adverse,real_gva,growth,pct,RO,,OPQ,2026,-0.587948997
adverse,real_gva,growth,pct,RO,,OPQ,2027,3.184649580
baseline,real_gva,growth,pct,RO,,OPQ,2025,2.496175655
baseline,real_gva,growth,pct,RO,,OPQ,2026,3.166887201
baseline,real_gva,growth,pct,RO,,OPQ,2027,3.683559588
historical,real_gva,growth,pct,RO,,OPQ,2024,-0.952025674
adverse,real_gva,growth,pct,SE,,OPQ,2025,-0.005531714
adverse,real_gva,growth,pct,SE,,OPQ,2026,-0.468628608
adverse,real_gva,growth,pct,SE,,OPQ,2027,2.905522979
baseline,real_gva,growth,pct,SE,,OPQ,2025,1.769756363
baseline,real_gva,growth,pct,SE,,OPQ,2026,2.009922047
baseline,real_gva,growth,pct,SE,,OPQ,2027,1.480044923
historical,real_gva,growth,pct,SE,,OPQ,2024,1.545634548
adverse,real_gva,growth,pct,SI,,OPQ,2025,-0.218964279
adverse,real_gva,growth,pct,SI,,OPQ,2026,-1.906083602
adverse,real_gva,growth,pct,SI,,OPQ,2027,2.927906696
baseline,real_gva,growth,pct,SI,,OPQ,2025,2.017053179
baseline,real_gva,growth,pct,SI,,OPQ,2026,2.531275819
baseline,real_gva,growth,pct,SI,,OPQ,2027,2.125445315
historical,real_gva,growth,pct,SI,,OPQ,2024,-0.070784394
adverse,real_gva,growth,pct,SK,,OPQ,2025,-0.089200737
adverse,real_gva,growth,pct,SK,,OPQ,2026,-1.424951245
adverse,real_gva,growth,pct,SK,,OPQ,2027,1.704257279
baseline,real_gva,growth,pct,SK,,OPQ,2025,1.790996828
baseline,real_gva,growth,pct,SK,,OPQ,2026,1.446028742
baseline,real_gva,growth,pct,SK,,OPQ,2027,2.028760717
historical,real_gva,growth,pct,SK,,OPQ,2024,5.128407807
adverse,real_gva,growth,pct,AT,,RSTU,2025,-1.951270021
adverse,real_gva,growth,pct,AT,,RSTU,2026,-2.760195850
adverse,real_gva,growth,pct,AT,,RSTU,2027,2.180474075
baseline,real_gva,growth,pct,AT,,RSTU,2025,1.416084790
baseline,real_gva,growth,pct,AT,,RSTU,2026,1.890574563
baseline,real_gva,growth,pct,AT,,RSTU,2027,1.624442889
historical,real_gva,growth,pct,AT,,RSTU,2024,-1.565303024
adverse,real_gva,growth,pct,BE,,RSTU,2025,0.147413265
adverse,real_gva,growth,pct,BE,,RSTU,2026,-1.570604331
adverse,real_gva,growth,pct,BE,,RSTU,2027,0.439693536
baseline,real_gva,growth,pct,BE,,RSTU,2025,1.636950587
baseline,real_gva,growth,pct,BE,,RSTU,2026,1.825507675
baseline,real_gva,growth,pct,BE,,RSTU,2027,1.684910503
historical,real_gva,growth,pct,BE,,RSTU,2024,6.171400702
adverse,real_gva,growth,pct,BG,,RSTU,2025,-1.255781042
adverse,real_gva,growth,pct,BG,,RSTU,2026,-1.191821779
adverse,real_gva,growth,pct,BG,,RSTU,2027,3.312190220
baseline,real_gva,growth,pct,BG,,RSTU,2025,3.233517103
baseline,real_gva,growth,pct,BG,,RSTU,2026,3.803443741
baseline,real_gva,growth,pct,BG,,RSTU,2027,3.168211649
historical,real_gva,growth,pct,BG,,RSTU,2024,2.477194044
adverse,real_gva,growth,pct,CY,,RSTU,2025,-1.518682340
adverse,real_gva,growth,pct,CY,,RSTU,2026,-3.926999007
adverse,real_gva,growth,pct,CY,,RSTU,2027,1.685228299
baseline,real_gva,growth,pct,CY,,RSTU,2025,3.049539902
baseline,real_gva,growth,pct,CY,,RSTU,2026,3.120163595
baseline,real_gva,growth,pct,CY,,RSTU,2027,3.042450282
historical,real_gva,growth,pct,CY,,RSTU,2024,-0.407147971
adverse,real_gva,growth,pct,CZ,,RSTU,2025,-1.425138149
adverse,real_gva,growth,pct,CZ,,RSTU,2026,-2.506788059
adverse,real_gva,growth,pct,CZ,,RSTU,2027,1.824280230
baseline,real_gva,growth,pct,CZ,,RSTU,2025,2.321250896
baseline,real_gva,growth,pct,CZ,,RSTU,2026,2.303670157
baseline,real_gva,growth,pct,CZ,,RSTU,2027,2.256981365
historical,real_gva,growth,pct,CZ,,RSTU,2024,-1.861357607
adverse,real_gva,growth,pct,DE,,RSTU,2025,-1.820662893
adverse,real_gva,growth,pct,DE,,RSTU,2026,-1.977942335
adverse,real_gva,growth,pct,DE,,RSTU,2027,1.957819049
baseline,real_gva,growth,pct,DE,,RSTU,2025,0.272275658
baseline,real_gva,growth,pct,DE,,RSTU,2026,0.869726252
baseline,real_gva,growth,pct,DE,,RSTU,2027,0.925489829
historical,real_gva,growth,pct,DE,,RSTU,2024,0.132006615
adverse,real_gva,growth,pct,DK,,RSTU,2025,-0.623639012
adverse,real_gva,growth,pct,DK,,RSTU,2026,-0.517441427
adverse,real_gva,growth,pct,DK,,RSTU,2027,3.000952380
baseline,real_gva,growth,pct,DK,,RSTU,2025,2.495283136
baseline,real_gva,growth,pct,DK,,RSTU,2026,1.769247308
baseline,real_gva,growth,pct,DK,,RSTU,2027,1.708720934
historical,real_gva,growth,pct,DK,,RSTU,2024,0.043664321
adverse,real_gva,growth,pct,EA,,RSTU,2025,-0.804105305
adverse,real_gva,growth,pct,EA,,RSTU,2026,-1.906430877
adverse,real_gva,growth,pct,EA,,RSTU,2027,1.380217182
baseline,real_gva,growth,pct,EA,,RSTU,2025,1.339421932
baseline,real_gva,growth,pct,EA,,RSTU,2026,1.621056579
baseline,real_gva,growth,pct,EA,,RSTU,2027,1.510512905
historical,real_gva,growth,pct,EA,,RSTU,2024,0.115508245
adverse,real_gva,growth,pct,EE,,RSTU,2025,-3.043120707
adverse,real_gva,growth,pct,EE,,RSTU,2026,-2.259401959
adverse,real_gva,growth,pct,EE,,RSTU,2027,2.869163894
baseline,real_gva,growth,pct,EE,,RSTU,2025,1.666983128
baseline,real_gva,growth,pct,EE,,RSTU,2026,2.865694785
baseline,real_gva,growth,pct,EE,,RSTU,2027,2.887248311
historical,real_gva,growth,pct,EE,,RSTU,2024,-0.455377758
adverse,real_gva,growth,pct,ES,,RSTU,2025,-0.612988959
adverse,real_gva,growth,pct,ES,,RSTU,2026,-1.250136855
adverse,real_gva,growth,pct,ES,,RSTU,2027,2.544431150
baseline,real_gva,growth,pct,ES,,RSTU,2025,2.811000315
baseline,real_gva,growth,pct,ES,,RSTU,2026,2.308715055
baseline,real_gva,growth,pct,ES,,RSTU,2027,2.153446290
historical,real_gva,growth,pct,ES,,RSTU,2024,-8.684900564
adverse,real_gva,growth,pct,EU,,RSTU,2025,-0.775830381
adverse,real_gva,growth,pct,EU,,RSTU,2026,-1.969568091
adverse,real_gva,growth,pct,EU,,RSTU,2027,1.493918167
baseline,real_gva,growth,pct,EU,,RSTU,2025,1.551146980
baseline,real_gva,growth,pct,EU,,RSTU,2026,1.801902200
baseline,real_gva,growth,pct,EU,,RSTU,2027,1.637413355
historical,real_gva,growth,pct,EU,,RSTU,2024,0.405738681
adverse,real_gva,growth,pct,FI,,RSTU,2025,-1.755909985
adverse,real_gva,growth,pct,FI,,RSTU,2026,-0.221952451
adverse,real_gva,growth,pct,FI,,RSTU,2027,1.052071231
baseline,real_gva,growth,pct,FI,,RSTU,2025,0.990811474
baseline,real_gva,growth,pct,FI,,RSTU,2026,1.955088351
baseline,real_gva,growth,pct,FI,,RSTU,2027,1.479345498
historical,real_gva,growth,pct,FI,,RSTU,2024,-1.689145051
adverse,real_gva,growth,pct,FR,,RSTU,2025,0.100539461
adverse,real_gva,growth,pct,FR,,RSTU,2026,-1.568763450
adverse,real_gva,growth,pct,FR,,RSTU,2027,0.873336725
baseline,real_gva,growth,pct,FR,,RSTU,2025,1.416152043
baseline,real_gva,growth,pct,FR,,RSTU,2026,1.742466451
baseline,real_gva,growth,pct,FR,,RSTU,2027,1.727831264
historical,real_gva,growth,pct,FR,,RSTU,2024,1.950414989
adverse,real_gva,growth,pct,GR,,RSTU,2025,-0.029172727
adverse,real_gva,growth,pct,GR,,RSTU,2026,-1.960060586
adverse,real_gva,growth,pct,GR,,RSTU,2027,1.145517430
baseline,real_gva,growth,pct,GR,,RSTU,2025,2.505541221
baseline,real_gva,growth,pct,GR,,RSTU,2026,2.313020800
baseline,real_gva,growth,pct,GR,,RSTU,2027,2.031783078
historical,real_gva,growth,pct,GR,,RSTU,2024,2.547710923
adverse,real_gva,growth,pct,HR,,RSTU,2025,-0.138048862
adverse,real_gva,growth,pct,HR,,RSTU,2026,-2.818318353
adverse,real_gva,growth,pct,HR,,RSTU,2027,2.695059599
baseline,real_gva,growth,pct,HR,,RSTU,2025,3.366661521
baseline,real_gva,growth,pct,HR,,RSTU,2026,3.081802600
baseline,real_gva,growth,pct,HR,,RSTU,2027,2.375635326
historical,real_gva,growth,pct,HR,,RSTU,2024,1.400558492
adverse,real_gva,growth,pct,HU,,RSTU,2025,-0.624688679
adverse,real_gva,growth,pct,HU,,RSTU,2026,-2.716509985
adverse,real_gva,growth,pct,HU,,RSTU,2027,3.530312021
baseline,real_gva,growth,pct,HU,,RSTU,2025,2.988876669
baseline,real_gva,growth,pct,HU,,RSTU,2026,3.746900633
baseline,real_gva,growth,pct,HU,,RSTU,2027,2.835698934
historical,real_gva,growth,pct,HU,,RSTU,2024,3.098705707
adverse,real_gva,growth,pct,IE,,RSTU,2025,-0.174419426
adverse,real_gva,growth,pct,IE,,RSTU,2026,-2.442315482
adverse,real_gva,growth,pct,IE,,RSTU,2027,2.350577735
baseline,real_gva,growth,pct,IE,,RSTU,2025,3.895250274
baseline,real_gva,growth,pct,IE,,RSTU,2026,4.320790642
baseline,real_gva,growth,pct,IE,,RSTU,2027,3.567174013
historical,real_gva,growth,pct,IE,,RSTU,2024,6.423367493
adverse,real_gva,growth,pct,IT,,RSTU,2025,-0.551360722
adverse,real_gva,growth,pct,IT,,RSTU,2026,-2.470117353
adverse,real_gva,growth,pct,IT,,RSTU,2027,-0.241414485
baseline,real_gva,growth,pct,IT,,RSTU,2025,0.721189340
baseline,real_gva,growth,pct,IT,,RSTU,2026,1.021332587
baseline,real_gva,growth,pct,IT,,RSTU,2027,0.842457376
historical,real_gva,growth,pct,IT,,RSTU,2024,-1.069108609
adverse,real_gva,growth,pct,LT,,RSTU,2025,-0.115994870
adverse,real_gva,growth,pct,LT,,RSTU,2026,-3.132687556
adverse,real_gva,growth,pct,LT,,RSTU,2027,3.111114157
baseline,real_gva,growth,pct,LT,,RSTU,2025,3.025807527
baseline,real_gva,growth,pct,LT,,RSTU,2026,3.057465784
baseline,real_gva,growth,pct,LT,,RSTU,2027,2.944724253
historical,real_gva,growth,pct,LT,,RSTU,2024,1.503906933
adverse,real_gva,growth,pct,LU,,RSTU,2025,-0.587377813
adverse,real_gva,growth,pct,LU,,RSTU,2026,-1.622189608
adverse,real_gva,growth,pct,LU,,RSTU,2027,1.986384265
baseline,real_gva,growth,pct,LU,,RSTU,2025,2.059779492
baseline,real_gva,growth,pct,LU,,RSTU,2026,2.525541120
baseline,real_gva,growth,pct,LU,,RSTU,2027,2.538847839
historical,real_gva,growth,pct,LU,,RSTU,2024,0.213845430
adverse,real_gva,growth,pct,LV,,RSTU,2025,-1.086014061
adverse,real_gva,growth,pct,LV,,RSTU,2026,-1.846241072
adverse,real_gva,growth,pct,LV,,RSTU,2027,2.849805174
baseline,real_gva,growth,pct,LV,,RSTU,2025,2.306685705
baseline,real_gva,growth,pct,LV,,RSTU,2026,3.120623110
baseline,real_gva,growth,pct,LV,,RSTU,2027,3.381349615
historical,real_gva,growth,pct,LV,,RSTU,2024,-12.176820145
adverse,real_gva,growth,pct,MT,,RSTU,2025,-0.189992036
adverse,real_gva,growth,pct,MT,,RSTU,2026,-2.589839088
adverse,real_gva,growth,pct,MT,,RSTU,2027,3.031008198
baseline,real_gva,growth,pct,MT,,RSTU,2025,4.016956716
baseline,real_gva,growth,pct,MT,,RSTU,2026,3.787658897
baseline,real_gva,growth,pct,MT,,RSTU,2027,3.504725731
historical,real_gva,growth,pct,MT,,RSTU,2024,-0.352040031
adverse,real_gva,growth,pct,NL,,RSTU,2025,-0.134331718
adverse,real_gva,growth,pct,NL,,RSTU,2026,-2.055093703
adverse,real_gva,growth,pct,NL,,RSTU,2027,1.959165517
baseline,real_gva,growth,pct,NL,,RSTU,2025,1.977840277
baseline,real_gva,growth,pct,NL,,RSTU,2026,1.925310444
baseline,real_gva,growth,pct,NL,,RSTU,2027,1.684241087
historical,real_gva,growth,pct,NL,,RSTU,2024,4.232364318
adverse,real_gva,growth,pct,PL,,RSTU,2025,0.303055306
adverse,real_gva,growth,pct,PL,,RSTU,2026,-3.027290140
adverse,real_gva,growth,pct,PL,,RSTU,2027,1.290811380
baseline,real_gva,growth,pct,PL,,RSTU,2025,3.478492649
baseline,real_gva,growth,pct,PL,,RSTU,2026,3.423516802
baseline,real_gva,growth,pct,PL,,RSTU,2027,2.303329224
historical,real_gva,growth,pct,PL,,RSTU,2024,4.132909031
adverse,real_gva,growth,pct,PT,,RSTU,2025,-0.614792490
adverse,real_gva,growth,pct,PT,,RSTU,2026,-1.391775046
adverse,real_gva,growth,pct,PT,,RSTU,2027,1.947700265
baseline,real_gva,growth,pct,PT,,RSTU,2025,2.444618686
baseline,real_gva,growth,pct,PT,,RSTU,2026,2.441729587
baseline,real_gva,growth,pct,PT,,RSTU,2027,1.942693862
historical,real_gva,growth,pct,PT,,RSTU,2024,2.562914579
adverse,real_gva,growth,pct,RO,,RSTU,2025,-0.781720169
adverse,real_gva,growth,pct,RO,,RSTU,2026,-2.201940870
adverse,real_gva,growth,pct,RO,,RSTU,2027,1.682561724
baseline,real_gva,growth,pct,RO,,RSTU,2025,2.647390876
baseline,real_gva,growth,pct,RO,,RSTU,2026,3.291665175
baseline,real_gva,growth,pct,RO,,RSTU,2027,3.789111529
historical,real_gva,growth,pct,RO,,RSTU,2024,1.897722044
adverse,real_gva,growth,pct,SE,,RSTU,2025,-0.986423678
adverse,real_gva,growth,pct,SE,,RSTU,2026,-1.893281294
adverse,real_gva,growth,pct,SE,,RSTU,2027,2.503215264
baseline,real_gva,growth,pct,SE,,RSTU,2025,2.006157160
baseline,real_gva,growth,pct,SE,,RSTU,2026,2.209387327
baseline,real_gva,growth,pct,SE,,RSTU,2027,1.728984961
historical,real_gva,growth,pct,SE,,RSTU,2024,2.414506622
adverse,real_gva,growth,pct,SI,,RSTU,2025,-0.524815181
adverse,real_gva,growth,pct,SI,,RSTU,2026,-3.048800489
adverse,real_gva,growth,pct,SI,,RSTU,2027,2.043783239
baseline,real_gva,growth,pct,SI,,RSTU,2025,2.265358144
baseline,real_gva,growth,pct,SI,,RSTU,2026,2.709947000
baseline,real_gva,growth,pct,SI,,RSTU,2027,2.343612102
historical,real_gva,growth,pct,SI,,RSTU,2024,-0.607828606
adverse,real_gva,growth,pct,SK,,RSTU,2025,-0.256019581
adverse,real_gva,growth,pct,SK,,RSTU,2026,-2.205755820
adverse,real_gva,growth,pct,SK,,RSTU,2027,2.061463787
baseline,real_gva,growth,pct,SK,,RSTU,2025,2.610025564
baseline,real_gva,growth,pct,SK,,RSTU,2026,2.284725914
baseline,real_gva,growth,pct,SK,,RSTU,2027,2.831264797
historical,real_gva,growth,pct,SK,,RSTU,2024,-1.761350507
adverse,residential_property_prices,growth,pct,AS,,,2025,-7.528109715
adverse,residential_property_prices,growth,pct,AS,,,2026,-5.851671791
adverse,residential_property_prices,growth,pct,AS,,,2027,-4.141621184
baseline,residential_property_prices,growth,pct,AS,,,2025,1.569885514
baseline,residential_property_prices,growth,pct,AS,,,2026,1.409431189
baseline,residential_property_prices,growth,pct,AS,,,2027,1.418774844
historical,residential_property_prices,growth,pct,AS,,,2024,1.051257642
adverse,residential_property_prices,growth,pct,AT,,,2025,-6.692733673
adverse,residential_property_prices,growth,pct,AT,,,2026,-10.320728999
adverse,residential_property_prices,growth,pct,AT,,,2027,-5.652815758
baseline,residential_property_prices,growth,pct,AT,,,2025,0.701323688
baseline,residential_property_prices,growth,pct,AT,,,2026,3.327812433
baseline,residential_property_prices,growth,pct,AT,,,2027,3.707738876
historical,residential_property_prices,growth,pct,AT,,,2024,-2.828660250
adverse,residential_property_prices,growth,pct,AU,,,2025,-1.796230081
adverse,residential_property_prices,growth,pct,AU,,,2026,-3.407672883
adverse,residential_property_prices,growth,pct,AU,,,2027,0.626512594
baseline,residential_property_prices,growth,pct,AU,,,2025,7.075342516
baseline,residential_property_prices,growth,pct,AU,,,2026,6.104594114
baseline,residential_property_prices,growth,pct,AU,,,2027,5.992477682
historical,residential_property_prices,growth,pct,AU,,,2024,6.482254570
adverse,residential_property_prices,growth,pct,BE,,,2025,-5.093099922
adverse,residential_property_prices,growth,pct,BE,,,2026,-10.704558097
adverse,residential_property_prices,growth,pct,BE,,,2027,-6.096032108
baseline,residential_property_prices,growth,pct,BE,,,2025,2.356883287
baseline,residential_property_prices,growth,pct,BE,,,2026,2.053677082
baseline,residential_property_prices,growth,pct,BE,,,2027,2.066107988
historical,residential_property_prices,growth,pct,BE,,,2024,0.555392265
adverse,residential_property_prices,growth,pct,BG,,,2025,-2.246859400
adverse,residential_property_prices,growth,pct,BG,,,2026,-11.697406980
adverse,residential_property_prices,growth,pct,BG,,,2027,-6.607076214
baseline,residential_property_prices,growth,pct,BG,,,2025,8.803145940
baseline,residential_property_prices,growth,pct,BG,,,2026,6.771078999
baseline,residential_property_prices,growth,pct,BG,,,2027,5.692088127
historical,residential_property_prices,growth,pct,BG,,,2024,14.065234569
adverse,residential_property_prices,growth,pct,BR,,,2025,-9.430073904
adverse,residential_property_prices,growth,pct,BR,,,2026,-6.707470861
adverse,residential_property_prices,growth,pct,BR,,,2027,-4.579377509
baseline,residential_property_prices,growth,pct,BR,,,2025,2.921042370
baseline,residential_property_prices,growth,pct,BR,,,2026,2.610657037
baseline,residential_property_prices,growth,pct,BR,,,2027,2.568010427
historical,residential_property_prices,growth,pct,BR,,,2024,3.904354324
adverse,residential_property_prices,growth,pct,CA,,,2025,-7.374919497
adverse,residential_property_prices,growth,pct,CA,,,2026,-8.967448780
adverse,residential_property_prices,growth,pct,CA,,,2027,-0.234044729
baseline,residential_property_prices,growth,pct,CA,,,2025,5.726406536
baseline,residential_property_prices,growth,pct,CA,,,2026,5.797924208
baseline,residential_property_prices,growth,pct,CA,,,2027,5.674154888
historical,residential_property_prices,growth,pct,CA,,,2024,5.803086962
adverse,residential_property_prices,growth,pct,CH,,,2025,-3.995302136
adverse,residential_property_prices,growth,pct,CH,,,2026,-5.461143008
adverse,residential_property_prices,growth,pct,CH,,,2027,-2.118980525
baseline,residential_property_prices,growth,pct,CH,,,2025,4.698257373
baseline,residential_property_prices,growth,pct,CH,,,2026,4.698059353
baseline,residential_property_prices,growth,pct,CH,,,2027,4.681587956
historical,residential_property_prices,growth,pct,CH,,,2024,4.913978236
adverse,residential_property_prices,growth,pct,CL,,,2025,-1.095943625
adverse,residential_property_prices,growth,pct,CL,,,2026,-4.219057099
adverse,residential_property_prices,growth,pct,CL,,,2027,-5.145323303
baseline,residential_property_prices,growth,pct,CL,,,2025,5.213625868
baseline,residential_property_prices,growth,pct,CL,,,2026,4.713625868
baseline,residential_property_prices,growth,pct,CL,,,2027,4.713625868
historical,residential_property_prices,growth,pct,CL,,,2024,6.213625868
adverse,residential_property_prices,growth,pct,CN,,,2025,-6.329028600
adverse,residential_property_prices,growth,pct,CN,,,2026,-5.021645637
adverse,residential_property_prices,growth,pct,CN,,,2027,-2.899374872
baseline,residential_property_prices,growth,pct,CN,,,2025,2.576037694
baseline,residential_property_prices,growth,pct,CN,,,2026,2.535139604
baseline,residential_property_prices,growth,pct,CN,,,2027,2.549054497
historical,residential_property_prices,growth,pct,CN,,,2024,1.518283442
adverse,residential_property_prices,growth,pct,CO,,,2025,-3.932191110
adverse,residential_property_prices,growth,pct,CO,,,2026,-7.032729745
adverse,residential_property_prices,growth,pct,CO,,,2027,-7.880210746
baseline,residential_property_prices,growth,pct,CO,,,2025,2.196440400
baseline,residential_property_prices,growth,pct,CO,,,2026,1.637545640
baseline,residential_property_prices,growth,pct,CO,,,2027,1.694481315
historical,residential_property_prices,growth,pct,CO,,,2024,4.313937956
adverse,residential_property_prices,growth,pct,CY,,,2025,-3.354183729
adverse,residential_property_prices,growth,pct,CY,,,2026,-9.537874923
adverse,residential_property_prices,growth,pct,CY,,,2027,-6.061374587
baseline,residential_property_prices,growth,pct,CY,,,2025,4.664608479
baseline,residential_property_prices,growth,pct,CY,,,2026,2.998032808
baseline,residential_property_prices,growth,pct,CY,,,2027,2.473772049
historical,residential_property_prices,growth,pct,CY,,,2024,7.060636044
adverse,residential_property_prices,growth,pct,CZ,,,2025,-2.607366270
adverse,residential_property_prices,growth,pct,CZ,,,2026,-10.665621955
adverse,residential_property_prices,growth,pct,CZ,,,2027,-5.204555184
baseline,residential_property_prices,growth,pct,CZ,,,2025,6.100318385
baseline,residential_property_prices,growth,pct,CZ,,,2026,4.247245333
baseline,residential_property_prices,growth,pct,CZ,,,2027,4.119636054
historical,residential_property_prices,growth,pct,CZ,,,2024,4.841825793
adverse,residential_property_prices,growth,pct,DE,,,2025,-3.153867055
adverse,residential_property_prices,growth,pct,DE,,,2026,-6.624161044
adverse,residential_property_prices,growth,pct,DE,,,2027,-3.552887520
baseline,residential_property_prices,growth,pct,DE,,,2025,2.041880846
baseline,residential_property_prices,growth,pct,DE,,,2026,2.200176954
baseline,residential_property_prices,growth,pct,DE,,,2027,2.177558422
historical,residential_property_prices,growth,pct,DE,,,2024,-1.908002973
adverse,residential_property_prices,growth,pct,DK,,,2025,-5.832418075
adverse,residential_property_prices,growth,pct,DK,,,2026,-12.673109163
adverse,residential_property_prices,growth,pct,DK,,,2027,-7.311493853
baseline,residential_property_prices,growth,pct,DK,,,2025,3.238605210
baseline,residential_property_prices,growth,pct,DK,,,2026,3.238605210
baseline,residential_property_prices,growth,pct,DK,,,2027,2.730100807
historical,residential_property_prices,growth,pct,DK,,,2024,3.333044553
adverse,residential_property_prices,growth,pct,EA,,,2025,-3.109289989
adverse,residential_property_prices,growth,pct,EA,,,2026,-7.943871492
adverse,residential_property_prices,growth,pct,EA,,,2027,-4.484287734
baseline,residential_property_prices,growth,pct,EA,,,2025,3.264952388
baseline,residential_property_prices,growth,pct,EA,,,2026,2.734140907
baseline,residential_property_prices,growth,pct,EA,,,2027,2.372796161
historical,residential_property_prices,growth,pct,EA,,,2024,1.580335465
adverse,residential_property_prices,growth,pct,EE,,,2025,-6.359918441
adverse,residential_property_prices,growth,pct,EE,,,2026,-12.770607951
adverse,residential_property_prices,growth,pct,EE,,,2027,-6.658599836
baseline,residential_property_prices,growth,pct,EE,,,2025,3.797398567
baseline,residential_property_prices,growth,pct,EE,,,2026,5.547731876
baseline,residential_property_prices,growth,pct,EE,,,2027,5.192050457
historical,residential_property_prices,growth,pct,EE,,,2024,-1.144656897
adverse,residential_property_prices,growth,pct,ES,,,2025,-2.276204035
adverse,residential_property_prices,growth,pct,ES,,,2026,-9.753932935
adverse,residential_property_prices,growth,pct,ES,,,2027,-6.150119471
baseline,residential_property_prices,growth,pct,ES,,,2025,6.969004631
baseline,residential_property_prices,growth,pct,ES,,,2026,6.142796040
baseline,residential_property_prices,growth,pct,ES,,,2027,4.335978508
historical,residential_property_prices,growth,pct,ES,,,2024,7.918277264
adverse,residential_property_prices,growth,pct,EU,,,2025,-3.460199775
adverse,residential_property_prices,growth,pct,EU,,,2026,-8.379338387
adverse,residential_property_prices,growth,pct,EU,,,2027,-4.737873188
baseline,residential_property_prices,growth,pct,EU,,,2025,3.029017512
baseline,residential_property_prices,growth,pct,EU,,,2026,2.665233294
baseline,residential_property_prices,growth,pct,EU,,,2027,2.327310003
historical,residential_property_prices,growth,pct,EU,,,2024,1.795851006
adverse,residential_property_prices,growth,pct,FI,,,2025,-2.029512489
adverse,residential_property_prices,growth,pct,FI,,,2026,-3.605963315
adverse,residential_property_prices,growth,pct,FI,,,2027,-2.638959405
baseline,residential_property_prices,growth,pct,FI,,,2025,1.090752482
baseline,residential_property_prices,growth,pct,FI,,,2026,2.677236557
baseline,residential_property_prices,growth,pct,FI,,,2027,2.829535723
historical,residential_property_prices,growth,pct,FI,,,2024,-3.130447388
adverse,residential_property_prices,growth,pct,FR,,,2025,-3.448676580
adverse,residential_property_prices,growth,pct,FR,,,2026,-6.421968710
adverse,residential_property_prices,growth,pct,FR,,,2027,-3.668233601
baseline,residential_property_prices,growth,pct,FR,,,2025,0.860320985
baseline,residential_property_prices,growth,pct,FR,,,2026,0.580699742
baseline,residential_property_prices,growth,pct,FR,,,2027,0.694605649
historical,residential_property_prices,growth,pct,FR,,,2024,-3.922335863
adverse,residential_property_prices,growth,pct,GB,,,2025,-4.012212104
adverse,residential_property_prices,growth,pct,GB,,,2026,-12.960660125
adverse,residential_property_prices,growth,pct,GB,,,2027,-12.240850398
baseline,residential_property_prices,growth,pct,GB,,,2025,1.944506677
baseline,residential_property_prices,growth,pct,GB,,,2026,1.944506677
baseline,residential_property_prices,growth,pct,GB,,,2027,1.944506677
historical,residential_property_prices,growth,pct,GB,,,2024,2.414506677
adverse,residential_property_prices,growth,pct,GR,,,2025,-4.557489886
adverse,residential_property_prices,growth,pct,GR,,,2026,-12.318924463
adverse,residential_property_prices,growth,pct,GR,,,2027,-7.160005124
baseline,residential_property_prices,growth,pct,GR,,,2025,4.390245438
baseline,residential_property_prices,growth,pct,GR,,,2026,3.154206514
baseline,residential_property_prices,growth,pct,GR,,,2027,2.548136473
historical,residential_property_prices,growth,pct,GR,,,2024,9.154453278
adverse,residential_property_prices,growth,pct,HK,,,2025,-15.843044196
adverse,residential_property_prices,growth,pct,HK,,,2026,-2.495126539
adverse,residential_property_prices,growth,pct,HK,,,2027,3.228653016
baseline,residential_property_prices,growth,pct,HK,,,2025,2.957757947
baseline,residential_property_prices,growth,pct,HK,,,2026,2.957757947
baseline,residential_property_prices,growth,pct,HK,,,2027,3.036071417
historical,residential_property_prices,growth,pct,HK,,,2024,2.792291998
adverse,residential_property_prices,growth,pct,HR,,,2025,-0.734539439
adverse,residential_property_prices,growth,pct,HR,,,2026,-9.919190508
adverse,residential_property_prices,growth,pct,HR,,,2027,-6.618839019
baseline,residential_property_prices,growth,pct,HR,,,2025,9.691288948
baseline,residential_property_prices,growth,pct,HR,,,2026,7.374538898
baseline,residential_property_prices,growth,pct,HR,,,2027,5.221048355
historical,residential_property_prices,growth,pct,HR,,,2024,10.556447029
adverse,residential_property_prices,growth,pct,HU,,,2025,-6.072537815
adverse,residential_property_prices,growth,pct,HU,,,2026,-13.027381021
adverse,residential_property_prices,growth,pct,HU,,,2027,-8.577201929
baseline,residential_property_prices,growth,pct,HU,,,2025,3.400000051
baseline,residential_property_prices,growth,pct,HU,,,2026,3.900000108
baseline,residential_property_prices,growth,pct,HU,,,2027,3.000000398
historical,residential_property_prices,growth,pct,HU,,,2024,7.999999998
adverse,residential_property_prices,growth,pct,IE,,,2025,-0.685164804
adverse,residential_property_prices,growth,pct,IE,,,2026,-10.403558473
adverse,residential_property_prices,growth,pct,IE,,,2027,-7.118771939
baseline,residential_property_prices,growth,pct,IE,,,2025,9.700700760
baseline,residential_property_prices,growth,pct,IE,,,2026,6.267962933
baseline,residential_property_prices,growth,pct,IE,,,2027,3.519153595
historical,residential_property_prices,growth,pct,IE,,,2024,8.944877625
adverse,residential_property_prices,growth,pct,IN,,,2025,-9.114931980
adverse,residential_property_prices,growth,pct,IN,,,2026,-7.674736826
adverse,residential_property_prices,growth,pct,IN,,,2027,-9.108451121
baseline,residential_property_prices,growth,pct,IN,,,2025,1.662943476
baseline,residential_property_prices,growth,pct,IN,,,2026,1.591327898
baseline,residential_property_prices,growth,pct,IN,,,2027,1.499607898
historical,residential_property_prices,growth,pct,IN,,,2024,1.703915535
adverse,residential_property_prices,growth,pct,IT,,,2025,-2.554365886
adverse,residential_property_prices,growth,pct,IT,,,2026,-6.258639255
adverse,residential_property_prices,growth,pct,IT,,,2027,-3.658287232
baseline,residential_property_prices,growth,pct,IT,,,2025,2.412789583
baseline,residential_property_prices,growth,pct,IT,,,2026,1.972988963
baseline,residential_property_prices,growth,pct,IT,,,2027,1.238728642
historical,residential_property_prices,growth,pct,IT,,,2024,2.639855146
adverse,residential_property_prices,growth,pct,JP,,,2025,-7.414799654
adverse,residential_property_prices,growth,pct,JP,,,2026,-5.730042901
adverse,residential_property_prices,growth,pct,JP,,,2027,-0.539228686
baseline,residential_property_prices,growth,pct,JP,,,2025,4.540819528
baseline,residential_property_prices,growth,pct,JP,,,2026,4.747997150
baseline,residential_property_prices,growth,pct,JP,,,2027,4.784917286
historical,residential_property_prices,growth,pct,JP,,,2024,4.526464613
adverse,residential_property_prices,growth,pct,LA,,,2025,-4.386512970
adverse,residential_property_prices,growth,pct,LA,,,2026,-3.468265210
adverse,residential_property_prices,growth,pct,LA,,,2027,-2.583140840
baseline,residential_property_prices,growth,pct,LA,,,2025,8.652399024
baseline,residential_property_prices,growth,pct,LA,,,2026,6.173396983
baseline,residential_property_prices,growth,pct,LA,,,2027,4.713773240
historical,residential_property_prices,growth,pct,LA,,,2024,20.218415920
adverse,residential_property_prices,growth,pct,LT,,,2025,-2.404534134
adverse,residential_property_prices,growth,pct,LT,,,2026,-9.958930485
adverse,residential_property_prices,growth,pct,LT,,,2027,-8.578850807
baseline,residential_property_prices,growth,pct,LT,,,2025,7.467925072
baseline,residential_property_prices,growth,pct,LT,,,2026,7.476289272
baseline,residential_property_prices,growth,pct,LT,,,2027,7.203821659
historical,residential_property_prices,growth,pct,LT,,,2024,9.705080032
adverse,residential_property_prices,growth,pct,LU,,,2025,-7.451432134
adverse,residential_property_prices,growth,pct,LU,,,2026,-12.007206383
adverse,residential_property_prices,growth,pct,LU,,,2027,-6.052963623
baseline,residential_property_prices,growth,pct,LU,,,2025,1.542315841
baseline,residential_property_prices,growth,pct,LU,,,2026,4.193397045
baseline,residential_property_prices,growth,pct,LU,,,2027,4.242999554
historical,residential_property_prices,growth,pct,LU,,,2024,-6.072095871
adverse,residential_property_prices,growth,pct,LV,,,2025,-2.708393038
adverse,residential_property_prices,growth,pct,LV,,,2026,-11.167726440
adverse,residential_property_prices,growth,pct,LV,,,2027,-5.310930431
baseline,residential_property_prices,growth,pct,LV,,,2025,8.076506615
baseline,residential_property_prices,growth,pct,LV,,,2026,7.978017807
baseline,residential_property_prices,growth,pct,LV,,,2027,7.978044510
historical,residential_property_prices,growth,pct,LV,,,2024,4.460732460
adverse,residential_property_prices,growth,pct,MT,,,2025,-1.913741864
adverse,residential_property_prices,growth,pct,MT,,,2026,-6.484829815
adverse,residential_property_prices,growth,pct,MT,,,2027,-4.478678439
baseline,residential_property_prices,growth,pct,MT,,,2025,4.439881325
baseline,residential_property_prices,growth,pct,MT,,,2026,4.045177937
baseline,residential_property_prices,growth,pct,MT,,,2027,3.873555899
historical,residential_property_prices,growth,pct,MT,,,2024,6.200793743
adverse,residential_property_prices,growth,pct,MX,,,2025,-0.533508741
adverse,residential_property_prices,growth,pct,MX,,,2026,-3.385314065
adverse,residential_property_prices,growth,pct,MX,,,2027,-4.327594281
baseline,residential_property_prices,growth,pct,MX,,,2025,5.811941201
baseline,residential_property_prices,growth,pct,MX,,,2026,5.625125103
baseline,residential_property_prices,growth,pct,MX,,,2027,5.616347525
historical,residential_property_prices,growth,pct,MX,,,2024,7.111498412
adverse,residential_property_prices,growth,pct,NL,,,2025,-3.424726876
adverse,residential_property_prices,growth,pct,NL,,,2026,-13.708921974
adverse,residential_property_prices,growth,pct,NL,,,2027,-8.174762845
baseline,residential_property_prices,growth,pct,NL,,,2025,7.526756763
baseline,residential_property_prices,growth,pct,NL,,,2026,4.062396049
baseline,residential_property_prices,growth,pct,NL,,,2027,4.068106174
historical,residential_property_prices,growth,pct,NL,,,2024,8.917166710
adverse,residential_property_prices,growth,pct,NO,,,2025,-6.984499881
adverse,residential_property_prices,growth,pct,NO,,,2026,-2.562962167
adverse,residential_property_prices,growth,pct,NO,,,2027,0.629203879
baseline,residential_property_prices,growth,pct,NO,,,2025,5.400000000
baseline,residential_property_prices,growth,pct,NO,,,2026,8.100000000
baseline,residential_property_prices,growth,pct,NO,,,2027,6.400000000
historical,residential_property_prices,growth,pct,NO,,,2024,0.200000000
adverse,residential_property_prices,growth,pct,PE,,,2025,-3.374662184
adverse,residential_property_prices,growth,pct,PE,,,2026,-5.979010150
adverse,residential_property_prices,growth,pct,PE,,,2027,-6.888256423
baseline,residential_property_prices,growth,pct,PE,,,2025,2.789536799
baseline,residential_property_prices,growth,pct,PE,,,2026,2.789536799
baseline,residential_property_prices,growth,pct,PE,,,2027,2.789536799
historical,residential_property_prices,growth,pct,PE,,,2024,3.209487459
adverse,residential_property_prices,growth,pct,PL,,,2025,-5.666868785
adverse,residential_property_prices,growth,pct,PL,,,2026,-9.808331306
adverse,residential_property_prices,growth,pct,PL,,,2027,-5.746714979
baseline,residential_property_prices,growth,pct,PL,,,2025,-1.509504448
baseline,residential_property_prices,growth,pct,PL,,,2026,-0.031663920
baseline,residential_property_prices,growth,pct,PL,,,2027,-0.408793341
historical,residential_property_prices,growth,pct,PL,,,2024,10.275107781
adverse,residential_property_prices,growth,pct,PT,,,2025,-5.397369874
adverse,residential_property_prices,growth,pct,PT,,,2026,-13.752771697
adverse,residential_property_prices,growth,pct,PT,,,2027,-7.718544545
baseline,residential_property_prices,growth,pct,PT,,,2025,4.204313278
baseline,residential_property_prices,growth,pct,PT,,,2026,2.968464375
baseline,residential_property_prices,growth,pct,PT,,,2027,2.993408442
historical,residential_property_prices,growth,pct,PT,,,2024,6.822167397
adverse,residential_property_prices,growth,pct,RO,,,2025,-3.235891143
adverse,residential_property_prices,growth,pct,RO,,,2026,-4.905901975
adverse,residential_property_prices,growth,pct,RO,,,2027,-2.017346540
baseline,residential_property_prices,growth,pct,RO,,,2025,0.539507374
baseline,residential_property_prices,growth,pct,RO,,,2026,1.392065662
baseline,residential_property_prices,growth,pct,RO,,,2027,2.527035495
historical,residential_property_prices,growth,pct,RO,,,2024,-0.105525869
adverse,residential_property_prices,growth,pct,RU,,,2025,6.843894163
adverse,residential_property_prices,growth,pct,RU,,,2026,7.818414459
adverse,residential_property_prices,growth,pct,RU,,,2027,9.466672120
baseline,residential_property_prices,growth,pct,RU,,,2025,16.620751139
baseline,residential_property_prices,growth,pct,RU,,,2026,15.837301213
baseline,residential_property_prices,growth,pct,RU,,,2027,15.837301213
historical,residential_property_prices,growth,pct,RU,,,2024,19.263504950
adverse,residential_property_prices,growth,pct,SE,,,2025,-6.358075710
adverse,residential_property_prices,growth,pct,SE,,,2026,-13.312990076
adverse,residential_property_prices,growth,pct,SE,,,2027,-7.914436590
baseline,residential_property_prices,growth,pct,SE,,,2025,3.000186861
baseline,residential_property_prices,growth,pct,SE,,,2026,3.399999866
baseline,residential_property_prices,growth,pct,SE,,,2027,3.483295126
historical,residential_property_prices,growth,pct,SE,,,2024,1.806527342
adverse,residential_property_prices,growth,pct,SI,,,2025,-1.979835711
adverse,residential_property_prices,growth,pct,SI,,,2026,-7.149192649
adverse,residential_property_prices,growth,pct,SI,,,2027,-5.250311590
baseline,residential_property_prices,growth,pct,SI,,,2025,5.141436100
baseline,residential_property_prices,growth,pct,SI,,,2026,4.887091160
baseline,residential_property_prices,growth,pct,SI,,,2027,4.626700878
historical,residential_property_prices,growth,pct,SI,,,2024,6.468430519
adverse,residential_property_prices,growth,pct,SK,,,2025,-3.140029586
adverse,residential_property_prices,growth,pct,SK,,,2026,-11.430715292
adverse,residential_property_prices,growth,pct,SK,,,2027,-5.112080808
baseline,residential_property_prices,growth,pct,SK,,,2025,5.021653175
baseline,residential_property_prices,growth,pct,SK,,,2026,2.370972157
baseline,residential_property_prices,growth,pct,SK,,,2027,3.543753862
historical,residential_property_prices,growth,pct,SK,,,2024,0.502095163
adverse,residential_property_prices,growth,pct,TR,,,2025,37.345819589
adverse,residential_property_prices,growth,pct,TR,,,2026,30.314539381
adverse,residential_property_prices,growth,pct,TR,,,2027,27.758944359
baseline,residential_property_prices,growth,pct,TR,,,2025,46.749330443
baseline,residential_property_prices,growth,pct,TR,,,2026,39.951995696
baseline,residential_property_prices,growth,pct,TR,,,2027,38.020145394
historical,residential_property_prices,growth,pct,TR,,,2024,65.749330443
adverse,residential_property_prices,growth,pct,US,,,2025,-6.535663429
adverse,residential_property_prices,growth,pct,US,,,2026,-3.492575410
adverse,residential_property_prices,growth,pct,US,,,2027,6.592782932
baseline,residential_property_prices,growth,pct,US,,,2025,7.434830758
baseline,residential_property_prices,growth,pct,US,,,2026,7.584627584
baseline,residential_property_prices,growth,pct,US,,,2027,7.870891001
historical,residential_property_prices,growth,pct,US,,,2024,7.788715088
adverse,residential_property_prices,growth,pct,WR,,,2025,-3.876800366
adverse,residential_property_prices,growth,pct,WR,,,2026,-2.202646481
adverse,residential_property_prices,growth,pct,WR,,,2027,-0.866521773
baseline,residential_property_prices,growth,pct,WR,,,2025,9.231621673
baseline,residential_property_prices,growth,pct,WR,,,2026,7.565426661
baseline,residential_property_prices,growth,pct,WR,,,2027,6.558973971
historical,residential_property_prices,growth,pct,WR,,,2024,12.971556314
adverse,stock_prices,deviation_from_start,pct,Australia & New Zealand,,,2025,-39.516513159
adverse,stock_prices,deviation_from_start,pct,Australia & New Zealand,,,2026,-36.660775168
adverse,stock_prices,deviation_from_start,pct,Australia & New Zealand,,,2027,-34.011412658
adverse,stock_prices,deviation_from_start,pct,Canada,,,2025,-35.152022944
adverse,stock_prices,deviation_from_start,pct,Canada,,,2026,-32.611693361
adverse,stock_prices,deviation_from_start,pct,Canada,,,2027,-30.254945655
adverse,stock_prices,deviation_from_start,pct,European Union,,,2025,-50.447633396
adverse,stock_prices,deviation_from_start,pct,European Union,,,2026,-45.928029920
adverse,stock_prices,deviation_from_start,pct,European Union,,,2027,-41.813337720
adverse,stock_prices,deviation_from_start,pct,Japan,,,2025,-34.729073444
adverse,stock_prices,deviation_from_start,pct,Japan,,,2026,-32.219309132
adverse,stock_prices,deviation_from_start,pct,Japan,,,2027,-29.890917839
adverse,stock_prices,deviation_from_start,pct,Norway,,,2025,-41.647115487
adverse,stock_prices,deviation_from_start,pct,Norway,,,2026,-38.637405358
adverse,stock_prices,deviation_from_start,pct,Norway,,,2027,-35.845197808
adverse,stock_prices,deviation_from_start,pct,Rest of the world,,,2025,-65.762564430
adverse,stock_prices,deviation_from_start,pct,Rest of the world,,,2026,-61.010104289
adverse,stock_prices,deviation_from_start,pct,Rest of the world,,,2027,-56.601089961
adverse,stock_prices,deviation_from_start,pct,Switzerland,,,2025,-42.941924984
adverse,stock_prices,deviation_from_start,pct,Switzerland,,,2026,-39.838642917
adverse,stock_prices,deviation_from_start,pct,Switzerland,,,2027,-36.959625590
adverse,stock_prices,deviation_from_start,pct,United Kingdom,,,2025,-51.716523411
adverse,stock_prices,deviation_from_start,pct,United Kingdom,,,2026,-47.979127854
adverse,stock_prices,deviation_from_start,pct,United Kingdom,,,2027,-44.511822485
adverse,stock_prices,deviation_from_start,pct,United States,,,2025,-60.735084340
adverse,stock_prices,deviation_from_start,pct,United States,,,2026,-56.345944866
adverse,stock_prices,deviation_from_start,pct,United States,,,2027,-52.273995127
adverse,swap_rate,level,pct,AUD,10Y,,2025,4.648546822
adverse,swap_rate,level,pct,AUD,10Y,,2026,4.492885015
adverse,swap_rate,level,pct,AUD,10Y,,2027,4.441245716
baseline,swap_rate,level,pct,AUD,10Y,,2025,3.878321908
baseline,swap_rate,level,pct,AUD,10Y,,2026,3.778321908
baseline,swap_rate,level,pct,AUD,10Y,,2027,3.778321908
starting_point,swap_rate,level,pct,AUD,10Y,,2024,4.347498182
starting_point_average,swap_rate,level,pct,AUD,10Y,,2024,4.363587557
adverse,swap_rate,level,pct,AUD,1M,,2025,5.234118703
adverse,swap_rate,level,pct,AUD,1M,,2026,5.033911002
adverse,swap_rate,level,pct,AUD,1M,,2027,4.940945006
baseline,swap_rate,level,pct,AUD,1M,,2025,3.847486260
baseline,swap_rate,level,pct,AUD,1M,,2026,3.747486260
baseline,swap_rate,level,pct,AUD,1M,,2027,3.747486260
starting_point,swap_rate,level,pct,AUD,1M,,2024,4.339468182
starting_point_average,swap_rate,level,pct,AUD,1M,,2024,4.332751908
adverse,swap_rate,level,pct,AUD,1Y,,2025,5.191395088
adverse,swap_rate,level,pct,AUD,1Y,,2026,4.994613994
adverse,swap_rate,level,pct,AUD,1Y,,2027,4.904826975
baseline,swap_rate,level,pct,AUD,1Y,,2025,3.952700475
baseline,swap_rate,level,pct,AUD,1Y,,2026,3.852700475
baseline,swap_rate,level,pct,AUD,1Y,,2027,3.852700475
starting_point,swap_rate,level,pct,AUD,1Y,,2024,4.343410476
starting_point_average,swap_rate,level,pct,AUD,1Y,,2024,4.437966124
adverse,swap_rate,level,pct,AUD,20Y,,2025,4.803739150
adverse,swap_rate,level,pct,AUD,20Y,,2026,4.648077343
adverse,swap_rate,level,pct,AUD,20Y,,2027,4.596438045
baseline,swap_rate,level,pct,AUD,20Y,,2025,4.033514237
baseline,swap_rate,level,pct,AUD,20Y,,2026,3.933514237
baseline,swap_rate,level,pct,AUD,20Y,,2027,3.933514237
starting_point,swap_rate,level,pct,AUD,20Y,,2024,4.521676818
starting_point_average,swap_rate,level,pct,AUD,20Y,,2024,4.518779885
adverse,swap_rate,level,pct,AUD,2Y,,2025,5.131078614
adverse,swap_rate,level,pct,AUD,2Y,,2026,4.938866330
adverse,swap_rate,level,pct,AUD,2Y,,2027,4.853317946
baseline,swap_rate,level,pct,AUD,2Y,,2025,3.731522103
baseline,swap_rate,level,pct,AUD,2Y,,2026,3.631522103
baseline,swap_rate,level,pct,AUD,2Y,,2027,3.631522103
starting_point,swap_rate,level,pct,AUD,2Y,,2024,4.118873333
starting_point_average,swap_rate,level,pct,AUD,2Y,,2024,4.216787752
adverse,swap_rate,level,pct,AUD,30Y,,2025,4.648779532
adverse,swap_rate,level,pct,AUD,30Y,,2026,4.493117725
adverse,swap_rate,level,pct,AUD,30Y,,2027,4.441478426
baseline,swap_rate,level,pct,AUD,30Y,,2025,3.878554618
baseline,swap_rate,level,pct,AUD,30Y,,2026,3.778554618
baseline,swap_rate,level,pct,AUD,30Y,,2027,3.778554618
starting_point,swap_rate,level,pct,AUD,30Y,,2024,4.389235000
starting_point_average,swap_rate,level,pct,AUD,30Y,,2024,4.363820267
adverse,swap_rate,level,pct,AUD,3M,,2025,5.236632444
adverse,swap_rate,level,pct,AUD,3M,,2026,5.036424742
adverse,swap_rate,level,pct,AUD,3M,,2027,4.943458746
baseline,swap_rate,level,pct,AUD,3M,,2025,3.850000000
baseline,swap_rate,level,pct,AUD,3M,,2026,3.750000000
baseline,swap_rate,level,pct,AUD,3M,,2027,3.750000000
starting_point,swap_rate,level,pct,AUD,3M,,2024,4.306413636
starting_point_average,swap_rate,level,pct,AUD,3M,,2024,4.335265649
adverse,swap_rate,level,pct,AUD,3Y,,2025,5.070762140
adverse,swap_rate,level,pct,AUD,3Y,,2026,4.883118665
adverse,swap_rate,level,pct,AUD,3Y,,2027,4.801808917
baseline,swap_rate,level,pct,AUD,3Y,,2025,3.630629216
baseline,swap_rate,level,pct,AUD,3Y,,2026,3.530629216
baseline,swap_rate,level,pct,AUD,3Y,,2027,3.530629216
starting_point,swap_rate,level,pct,AUD,3Y,,2024,4.051256190
starting_point_average,swap_rate,level,pct,AUD,3Y,,2024,4.115894865
adverse,swap_rate,level,pct,AUD,5Y,,2025,4.950129192
adverse,swap_rate,level,pct,AUD,5Y,,2026,4.771623337
adverse,swap_rate,level,pct,AUD,5Y,,2027,4.698790860
baseline,swap_rate,level,pct,AUD,5Y,,2025,3.628255725
baseline,swap_rate,level,pct,AUD,5Y,,2026,3.528255725
baseline,swap_rate,level,pct,AUD,5Y,,2027,3.528255725
starting_point,swap_rate,level,pct,AUD,5Y,,2024,4.081891818
starting_point_average,swap_rate,level,pct,AUD,5Y,,2024,4.113521374
adverse,swap_rate,level,pct,AUD,7Y,,2025,4.829496244
adverse,swap_rate,level,pct,AUD,7Y,,2026,4.660128008
adverse,swap_rate,level,pct,AUD,7Y,,2027,4.595772803
baseline,swap_rate,level,pct,AUD,7Y,,2025,3.731618092
baseline,swap_rate,level,pct,AUD,7Y,,2026,3.631618092
baseline,swap_rate,level,pct,AUD,7Y,,2027,3.631618092
starting_point,swap_rate,level,pct,AUD,7Y,,2024,4.194336364
starting_point_average,swap_rate,level,pct,AUD,7Y,,2024,4.216883740
adverse,swap_rate,level,pct,BGN,10Y,,2025,4.726407633
adverse,swap_rate,level,pct,BGN,10Y,,2026,4.612029209
adverse,swap_rate,level,pct,BGN,10Y,,2027,4.530990283
baseline,swap_rate,level,pct,BGN,10Y,,2025,3.657807633
baseline,swap_rate,level,pct,BGN,10Y,,2026,3.734537633
baseline,swap_rate,level,pct,BGN,10Y,,2027,3.810429300
starting_point,swap_rate,level,pct,BGN,10Y,,2024,2.410367742
starting_point_average,swap_rate,level,pct,BGN,10Y,,2024,2.179989203
adverse,swap_rate,level,pct,BGN,1M,,2025,3.921281511
adverse,swap_rate,level,pct,BGN,1M,,2026,3.487055353
adverse,swap_rate,level,pct,BGN,1M,,2027,3.363277181
baseline,swap_rate,level,pct,BGN,1M,,2025,2.336007943
baseline,swap_rate,level,pct,BGN,1M,,2026,2.185292110
baseline,swap_rate,level,pct,BGN,1M,,2027,2.294321276
starting_point,swap_rate,level,pct,BGN,1M,,2024,2.431871063
starting_point_average,swap_rate,level,pct,BGN,1M,,2024,2.445751617
adverse,swap_rate,level,pct,BGN,1Y,,2025,4.001331358
adverse,swap_rate,level,pct,BGN,1Y,,2026,3.591708871
adverse,swap_rate,level,pct,BGN,1Y,,2027,3.471218334
baseline,swap_rate,level,pct,BGN,1Y,,2025,2.455801910
baseline,swap_rate,level,pct,BGN,1Y,,2026,2.322581910
baseline,swap_rate,level,pct,BGN,1Y,,2027,2.429062038
starting_point,swap_rate,level,pct,BGN,1Y,,2024,2.527765310
starting_point_average,swap_rate,level,pct,BGN,1Y,,2024,2.321843105
adverse,swap_rate,level,pct,BGN,20Y,,2025,4.821749096
adverse,swap_rate,level,pct,BGN,20Y,,2026,4.707370672
adverse,swap_rate,level,pct,BGN,20Y,,2027,4.626331745
baseline,swap_rate,level,pct,BGN,20Y,,2025,3.753149096
baseline,swap_rate,level,pct,BGN,20Y,,2026,3.829879096
baseline,swap_rate,level,pct,BGN,20Y,,2027,3.905770763
starting_point,swap_rate,level,pct,BGN,20Y,,2024,2.463587973
starting_point_average,swap_rate,level,pct,BGN,20Y,,2024,2.275330666
adverse,swap_rate,level,pct,BGN,2Y,,2025,4.081895388
adverse,swap_rate,level,pct,BGN,2Y,,2026,3.705077798
adverse,swap_rate,level,pct,BGN,2Y,,2027,3.588970773
baseline,swap_rate,level,pct,BGN,2Y,,2025,2.589358102
baseline,swap_rate,level,pct,BGN,2Y,,2026,2.479465879
baseline,swap_rate,level,pct,BGN,2Y,,2027,2.582547290
starting_point,swap_rate,level,pct,BGN,2Y,,2024,2.459087733
starting_point_average,swap_rate,level,pct,BGN,2Y,,2024,2.252969865
adverse,swap_rate,level,pct,BGN,30Y,,2025,4.838427691
adverse,swap_rate,level,pct,BGN,30Y,,2026,4.724049267
adverse,swap_rate,level,pct,BGN,30Y,,2027,4.643010340
baseline,swap_rate,level,pct,BGN,30Y,,2025,3.769827691
baseline,swap_rate,level,pct,BGN,30Y,,2026,3.846557691
baseline,swap_rate,level,pct,BGN,30Y,,2027,3.922449358
starting_point,swap_rate,level,pct,BGN,30Y,,2024,2.391132150
starting_point_average,swap_rate,level,pct,BGN,30Y,,2024,2.292009261
adverse,swap_rate,level,pct,BGN,3M,,2025,3.940908335
adverse,swap_rate,level,pct,BGN,3M,,2026,3.506682177
adverse,swap_rate,level,pct,BGN,3M,,2027,3.382904005
baseline,swap_rate,level,pct,BGN,3M,,2025,2.355634767
baseline,swap_rate,level,pct,BGN,3M,,2026,2.204918933
baseline,swap_rate,level,pct,BGN,3M,,2027,2.313948100
starting_point,swap_rate,level,pct,BGN,3M,,2024,2.480728018
starting_point_average,swap_rate,level,pct,BGN,3M,,2024,2.465378441
adverse,swap_rate,level,pct,BGN,3Y,,2025,4.162459419
adverse,swap_rate,level,pct,BGN,3Y,,2026,3.818446724
adverse,swap_rate,level,pct,BGN,3Y,,2027,3.706723211
baseline,swap_rate,level,pct,BGN,3Y,,2025,2.722914293
baseline,swap_rate,level,pct,BGN,3Y,,2026,2.636349849
baseline,swap_rate,level,pct,BGN,3Y,,2027,2.736032541
starting_point,swap_rate,level,pct,BGN,3Y,,2024,2.452630866
starting_point_average,swap_rate,level,pct,BGN,3Y,,2024,2.249108889
adverse,swap_rate,level,pct,BGN,5Y,,2025,4.323587480
adverse,swap_rate,level,pct,BGN,5Y,,2026,4.045184577
adverse,swap_rate,level,pct,BGN,5Y,,2027,3.942228089
baseline,swap_rate,level,pct,BGN,5Y,,2025,2.990026676
baseline,swap_rate,level,pct,BGN,5Y,,2026,2.950117787
baseline,swap_rate,level,pct,BGN,5Y,,2027,3.043003044
starting_point,swap_rate,level,pct,BGN,5Y,,2024,2.421520511
starting_point_average,swap_rate,level,pct,BGN,5Y,,2024,2.240828327
adverse,swap_rate,level,pct,BGN,7Y,,2025,4.484715542
adverse,swap_rate,level,pct,BGN,7Y,,2026,4.271922430
adverse,swap_rate,level,pct,BGN,7Y,,2027,4.177732966
baseline,swap_rate,level,pct,BGN,7Y,,2025,3.257139059
baseline,swap_rate,level,pct,BGN,7Y,,2026,3.263885726
baseline,swap_rate,level,pct,BGN,7Y,,2027,3.349973546
starting_point,swap_rate,level,pct,BGN,7Y,,2024,2.403715213
starting_point_average,swap_rate,level,pct,BGN,7Y,,2024,2.182420797
adverse,swap_rate,level,pct,BRL,10Y,,2025,13.460827928
adverse,swap_rate,level,pct,BRL,10Y,,2026,11.861877391
adverse,swap_rate,level,pct,BRL,10Y,,2027,10.281247155
baseline,swap_rate,level,pct,BRL,10Y,,2025,11.947450099
baseline,swap_rate,level,pct,BRL,10Y,,2026,10.457866765
baseline,swap_rate,level,pct,BRL,10Y,,2027,8.978700099
starting_point,swap_rate,level,pct,BRL,10Y,,2024,13.983857143
starting_point_average,swap_rate,level,pct,BRL,10Y,,2024,11.858825581
adverse,swap_rate,level,pct,BRL,1M,,2025,12.699947983
adverse,swap_rate,level,pct,BRL,1M,,2026,11.084267529
adverse,swap_rate,level,pct,BRL,1M,,2027,9.488116396
baseline,swap_rate,level,pct,BRL,1M,,2025,10.955068533
baseline,swap_rate,level,pct,BRL,1M,,2026,9.465485199
baseline,swap_rate,level,pct,BRL,1M,,2027,7.986318533
starting_point,swap_rate,level,pct,BRL,1M,,2024,12.056095238
starting_point_average,swap_rate,level,pct,BRL,1M,,2024,10.866444015
adverse,swap_rate,level,pct,BRL,1Y,,2025,12.828798564
adverse,swap_rate,level,pct,BRL,1Y,,2026,11.214405027
adverse,swap_rate,level,pct,BRL,1Y,,2027,9.619447809
baseline,swap_rate,level,pct,BRL,1Y,,2025,11.408255287
baseline,swap_rate,level,pct,BRL,1Y,,2026,9.918671953
baseline,swap_rate,level,pct,BRL,1Y,,2027,8.439505287
starting_point,swap_rate,level,pct,BRL,1Y,,2024,14.714954545
starting_point_average,swap_rate,level,pct,BRL,1Y,,2024,11.319630769
adverse,swap_rate,level,pct,BRL,20Y,,2025,13.688794212
adverse,swap_rate,level,pct,BRL,20Y,,2026,12.089843674
adverse,swap_rate,level,pct,BRL,20Y,,2027,10.509213438
baseline,swap_rate,level,pct,BRL,20Y,,2025,12.175416382
baseline,swap_rate,level,pct,BRL,20Y,,2026,10.685833049
baseline,swap_rate,level,pct,BRL,20Y,,2027,9.206666382
starting_point,swap_rate,level,pct,BRL,20Y,,2024,14.055107143
starting_point_average,swap_rate,level,pct,BRL,20Y,,2024,12.086791865
adverse,swap_rate,level,pct,BRL,2Y,,2025,12.899024049
adverse,swap_rate,level,pct,BRL,2Y,,2026,11.286346400
adverse,swap_rate,level,pct,BRL,2Y,,2027,9.692981069
baseline,swap_rate,level,pct,BRL,2Y,,2025,11.613612844
baseline,swap_rate,level,pct,BRL,2Y,,2026,10.124029511
baseline,swap_rate,level,pct,BRL,2Y,,2027,8.644862844
starting_point,swap_rate,level,pct,BRL,2Y,,2024,15.018000000
starting_point_average,swap_rate,level,pct,BRL,2Y,,2024,11.524988327
adverse,swap_rate,level,pct,BRL,30Y,,2025,13.688794212
adverse,swap_rate,level,pct,BRL,30Y,,2026,12.089843674
adverse,swap_rate,level,pct,BRL,30Y,,2027,10.509213438
baseline,swap_rate,level,pct,BRL,30Y,,2025,12.175416382
baseline,swap_rate,level,pct,BRL,30Y,,2026,10.685833049
baseline,swap_rate,level,pct,BRL,30Y,,2027,9.206666382
starting_point,swap_rate,level,pct,BRL,30Y,,2024,14.055107143
starting_point_average,swap_rate,level,pct,BRL,30Y,,2024,12.086791865
adverse,swap_rate,level,pct,BRL,3M,,2025,12.776129450
adverse,swap_rate,level,pct,BRL,3M,,2026,11.160448996
adverse,swap_rate,level,pct,BRL,3M,,2027,9.564297863
baseline,swap_rate,level,pct,BRL,3M,,2025,11.031250000
baseline,swap_rate,level,pct,BRL,3M,,2026,9.541666667
baseline,swap_rate,level,pct,BRL,3M,,2027,8.062500000
starting_point,swap_rate,level,pct,BRL,3M,,2024,12.733666667
starting_point_average,swap_rate,level,pct,BRL,3M,,2024,10.942625483
adverse,swap_rate,level,pct,BRL,3Y,,2025,12.969249534
adverse,swap_rate,level,pct,BRL,3Y,,2026,11.358287774
adverse,swap_rate,level,pct,BRL,3Y,,2027,9.766514330
baseline,swap_rate,level,pct,BRL,3Y,,2025,11.717341572
baseline,swap_rate,level,pct,BRL,3Y,,2026,10.227758238
baseline,swap_rate,level,pct,BRL,3Y,,2027,8.748591572
starting_point,swap_rate,level,pct,BRL,3Y,,2024,14.860142857
starting_point_average,swap_rate,level,pct,BRL,3Y,,2024,11.628717054
adverse,swap_rate,level,pct,BRL,5Y,,2025,13.109700504
adverse,swap_rate,level,pct,BRL,5Y,,2026,11.502170522
adverse,swap_rate,level,pct,BRL,5Y,,2027,9.913580851
baseline,swap_rate,level,pct,BRL,5Y,,2025,11.924264052
baseline,swap_rate,level,pct,BRL,5Y,,2026,10.434680719
baseline,swap_rate,level,pct,BRL,5Y,,2027,8.955514052
starting_point,swap_rate,level,pct,BRL,5Y,,2024,14.536500000
starting_point_average,swap_rate,level,pct,BRL,5Y,,2024,11.835639535
adverse,swap_rate,level,pct,BRL,7Y,,2025,13.250151474
adverse,swap_rate,level,pct,BRL,7Y,,2026,11.646053269
adverse,swap_rate,level,pct,BRL,7Y,,2027,10.060647373
baseline,swap_rate,level,pct,BRL,7Y,,2025,11.973959148
baseline,swap_rate,level,pct,BRL,7Y,,2026,10.484375814
baseline,swap_rate,level,pct,BRL,7Y,,2027,9.005209148
starting_point,swap_rate,level,pct,BRL,7Y,,2024,14.249809524
starting_point_average,swap_rate,level,pct,BRL,7Y,,2024,11.885334630
adverse,swap_rate,level,pct,CAD,10Y,,2025,2.888003513
adverse,swap_rate,level,pct,CAD,10Y,,2026,2.672177132
adverse,swap_rate,level,pct,CAD,10Y,,2027,2.404233336
baseline,swap_rate,level,pct,CAD,10Y,,2025,2.120006151
baseline,swap_rate,level,pct,CAD,10Y,,2026,1.959680598
baseline,swap_rate,level,pct,CAD,10Y,,2027,1.743226756
starting_point,swap_rate,level,pct,CAD,10Y,,2024,3.266909091
starting_point_average,swap_rate,level,pct,CAD,10Y,,2024,3.580828244
adverse,swap_rate,level,pct,CAD,1M,,2025,4.434949337
adverse,swap_rate,level,pct,CAD,1M,,2026,4.174705891
adverse,swap_rate,level,pct,CAD,1M,,2027,3.865554918
baseline,swap_rate,level,pct,CAD,1M,,2025,3.052327143
baseline,swap_rate,level,pct,CAD,1M,,2026,2.892001591
baseline,swap_rate,level,pct,CAD,1M,,2027,2.675547748
starting_point,swap_rate,level,pct,CAD,1M,,2024,3.342018182
starting_point_average,swap_rate,level,pct,CAD,1M,,2024,4.513149237
adverse,swap_rate,level,pct,CAD,1Y,,2025,4.221715101
adverse,swap_rate,level,pct,CAD,1Y,,2026,3.964888353
adverse,swap_rate,level,pct,CAD,1Y,,2027,3.658907163
baseline,swap_rate,level,pct,CAD,1Y,,2025,2.572293174
baseline,swap_rate,level,pct,CAD,1Y,,2026,2.411967621
baseline,swap_rate,level,pct,CAD,1Y,,2027,2.195513779
starting_point,swap_rate,level,pct,CAD,1Y,,2024,2.966127273
starting_point_average,swap_rate,level,pct,CAD,1Y,,2024,4.033115267
adverse,swap_rate,level,pct,CAD,20Y,,2025,3.036339391
adverse,swap_rate,level,pct,CAD,20Y,,2026,2.820513010
adverse,swap_rate,level,pct,CAD,20Y,,2027,2.552569214
baseline,swap_rate,level,pct,CAD,20Y,,2025,2.268342029
baseline,swap_rate,level,pct,CAD,20Y,,2026,2.108016476
baseline,swap_rate,level,pct,CAD,20Y,,2027,1.891562634
starting_point,swap_rate,level,pct,CAD,20Y,,2024,3.456590909
starting_point_average,swap_rate,level,pct,CAD,20Y,,2024,3.729164122
adverse,swap_rate,level,pct,CAD,2Y,,2025,4.073524925
adverse,swap_rate,level,pct,CAD,2Y,,2026,3.821253773
adverse,swap_rate,level,pct,CAD,2Y,,2027,3.519498960
baseline,swap_rate,level,pct,CAD,2Y,,2025,2.180220435
baseline,swap_rate,level,pct,CAD,2Y,,2026,2.019894883
baseline,swap_rate,level,pct,CAD,2Y,,2027,1.803441040
starting_point,swap_rate,level,pct,CAD,2Y,,2024,2.829459091
starting_point_average,swap_rate,level,pct,CAD,2Y,,2024,3.641042529
adverse,swap_rate,level,pct,CAD,30Y,,2025,2.859885193
adverse,swap_rate,level,pct,CAD,30Y,,2026,2.644058811
adverse,swap_rate,level,pct,CAD,30Y,,2027,2.376115016
baseline,swap_rate,level,pct,CAD,30Y,,2025,2.091887830
baseline,swap_rate,level,pct,CAD,30Y,,2026,1.931562278
baseline,swap_rate,level,pct,CAD,30Y,,2027,1.715108435
starting_point,swap_rate,level,pct,CAD,30Y,,2024,3.309272727
starting_point_average,swap_rate,level,pct,CAD,30Y,,2024,3.552709924
adverse,swap_rate,level,pct,CAD,3M,,2025,4.332857734
adverse,swap_rate,level,pct,CAD,3M,,2026,4.072614288
adverse,swap_rate,level,pct,CAD,3M,,2027,3.763463315
baseline,swap_rate,level,pct,CAD,3M,,2025,2.950235540
baseline,swap_rate,level,pct,CAD,3M,,2026,2.789909988
baseline,swap_rate,level,pct,CAD,3M,,2027,2.573456145
starting_point,swap_rate,level,pct,CAD,3M,,2024,3.230377273
starting_point_average,swap_rate,level,pct,CAD,3M,,2024,4.411057634
adverse,swap_rate,level,pct,CAD,3Y,,2025,3.925334748
adverse,swap_rate,level,pct,CAD,3Y,,2026,3.677619193
adverse,swap_rate,level,pct,CAD,3Y,,2027,3.380090757
baseline,swap_rate,level,pct,CAD,3Y,,2025,1.965590983
baseline,swap_rate,level,pct,CAD,3Y,,2026,1.805265431
baseline,swap_rate,level,pct,CAD,3Y,,2027,1.588811589
starting_point,swap_rate,level,pct,CAD,3Y,,2024,2.778840909
starting_point_average,swap_rate,level,pct,CAD,3Y,,2024,3.426413077
adverse,swap_rate,level,pct,CAD,5Y,,2025,3.628954395
adverse,swap_rate,level,pct,CAD,5Y,,2026,3.390350033
adverse,swap_rate,level,pct,CAD,5Y,,2027,3.101274351
baseline,swap_rate,level,pct,CAD,5Y,,2025,1.754975235
baseline,swap_rate,level,pct,CAD,5Y,,2026,1.594649682
baseline,swap_rate,level,pct,CAD,5Y,,2027,1.378195840
starting_point,swap_rate,level,pct,CAD,5Y,,2024,2.751495455
starting_point_average,swap_rate,level,pct,CAD,5Y,,2024,3.215797328
adverse,swap_rate,level,pct,CAD,7Y,,2025,3.332574043
adverse,swap_rate,level,pct,CAD,7Y,,2026,3.103080872
adverse,swap_rate,level,pct,CAD,7Y,,2027,2.822457945
baseline,swap_rate,level,pct,CAD,7Y,,2025,2.051448899
baseline,swap_rate,level,pct,CAD,7Y,,2026,1.891123346
baseline,swap_rate,level,pct,CAD,7Y,,2027,1.674669504
starting_point,swap_rate,level,pct,CAD,7Y,,2024,3.134590909
starting_point_average,swap_rate,level,pct,CAD,7Y,,2024,3.512270992
adverse,swap_rate,level,pct,CHF,10Y,,2025,1.458356022
adverse,swap_rate,level,pct,CHF,10Y,,2026,1.436803935
adverse,swap_rate,level,pct,CHF,10Y,,2027,1.416809351
baseline,swap_rate,level,pct,CHF,10Y,,2025,1.160127214
baseline,swap_rate,level,pct,CHF,10Y,,2026,1.160127214
baseline,swap_rate,level,pct,CHF,10Y,,2027,1.160127214
starting_point,swap_rate,level,pct,CHF,10Y,,2024,0.419454545
starting_point_average,swap_rate,level,pct,CHF,10Y,,2024,1.005177481
adverse,swap_rate,level,pct,CHF,1M,,2025,1.963680331
adverse,swap_rate,level,pct,CHF,1M,,2026,1.935721696
adverse,swap_rate,level,pct,CHF,1M,,2027,1.909783547
baseline,swap_rate,level,pct,CHF,1M,,2025,1.576800382
baseline,swap_rate,level,pct,CHF,1M,,2026,1.576800382
baseline,swap_rate,level,pct,CHF,1M,,2027,1.576800382
starting_point,swap_rate,level,pct,CHF,1M,,2024,0.507386364
starting_point_average,swap_rate,level,pct,CHF,1M,,2024,1.225769847
adverse,swap_rate,level,pct,CHF,1Y,,2025,1.816785732
adverse,swap_rate,level,pct,CHF,1Y,,2026,1.792003241
adverse,swap_rate,level,pct,CHF,1Y,,2027,1.769011705
baseline,swap_rate,level,pct,CHF,1Y,,2025,1.473855940
baseline,swap_rate,level,pct,CHF,1Y,,2026,1.473855940
baseline,swap_rate,level,pct,CHF,1Y,,2027,1.473855940
starting_point,swap_rate,level,pct,CHF,1Y,,2024,0.158072727
starting_point_average,swap_rate,level,pct,CHF,1Y,,2024,0.907767939
adverse,swap_rate,level,pct,CHF,20Y,,2025,1.406213198
adverse,swap_rate,level,pct,CHF,20Y,,2026,1.389333119
adverse,swap_rate,level,pct,CHF,20Y,,2027,1.373672913
baseline,swap_rate,level,pct,CHF,20Y,,2025,1.172633702
baseline,swap_rate,level,pct,CHF,20Y,,2026,1.172633702
baseline,swap_rate,level,pct,CHF,20Y,,2027,1.172633702
starting_point,swap_rate,level,pct,CHF,20Y,,2024,0.463086364
starting_point_average,swap_rate,level,pct,CHF,20Y,,2024,1.017683969
adverse,swap_rate,level,pct,CHF,2Y,,2025,1.810382650
adverse,swap_rate,level,pct,CHF,2Y,,2026,1.783543755
adverse,swap_rate,level,pct,CHF,2Y,,2027,1.758644425
baseline,swap_rate,level,pct,CHF,2Y,,2025,1.438997192
baseline,swap_rate,level,pct,CHF,2Y,,2026,1.438997192
baseline,swap_rate,level,pct,CHF,2Y,,2027,1.438997192
starting_point,swap_rate,level,pct,CHF,2Y,,2024,0.148454545
starting_point_average,swap_rate,level,pct,CHF,2Y,,2024,0.880459924
adverse,swap_rate,level,pct,CHF,30Y,,2025,1.351708266
adverse,swap_rate,level,pct,CHF,30Y,,2026,1.334471209
adverse,swap_rate,level,pct,CHF,30Y,,2027,1.318479821
baseline,swap_rate,level,pct,CHF,30Y,,2025,1.113189046
baseline,swap_rate,level,pct,CHF,30Y,,2026,1.113189046
baseline,swap_rate,level,pct,CHF,30Y,,2027,1.113189046
starting_point,swap_rate,level,pct,CHF,30Y,,2024,0.394550000
starting_point_average,swap_rate,level,pct,CHF,30Y,,2024,0.958239313
adverse,swap_rate,level,pct,CHF,3M,,2025,2.022142716
adverse,swap_rate,level,pct,CHF,3M,,2026,1.984409053
adverse,swap_rate,level,pct,CHF,3M,,2027,1.949402287
baseline,swap_rate,level,pct,CHF,3M,,2025,1.500000000
baseline,swap_rate,level,pct,CHF,3M,,2026,1.500000000
baseline,swap_rate,level,pct,CHF,3M,,2027,1.500000000
starting_point,swap_rate,level,pct,CHF,3M,,2024,0.481763636
starting_point_average,swap_rate,level,pct,CHF,3M,,2024,1.148969466
adverse,swap_rate,level,pct,CHF,3Y,,2025,1.764272050
adverse,swap_rate,level,pct,CHF,3Y,,2026,1.738246292
adverse,swap_rate,level,pct,CHF,3Y,,2027,1.714101336
baseline,swap_rate,level,pct,CHF,3Y,,2025,1.404138445
baseline,swap_rate,level,pct,CHF,3Y,,2026,1.404138445
baseline,swap_rate,level,pct,CHF,3Y,,2027,1.404138445
starting_point,swap_rate,level,pct,CHF,3Y,,2024,0.112372727
starting_point_average,swap_rate,level,pct,CHF,3Y,,2024,0.787279771
adverse,swap_rate,level,pct,CHF,5Y,,2025,1.722785719
adverse,swap_rate,level,pct,CHF,5Y,,2026,1.694719781
adverse,swap_rate,level,pct,CHF,5Y,,2027,1.668682082
baseline,swap_rate,level,pct,CHF,5Y,,2025,1.334420950
baseline,swap_rate,level,pct,CHF,5Y,,2026,1.334420950
baseline,swap_rate,level,pct,CHF,5Y,,2027,1.334420950
starting_point,swap_rate,level,pct,CHF,5Y,,2024,0.251022727
starting_point_average,swap_rate,level,pct,CHF,5Y,,2024,0.876051527
adverse,swap_rate,level,pct,CHF,7Y,,2025,1.625563712
adverse,swap_rate,level,pct,CHF,7Y,,2026,1.599485441
adverse,swap_rate,level,pct,CHF,7Y,,2027,1.575291767
baseline,swap_rate,level,pct,CHF,7Y,,2025,1.264703456
baseline,swap_rate,level,pct,CHF,7Y,,2026,1.264703456
baseline,swap_rate,level,pct,CHF,7Y,,2027,1.264703456
starting_point,swap_rate,level,pct,CHF,7Y,,2024,0.255595455
starting_point_average,swap_rate,level,pct,CHF,7Y,,2024,0.856374427
adverse,swap_rate,level,pct,CLP,10Y,,2025,6.221015859
adverse,swap_rate,level,pct,CLP,10Y,,2026,5.134694533
adverse,swap_rate,level,pct,CLP,10Y,,2027,4.483644297
baseline,swap_rate,level,pct,CLP,10Y,,2025,4.647258194
baseline,swap_rate,level,pct,CLP,10Y,,2026,3.674667540
baseline,swap_rate,level,pct,CLP,10Y,,2027,3.129129005
starting_point,swap_rate,level,pct,CLP,10Y,,2024,5.340590909
starting_point_average,swap_rate,level,pct,CLP,10Y,,2024,5.114591571
adverse,swap_rate,level,pct,CLP,1M,,2025,7.263338140
adverse,swap_rate,level,pct,CLP,1M,,2026,6.155277471
adverse,swap_rate,level,pct,CLP,1M,,2027,5.484058927
baseline,swap_rate,level,pct,CLP,1M,,2025,5.388760493
baseline,swap_rate,level,pct,CLP,1M,,2026,4.416169838
baseline,swap_rate,level,pct,CLP,1M,,2027,3.870631304
starting_point,swap_rate,level,pct,CLP,1M,,2024,5.067045455
starting_point_average,swap_rate,level,pct,CLP,1M,,2024,5.856093870
adverse,swap_rate,level,pct,CLP,1Y,,2025,7.183159503
adverse,swap_rate,level,pct,CLP,1Y,,2026,6.076771091
adverse,swap_rate,level,pct,CLP,1Y,,2027,5.407103956
baseline,swap_rate,level,pct,CLP,1Y,,2025,4.803990378
baseline,swap_rate,level,pct,CLP,1Y,,2026,3.831399724
baseline,swap_rate,level,pct,CLP,1Y,,2027,3.285861189
starting_point,swap_rate,level,pct,CLP,1Y,,2024,4.977613636
starting_point_average,swap_rate,level,pct,CLP,1Y,,2024,5.271323755
adverse,swap_rate,level,pct,CLP,20Y,,2025,6.448982142
adverse,swap_rate,level,pct,CLP,20Y,,2026,5.362660817
adverse,swap_rate,level,pct,CLP,20Y,,2027,4.711610580
baseline,swap_rate,level,pct,CLP,20Y,,2025,4.875224478
baseline,swap_rate,level,pct,CLP,20Y,,2026,3.902633823
baseline,swap_rate,level,pct,CLP,20Y,,2027,3.357095289
starting_point,swap_rate,level,pct,CLP,20Y,,2024,5.411840909
starting_point_average,swap_rate,level,pct,CLP,20Y,,2024,5.342557854
adverse,swap_rate,level,pct,CLP,2Y,,2025,7.076254653
adverse,swap_rate,level,pct,CLP,2Y,,2026,5.972095918
adverse,swap_rate,level,pct,CLP,2Y,,2027,5.304497327
baseline,swap_rate,level,pct,CLP,2Y,,2025,4.468378501
baseline,swap_rate,level,pct,CLP,2Y,,2026,3.495787846
baseline,swap_rate,level,pct,CLP,2Y,,2027,2.950249312
starting_point,swap_rate,level,pct,CLP,2Y,,2024,4.940427273
starting_point_average,swap_rate,level,pct,CLP,2Y,,2024,4.935711877
adverse,swap_rate,level,pct,CLP,30Y,,2025,6.448982142
adverse,swap_rate,level,pct,CLP,30Y,,2026,5.362660817
adverse,swap_rate,level,pct,CLP,30Y,,2027,4.711610580
baseline,swap_rate,level,pct,CLP,30Y,,2025,4.875224478
baseline,swap_rate,level,pct,CLP,30Y,,2026,3.902633823
baseline,swap_rate,level,pct,CLP,30Y,,2027,3.357095289
starting_point,swap_rate,level,pct,CLP,30Y,,2024,5.411840909
starting_point_average,swap_rate,level,pct,CLP,30Y,,2024,5.342557854
adverse,swap_rate,level,pct,CLP,3M,,2025,7.263338140
adverse,swap_rate,level,pct,CLP,3M,,2026,6.155277471
adverse,swap_rate,level,pct,CLP,3M,,2027,5.484058927
baseline,swap_rate,level,pct,CLP,3M,,2025,5.388760493
baseline,swap_rate,level,pct,CLP,3M,,2026,4.416169838
baseline,swap_rate,level,pct,CLP,3M,,2027,3.870631304
starting_point,swap_rate,level,pct,CLP,3M,,2024,5.067045455
starting_point_average,swap_rate,level,pct,CLP,3M,,2024,5.856093870
adverse,swap_rate,level,pct,CLP,3Y,,2025,6.969349804
adverse,swap_rate,level,pct,CLP,3Y,,2026,5.867420745
adverse,swap_rate,level,pct,CLP,3Y,,2027,5.201890698
baseline,swap_rate,level,pct,CLP,3Y,,2025,4.418546932
baseline,swap_rate,level,pct,CLP,3Y,,2026,3.445956278
baseline,swap_rate,level,pct,CLP,3Y,,2027,2.900417743
starting_point,swap_rate,level,pct,CLP,3Y,,2024,5.000063636
starting_point_average,swap_rate,level,pct,CLP,3Y,,2024,4.885880309
adverse,swap_rate,level,pct,CLP,5Y,,2025,6.755540105
adverse,swap_rate,level,pct,CLP,5Y,,2026,5.658070399
adverse,swap_rate,level,pct,CLP,5Y,,2027,4.996677441
baseline,swap_rate,level,pct,CLP,5Y,,2025,4.435994593
baseline,swap_rate,level,pct,CLP,5Y,,2026,3.463403938
baseline,swap_rate,level,pct,CLP,5Y,,2027,2.917865404
starting_point,swap_rate,level,pct,CLP,5Y,,2024,5.104881818
starting_point_average,swap_rate,level,pct,CLP,5Y,,2024,4.903327969
adverse,swap_rate,level,pct,CLP,7Y,,2025,6.541730407
adverse,swap_rate,level,pct,CLP,7Y,,2026,5.448720052
adverse,swap_rate,level,pct,CLP,7Y,,2027,4.791464183
baseline,swap_rate,level,pct,CLP,7Y,,2025,4.515445551
baseline,swap_rate,level,pct,CLP,7Y,,2026,3.542854896
baseline,swap_rate,level,pct,CLP,7Y,,2027,2.997316362
starting_point,swap_rate,level,pct,CLP,7Y,,2024,5.208736364
starting_point_average,swap_rate,level,pct,CLP,7Y,,2024,4.982778927
adverse,swap_rate,level,pct,CNY,10Y,,2025,3.245600100
adverse,swap_rate,level,pct,CNY,10Y,,2026,3.165582482
adverse,swap_rate,level,pct,CNY,10Y,,2027,3.091347493
baseline,swap_rate,level,pct,CNY,10Y,,2025,2.138349618
baseline,swap_rate,level,pct,CNY,10Y,,2026,2.138349618
baseline,swap_rate,level,pct,CNY,10Y,,2027,2.138349618
starting_point,swap_rate,level,pct,CNY,10Y,,2024,1.675200000
starting_point_average,swap_rate,level,pct,CNY,10Y,,2024,2.138349618
adverse,swap_rate,level,pct,CNY,1M,,2025,3.373177730
adverse,swap_rate,level,pct,CNY,1M,,2026,3.268007024
adverse,swap_rate,level,pct,CNY,1M,,2027,3.170436685
baseline,swap_rate,level,pct,CNY,1M,,2025,1.917869295
baseline,swap_rate,level,pct,CNY,1M,,2026,1.917869295
baseline,swap_rate,level,pct,CNY,1M,,2027,1.917869295
starting_point,swap_rate,level,pct,CNY,1M,,2024,1.798333333
starting_point_average,swap_rate,level,pct,CNY,1M,,2024,1.917869295
adverse,swap_rate,level,pct,CNY,1Y,,2025,3.351940619
adverse,swap_rate,level,pct,CNY,1Y,,2026,3.248704766
adverse,swap_rate,level,pct,CNY,1Y,,2027,3.152929453
baseline,swap_rate,level,pct,CNY,1Y,,2025,1.811832443
baseline,swap_rate,level,pct,CNY,1Y,,2026,1.811832443
baseline,swap_rate,level,pct,CNY,1Y,,2027,1.811832443
starting_point,swap_rate,level,pct,CNY,1Y,,2024,1.491322727
starting_point_average,swap_rate,level,pct,CNY,1Y,,2024,1.811832443
adverse,swap_rate,level,pct,CNY,20Y,,2025,3.354237505
adverse,swap_rate,level,pct,CNY,20Y,,2026,3.274219886
adverse,swap_rate,level,pct,CNY,20Y,,2027,3.199984897
baseline,swap_rate,level,pct,CNY,20Y,,2025,2.246987023
baseline,swap_rate,level,pct,CNY,20Y,,2026,2.246987023
baseline,swap_rate,level,pct,CNY,20Y,,2027,2.246987023
starting_point,swap_rate,level,pct,CNY,20Y,,2024,1.782468182
starting_point_average,swap_rate,level,pct,CNY,20Y,,2024,2.246987023
adverse,swap_rate,level,pct,CNY,2Y,,2025,3.340125006
adverse,swap_rate,level,pct,CNY,2Y,,2026,3.239468956
adverse,swap_rate,level,pct,CNY,2Y,,2027,3.146087013
baseline,swap_rate,level,pct,CNY,2Y,,2025,1.797329771
baseline,swap_rate,level,pct,CNY,2Y,,2026,1.797329771
baseline,swap_rate,level,pct,CNY,2Y,,2027,1.797329771
starting_point,swap_rate,level,pct,CNY,2Y,,2024,1.434877273
starting_point_average,swap_rate,level,pct,CNY,2Y,,2024,1.797329771
adverse,swap_rate,level,pct,CNY,30Y,,2025,3.390142085
adverse,swap_rate,level,pct,CNY,30Y,,2026,3.310124466
adverse,swap_rate,level,pct,CNY,30Y,,2027,3.235889478
baseline,swap_rate,level,pct,CNY,30Y,,2025,2.282891603
baseline,swap_rate,level,pct,CNY,30Y,,2026,2.282891603
baseline,swap_rate,level,pct,CNY,30Y,,2027,2.282891603
starting_point,swap_rate,level,pct,CNY,30Y,,2024,1.819372727
starting_point_average,swap_rate,level,pct,CNY,30Y,,2024,2.282891603
adverse,swap_rate,level,pct,CNY,3M,,2025,3.360802329
adverse,swap_rate,level,pct,CNY,3M,,2026,3.255631623
adverse,swap_rate,level,pct,CNY,3M,,2027,3.158061283
baseline,swap_rate,level,pct,CNY,3M,,2025,1.905493893
baseline,swap_rate,level,pct,CNY,3M,,2026,1.905493893
baseline,swap_rate,level,pct,CNY,3M,,2027,1.905493893
starting_point,swap_rate,level,pct,CNY,3M,,2024,1.702850000
starting_point_average,swap_rate,level,pct,CNY,3M,,2024,1.905493893
adverse,swap_rate,level,pct,CNY,3Y,,2025,3.328309392
adverse,swap_rate,level,pct,CNY,3Y,,2026,3.230233147
adverse,swap_rate,level,pct,CNY,3Y,,2027,3.139244573
baseline,swap_rate,level,pct,CNY,3Y,,2025,1.830933588
baseline,swap_rate,level,pct,CNY,3Y,,2026,1.830933588
baseline,swap_rate,level,pct,CNY,3Y,,2027,1.830933588
starting_point,swap_rate,level,pct,CNY,3Y,,2024,1.432895455
starting_point_average,swap_rate,level,pct,CNY,3Y,,2024,1.830933588
adverse,swap_rate,level,pct,CNY,5Y,,2025,3.304678166
adverse,swap_rate,level,pct,CNY,5Y,,2026,3.211761528
adverse,swap_rate,level,pct,CNY,5Y,,2027,3.125559693
baseline,swap_rate,level,pct,CNY,5Y,,2025,1.948102290
baseline,swap_rate,level,pct,CNY,5Y,,2026,1.948102290
baseline,swap_rate,level,pct,CNY,5Y,,2027,1.948102290
starting_point,swap_rate,level,pct,CNY,5Y,,2024,1.498813636
starting_point_average,swap_rate,level,pct,CNY,5Y,,2024,1.948102290
adverse,swap_rate,level,pct,CNY,7Y,,2025,3.281046940
adverse,swap_rate,level,pct,CNY,7Y,,2026,3.193289910
adverse,swap_rate,level,pct,CNY,7Y,,2027,3.111874813
baseline,swap_rate,level,pct,CNY,7Y,,2025,2.042290076
baseline,swap_rate,level,pct,CNY,7Y,,2026,2.042290076
baseline,swap_rate,level,pct,CNY,7Y,,2027,2.042290076
starting_point,swap_rate,level,pct,CNY,7Y,,2024,1.574159091
starting_point_average,swap_rate,level,pct,CNY,7Y,,2024,2.042290076
adverse,swap_rate,level,pct,COP,10Y,,2025,8.831717064
adverse,swap_rate,level,pct,COP,10Y,,2026,7.009023369
adverse,swap_rate,level,pct,COP,10Y,,2027,5.944411505
baseline,swap_rate,level,pct,COP,10Y,,2025,7.238307568
baseline,swap_rate,level,pct,COP,10Y,,2026,5.530764722
baseline,swap_rate,level,pct,COP,10Y,,2027,4.572982106
starting_point,swap_rate,level,pct,COP,10Y,,2024,8.699772727
starting_point_average,swap_rate,level,pct,COP,10Y,,2024,8.058788168
adverse,swap_rate,level,pct,COP,1M,,2025,11.881055518
adverse,swap_rate,level,pct,COP,1M,,2026,10.013611716
adverse,swap_rate,level,pct,COP,1M,,2027,8.907483700
baseline,swap_rate,level,pct,COP,1M,,2025,9.668412681
baseline,swap_rate,level,pct,COP,1M,,2026,7.960869835
baseline,swap_rate,level,pct,COP,1M,,2027,7.003087219
starting_point,swap_rate,level,pct,COP,1M,,2024,8.927954545
starting_point_average,swap_rate,level,pct,COP,1M,,2024,10.488893281
adverse,swap_rate,level,pct,COP,1Y,,2025,11.454899573
adverse,swap_rate,level,pct,COP,1Y,,2026,9.590898087
adverse,swap_rate,level,pct,COP,1Y,,2027,8.487963621
baseline,swap_rate,level,pct,COP,1Y,,2025,8.405111003
baseline,swap_rate,level,pct,COP,1Y,,2026,6.697568157
baseline,swap_rate,level,pct,COP,1Y,,2027,5.739785541
starting_point,swap_rate,level,pct,COP,1Y,,2024,8.361818182
starting_point_average,swap_rate,level,pct,COP,1Y,,2024,9.225591603
adverse,swap_rate,level,pct,COP,20Y,,2025,8.873055849
adverse,swap_rate,level,pct,COP,20Y,,2026,7.050362154
adverse,swap_rate,level,pct,COP,20Y,,2027,5.985750290
baseline,swap_rate,level,pct,COP,20Y,,2025,7.279646353
baseline,swap_rate,level,pct,COP,20Y,,2026,5.572103507
baseline,swap_rate,level,pct,COP,20Y,,2027,4.614320891
starting_point,swap_rate,level,pct,COP,20Y,,2024,8.821250000
starting_point_average,swap_rate,level,pct,COP,20Y,,2024,8.100126953
adverse,swap_rate,level,pct,COP,2Y,,2025,11.163434850
adverse,swap_rate,level,pct,COP,2Y,,2026,9.304023118
adverse,swap_rate,level,pct,COP,2Y,,2027,8.205346719
baseline,swap_rate,level,pct,COP,2Y,,2025,7.286835812
baseline,swap_rate,level,pct,COP,2Y,,2026,5.579292966
baseline,swap_rate,level,pct,COP,2Y,,2027,4.621510350
starting_point,swap_rate,level,pct,COP,2Y,,2024,7.958450000
starting_point_average,swap_rate,level,pct,COP,2Y,,2024,8.107316412
adverse,swap_rate,level,pct,COP,30Y,,2025,8.873055849
adverse,swap_rate,level,pct,COP,30Y,,2026,7.050362154
adverse,swap_rate,level,pct,COP,30Y,,2027,5.985750290
baseline,swap_rate,level,pct,COP,30Y,,2025,7.279646353
baseline,swap_rate,level,pct,COP,30Y,,2026,5.572103507
baseline,swap_rate,level,pct,COP,30Y,,2027,4.614320891
starting_point,swap_rate,level,pct,COP,30Y,,2024,8.821250000
starting_point_average,swap_rate,level,pct,COP,30Y,,2024,8.100126953
adverse,swap_rate,level,pct,COP,3M,,2025,11.673498115
adverse,swap_rate,level,pct,COP,3M,,2026,9.806054314
adverse,swap_rate,level,pct,COP,3M,,2027,8.699926297
baseline,swap_rate,level,pct,COP,3M,,2025,9.460855278
baseline,swap_rate,level,pct,COP,3M,,2026,7.753312432
baseline,swap_rate,level,pct,COP,3M,,2027,6.795529816
starting_point,swap_rate,level,pct,COP,3M,,2024,8.808409091
starting_point_average,swap_rate,level,pct,COP,3M,,2024,10.281335878
adverse,swap_rate,level,pct,COP,3Y,,2025,10.871970126
adverse,swap_rate,level,pct,COP,3Y,,2026,9.017148150
adverse,swap_rate,level,pct,COP,3Y,,2027,7.922729817
baseline,swap_rate,level,pct,COP,3Y,,2025,7.011157950
baseline,swap_rate,level,pct,COP,3Y,,2026,5.303615104
baseline,swap_rate,level,pct,COP,3Y,,2027,4.345832488
starting_point,swap_rate,level,pct,COP,3Y,,2024,8.015436364
starting_point_average,swap_rate,level,pct,COP,3Y,,2024,7.831638550
adverse,swap_rate,level,pct,COP,5Y,,2025,10.289040680
adverse,swap_rate,level,pct,COP,5Y,,2026,8.443398212
adverse,swap_rate,level,pct,COP,5Y,,2027,7.357496014
baseline,swap_rate,level,pct,COP,5Y,,2025,6.927624744
baseline,swap_rate,level,pct,COP,5Y,,2026,5.220081898
baseline,swap_rate,level,pct,COP,5Y,,2027,4.262299282
starting_point,swap_rate,level,pct,COP,5Y,,2024,8.229759091
starting_point_average,swap_rate,level,pct,COP,5Y,,2024,7.748105344
adverse,swap_rate,level,pct,COP,7Y,,2025,9.706111234
adverse,swap_rate,level,pct,COP,7Y,,2026,7.869648275
adverse,swap_rate,level,pct,COP,7Y,,2027,6.792262210
baseline,swap_rate,level,pct,COP,7Y,,2025,7.031819019
baseline,swap_rate,level,pct,COP,7Y,,2026,5.324276172
baseline,swap_rate,level,pct,COP,7Y,,2027,4.366493556
starting_point,swap_rate,level,pct,COP,7Y,,2024,8.437727273
starting_point_average,swap_rate,level,pct,COP,7Y,,2024,7.852299618
adverse,swap_rate,level,pct,CZK,10Y,,2025,3.920381654
adverse,swap_rate,level,pct,CZK,10Y,,2026,3.960693058
adverse,swap_rate,level,pct,CZK,10Y,,2027,4.052703872
baseline,swap_rate,level,pct,CZK,10Y,,2025,3.197170993
baseline,swap_rate,level,pct,CZK,10Y,,2026,3.366821392
baseline,swap_rate,level,pct,CZK,10Y,,2027,3.565040215
starting_point,swap_rate,level,pct,CZK,10Y,,2024,3.683418636
starting_point_average,swap_rate,level,pct,CZK,10Y,,2024,3.665811298
adverse,swap_rate,level,pct,CZK,1M,,2025,4.838541864
adverse,swap_rate,level,pct,CZK,1M,,2026,4.419096914
adverse,swap_rate,level,pct,CZK,1M,,2027,4.213087166
baseline,swap_rate,level,pct,CZK,1M,,2025,3.315681251
baseline,swap_rate,level,pct,CZK,1M,,2026,3.168584693
baseline,swap_rate,level,pct,CZK,1M,,2027,3.186216551
starting_point,swap_rate,level,pct,CZK,1M,,2024,4.006842105
starting_point_average,swap_rate,level,pct,CZK,1M,,2024,5.138849206
adverse,swap_rate,level,pct,CZK,1Y,,2025,4.621650419
adverse,swap_rate,level,pct,CZK,1Y,,2026,4.237571343
adverse,swap_rate,level,pct,CZK,1Y,,2027,4.054486254
baseline,swap_rate,level,pct,CZK,1Y,,2025,3.160301341
baseline,swap_rate,level,pct,CZK,1Y,,2026,3.037569934
baseline,swap_rate,level,pct,CZK,1Y,,2027,3.069093097
starting_point,swap_rate,level,pct,CZK,1Y,,2024,3.693684211
starting_point_average,swap_rate,level,pct,CZK,1Y,,2024,4.337619048
adverse,swap_rate,level,pct,CZK,20Y,,2025,3.983455853
adverse,swap_rate,level,pct,CZK,20Y,,2026,4.023767256
adverse,swap_rate,level,pct,CZK,20Y,,2027,4.115778071
baseline,swap_rate,level,pct,CZK,20Y,,2025,3.260245192
baseline,swap_rate,level,pct,CZK,20Y,,2026,3.429895590
baseline,swap_rate,level,pct,CZK,20Y,,2027,3.628114413
starting_point,swap_rate,level,pct,CZK,20Y,,2024,3.742863636
starting_point_average,swap_rate,level,pct,CZK,20Y,,2024,3.728885496
adverse,swap_rate,level,pct,CZK,2Y,,2025,4.543731668
adverse,swap_rate,level,pct,CZK,2Y,,2026,4.206807089
adverse,swap_rate,level,pct,CZK,2Y,,2027,4.054288211
baseline,swap_rate,level,pct,CZK,2Y,,2025,3.164397969
baseline,swap_rate,level,pct,CZK,2Y,,2026,3.074153429
baseline,swap_rate,level,pct,CZK,2Y,,2027,3.124198332
starting_point,swap_rate,level,pct,CZK,2Y,,2024,3.602712727
starting_point_average,swap_rate,level,pct,CZK,2Y,,2024,3.818423282
adverse,swap_rate,level,pct,CZK,30Y,,2025,4.049879059
adverse,swap_rate,level,pct,CZK,30Y,,2026,4.090190462
adverse,swap_rate,level,pct,CZK,30Y,,2027,4.182201277
baseline,swap_rate,level,pct,CZK,30Y,,2025,3.326668398
baseline,swap_rate,level,pct,CZK,30Y,,2026,3.496318796
baseline,swap_rate,level,pct,CZK,30Y,,2027,3.694537619
starting_point,swap_rate,level,pct,CZK,30Y,,2024,3.776195000
starting_point_average,swap_rate,level,pct,CZK,30Y,,2024,3.795308702
adverse,swap_rate,level,pct,CZK,3M,,2025,4.680089483
adverse,swap_rate,level,pct,CZK,3M,,2026,4.260644533
adverse,swap_rate,level,pct,CZK,3M,,2027,4.054634785
baseline,swap_rate,level,pct,CZK,3M,,2025,3.157228870
baseline,swap_rate,level,pct,CZK,3M,,2026,3.010132312
baseline,swap_rate,level,pct,CZK,3M,,2027,3.027764170
starting_point,swap_rate,level,pct,CZK,3M,,2024,3.907368421
starting_point_average,swap_rate,level,pct,CZK,3M,,2024,4.980396825
adverse,swap_rate,level,pct,CZK,3Y,,2025,4.465812916
adverse,swap_rate,level,pct,CZK,3Y,,2026,4.176042835
adverse,swap_rate,level,pct,CZK,3Y,,2027,4.054090169
baseline,swap_rate,level,pct,CZK,3Y,,2025,3.168494597
baseline,swap_rate,level,pct,CZK,3Y,,2026,3.110736925
baseline,swap_rate,level,pct,CZK,3Y,,2027,3.179303567
starting_point,swap_rate,level,pct,CZK,3Y,,2024,3.574343636
starting_point_average,swap_rate,level,pct,CZK,3Y,,2024,3.666285802
adverse,swap_rate,level,pct,CZK,5Y,,2025,4.309975412
adverse,swap_rate,level,pct,CZK,5Y,,2026,4.114514327
adverse,swap_rate,level,pct,CZK,5Y,,2027,4.053694084
baseline,swap_rate,level,pct,CZK,5Y,,2025,3.176687853
baseline,swap_rate,level,pct,CZK,5Y,,2026,3.183903915
baseline,swap_rate,level,pct,CZK,5Y,,2027,3.289514038
starting_point,swap_rate,level,pct,CZK,5Y,,2024,3.580434545
starting_point_average,swap_rate,level,pct,CZK,5Y,,2024,3.579968664
adverse,swap_rate,level,pct,CZK,7Y,,2025,4.154137909
adverse,swap_rate,level,pct,CZK,7Y,,2026,4.052985820
adverse,swap_rate,level,pct,CZK,7Y,,2027,4.053297999
baseline,swap_rate,level,pct,CZK,7Y,,2025,3.184881109
baseline,swap_rate,level,pct,CZK,7Y,,2026,3.257070906
baseline,swap_rate,level,pct,CZK,7Y,,2027,3.399724509
starting_point,swap_rate,level,pct,CZK,7Y,,2024,3.619345909
starting_point_average,swap_rate,level,pct,CZK,7Y,,2024,3.604244809
adverse,swap_rate,level,pct,DKK,10Y,,2025,2.599128453
adverse,swap_rate,level,pct,DKK,10Y,,2026,2.546024495
adverse,swap_rate,level,pct,DKK,10Y,,2027,2.501841999
baseline,swap_rate,level,pct,DKK,10Y,,2025,1.943958333
baseline,swap_rate,level,pct,DKK,10Y,,2026,2.008025000
baseline,swap_rate,level,pct,DKK,10Y,,2027,2.060058333
starting_point,swap_rate,level,pct,DKK,10Y,,2024,2.367463636
starting_point_average,swap_rate,level,pct,DKK,10Y,,2024,2.736751737
adverse,swap_rate,level,pct,DKK,1M,,2025,3.024512290
adverse,swap_rate,level,pct,DKK,1M,,2026,2.769824479
adverse,swap_rate,level,pct,DKK,1M,,2027,2.731209114
baseline,swap_rate,level,pct,DKK,1M,,2025,1.693968354
baseline,swap_rate,level,pct,DKK,1M,,2026,1.677235021
baseline,swap_rate,level,pct,DKK,1M,,2027,1.834018354
starting_point,swap_rate,level,pct,DKK,1M,,2024,2.868814286
starting_point_average,swap_rate,level,pct,DKK,1M,,2024,3.569429954
adverse,swap_rate,level,pct,DKK,1Y,,2025,2.926235053
adverse,swap_rate,level,pct,DKK,1Y,,2026,2.687053692
adverse,swap_rate,level,pct,DKK,1Y,,2027,2.648010086
baseline,swap_rate,level,pct,DKK,1Y,,2025,1.647642949
baseline,swap_rate,level,pct,DKK,1Y,,2026,1.637125000
baseline,swap_rate,level,pct,DKK,1Y,,2027,1.785850641
starting_point,swap_rate,level,pct,DKK,1Y,,2024,2.376294444
starting_point_average,swap_rate,level,pct,DKK,1Y,,2024,3.279404400
adverse,swap_rate,level,pct,DKK,20Y,,2025,2.581807869
adverse,swap_rate,level,pct,DKK,20Y,,2026,2.528703912
adverse,swap_rate,level,pct,DKK,20Y,,2027,2.484521415
baseline,swap_rate,level,pct,DKK,20Y,,2025,1.926637750
baseline,swap_rate,level,pct,DKK,20Y,,2026,1.990704416
baseline,swap_rate,level,pct,DKK,20Y,,2027,2.042737750
starting_point,swap_rate,level,pct,DKK,20Y,,2024,2.378013636
starting_point_average,swap_rate,level,pct,DKK,20Y,,2024,2.719431154
adverse,swap_rate,level,pct,DKK,2Y,,2025,2.889889875
adverse,swap_rate,level,pct,DKK,2Y,,2026,2.671383781
adverse,swap_rate,level,pct,DKK,2Y,,2027,2.631769187
baseline,swap_rate,level,pct,DKK,2Y,,2025,1.680566880
baseline,swap_rate,level,pct,DKK,2Y,,2026,1.678336111
baseline,swap_rate,level,pct,DKK,2Y,,2027,1.816318162
starting_point,swap_rate,level,pct,DKK,2Y,,2024,2.224554545
starting_point_average,swap_rate,level,pct,DKK,2Y,,2024,2.941500000
adverse,swap_rate,level,pct,DKK,30Y,,2025,2.359833086
adverse,swap_rate,level,pct,DKK,30Y,,2026,2.306729128
adverse,swap_rate,level,pct,DKK,30Y,,2027,2.262546632
baseline,swap_rate,level,pct,DKK,30Y,,2025,1.704662967
baseline,swap_rate,level,pct,DKK,30Y,,2026,1.768729633
baseline,swap_rate,level,pct,DKK,30Y,,2027,1.820762967
starting_point,swap_rate,level,pct,DKK,30Y,,2024,2.155440909
starting_point_average,swap_rate,level,pct,DKK,30Y,,2024,2.497456371
adverse,swap_rate,level,pct,DKK,3M,,2025,2.953493936
adverse,swap_rate,level,pct,DKK,3M,,2026,2.698806125
adverse,swap_rate,level,pct,DKK,3M,,2027,2.660190760
baseline,swap_rate,level,pct,DKK,3M,,2025,1.622950000
baseline,swap_rate,level,pct,DKK,3M,,2026,1.606216667
baseline,swap_rate,level,pct,DKK,3M,,2027,1.763000000
starting_point,swap_rate,level,pct,DKK,3M,,2024,2.755555556
starting_point_average,swap_rate,level,pct,DKK,3M,,2024,3.498411600
adverse,swap_rate,level,pct,DKK,3Y,,2025,2.853544697
adverse,swap_rate,level,pct,DKK,3Y,,2026,2.655713871
adverse,swap_rate,level,pct,DKK,3Y,,2027,2.615528289
baseline,swap_rate,level,pct,DKK,3Y,,2025,1.713490812
baseline,swap_rate,level,pct,DKK,3Y,,2026,1.719547222
baseline,swap_rate,level,pct,DKK,3Y,,2027,1.846785684
starting_point,swap_rate,level,pct,DKK,3Y,,2024,2.218513636
starting_point_average,swap_rate,level,pct,DKK,3Y,,2024,2.808163740
adverse,swap_rate,level,pct,DKK,5Y,,2025,2.780854342
adverse,swap_rate,level,pct,DKK,5Y,,2026,2.624374049
adverse,swap_rate,level,pct,DKK,5Y,,2027,2.583046492
baseline,swap_rate,level,pct,DKK,5Y,,2025,1.779338675
baseline,swap_rate,level,pct,DKK,5Y,,2026,1.801969444
baseline,swap_rate,level,pct,DKK,5Y,,2027,1.907720726
starting_point,swap_rate,level,pct,DKK,5Y,,2024,2.265568182
starting_point_average,swap_rate,level,pct,DKK,5Y,,2024,2.720424615
adverse,swap_rate,level,pct,DKK,7Y,,2025,2.708163986
adverse,swap_rate,level,pct,DKK,7Y,,2026,2.593034227
adverse,swap_rate,level,pct,DKK,7Y,,2027,2.550564694
baseline,swap_rate,level,pct,DKK,7Y,,2025,1.845186538
baseline,swap_rate,level,pct,DKK,7Y,,2026,1.884391667
baseline,swap_rate,level,pct,DKK,7Y,,2027,1.968655769
starting_point,swap_rate,level,pct,DKK,7Y,,2024,2.305763636
starting_point_average,swap_rate,level,pct,DKK,7Y,,2024,2.702705769
adverse,swap_rate,level,pct,EUR,10Y,,2025,3.130142928
adverse,swap_rate,level,pct,EUR,10Y,,2026,3.026321403
adverse,swap_rate,level,pct,EUR,10Y,,2027,2.956357006
baseline,swap_rate,level,pct,EUR,10Y,,2025,2.336016750
baseline,swap_rate,level,pct,EUR,10Y,,2026,2.374216750
baseline,swap_rate,level,pct,EUR,10Y,,2027,2.420874750
starting_point,swap_rate,level,pct,EUR,10Y,,2024,2.235795455
starting_point_average,swap_rate,level,pct,EUR,10Y,,2024,2.583388417
adverse,swap_rate,level,pct,EUR,1M,,2025,3.824662708
adverse,swap_rate,level,pct,EUR,1M,,2026,3.424753380
adverse,swap_rate,level,pct,EUR,1M,,2027,3.326606349
baseline,swap_rate,level,pct,EUR,1M,,2025,2.115074092
baseline,swap_rate,level,pct,EUR,1M,,2026,2.020907592
baseline,swap_rate,level,pct,EUR,1M,,2027,2.173824342
starting_point,swap_rate,level,pct,EUR,1M,,2024,2.890050000
starting_point_average,swap_rate,level,pct,EUR,1M,,2024,3.560214844
adverse,swap_rate,level,pct,EUR,1Y,,2025,3.287048257
adverse,swap_rate,level,pct,EUR,1Y,,2026,2.998214784
adverse,swap_rate,level,pct,EUR,1Y,,2027,2.974743969
baseline,swap_rate,level,pct,EUR,1Y,,2025,2.141616519
baseline,swap_rate,level,pct,EUR,1Y,,2026,2.057632058
baseline,swap_rate,level,pct,EUR,1Y,,2027,2.202375058
starting_point,swap_rate,level,pct,EUR,1Y,,2024,2.350277273
starting_point_average,swap_rate,level,pct,EUR,1Y,,2024,3.219662977
adverse,swap_rate,level,pct,EUR,20Y,,2025,3.007425368
adverse,swap_rate,level,pct,EUR,20Y,,2026,2.924384119
adverse,swap_rate,level,pct,EUR,20Y,,2027,2.871483655
baseline,swap_rate,level,pct,EUR,20Y,,2025,2.329493982
baseline,swap_rate,level,pct,EUR,20Y,,2026,2.367693982
baseline,swap_rate,level,pct,EUR,20Y,,2027,2.414351982
starting_point,swap_rate,level,pct,EUR,20Y,,2024,2.235681818
starting_point_average,swap_rate,level,pct,EUR,20Y,,2024,2.576865649
adverse,swap_rate,level,pct,EUR,2Y,,2025,3.255853189
adverse,swap_rate,level,pct,EUR,2Y,,2026,2.990037642
adverse,swap_rate,level,pct,EUR,2Y,,2027,2.963421783
baseline,swap_rate,level,pct,EUR,2Y,,2025,2.163216545
baseline,swap_rate,level,pct,EUR,2Y,,2026,2.092808135
baseline,swap_rate,level,pct,EUR,2Y,,2027,2.226652801
starting_point,swap_rate,level,pct,EUR,2Y,,2024,2.171918182
starting_point_average,swap_rate,level,pct,EUR,2Y,,2024,2.843700000
adverse,swap_rate,level,pct,EUR,30Y,,2025,2.570510982
adverse,swap_rate,level,pct,EUR,30Y,,2026,2.527068437
adverse,swap_rate,level,pct,EUR,30Y,,2027,2.506684845
baseline,swap_rate,level,pct,EUR,30Y,,2025,2.113999325
baseline,swap_rate,level,pct,EUR,30Y,,2026,2.152199325
baseline,swap_rate,level,pct,EUR,30Y,,2027,2.198857325
starting_point,swap_rate,level,pct,EUR,30Y,,2024,2.034290909
starting_point_average,swap_rate,level,pct,EUR,30Y,,2024,2.361370992
adverse,swap_rate,level,pct,EUR,3M,,2025,3.396486982
adverse,swap_rate,level,pct,EUR,3M,,2026,3.075002237
adverse,swap_rate,level,pct,EUR,3M,,2027,3.041254337
baseline,swap_rate,level,pct,EUR,3M,,2025,2.125416500
baseline,swap_rate,level,pct,EUR,3M,,2026,2.031250000
baseline,swap_rate,level,pct,EUR,3M,,2027,2.184166750
starting_point,swap_rate,level,pct,EUR,3M,,2024,2.814636364
starting_point_average,swap_rate,level,pct,EUR,3M,,2024,3.570557252
adverse,swap_rate,level,pct,EUR,3Y,,2025,3.248826318
adverse,swap_rate,level,pct,EUR,3Y,,2026,3.129511900
adverse,swap_rate,level,pct,EUR,3Y,,2027,3.070192789
baseline,swap_rate,level,pct,EUR,3Y,,2025,2.166399750
baseline,swap_rate,level,pct,EUR,3Y,,2026,2.240666500
baseline,swap_rate,level,pct,EUR,3Y,,2027,2.340308500
starting_point,swap_rate,level,pct,EUR,3Y,,2024,2.260536364
starting_point_average,swap_rate,level,pct,EUR,3Y,,2024,2.698764729
adverse,swap_rate,level,pct,EUR,5Y,,2025,3.221994176
adverse,swap_rate,level,pct,EUR,5Y,,2026,3.104522677
adverse,swap_rate,level,pct,EUR,5Y,,2027,3.025306719
baseline,swap_rate,level,pct,EUR,5Y,,2025,2.250241500
baseline,swap_rate,level,pct,EUR,5Y,,2026,2.306558250
baseline,swap_rate,level,pct,EUR,5Y,,2027,2.370050250
starting_point,swap_rate,level,pct,EUR,5Y,,2024,2.154750000
starting_point_average,swap_rate,level,pct,EUR,5Y,,2024,2.577694595
adverse,swap_rate,level,pct,EUR,7Y,,2025,3.147858765
adverse,swap_rate,level,pct,EUR,7Y,,2026,2.988551939
adverse,swap_rate,level,pct,EUR,7Y,,2027,2.939164565
baseline,swap_rate,level,pct,EUR,7Y,,2025,2.271216673
baseline,swap_rate,level,pct,EUR,7Y,,2026,2.268688519
baseline,swap_rate,level,pct,EUR,7Y,,2027,2.348041519
starting_point,swap_rate,level,pct,EUR,7Y,,2024,2.183990909
starting_point_average,swap_rate,level,pct,EUR,7Y,,2024,2.557971815
adverse,swap_rate,level,pct,GBP,10Y,,2025,4.591922850
adverse,swap_rate,level,pct,GBP,10Y,,2026,4.570801083
adverse,swap_rate,level,pct,GBP,10Y,,2027,4.493554398
baseline,swap_rate,level,pct,GBP,10Y,,2025,3.849927171
baseline,swap_rate,level,pct,GBP,10Y,,2026,3.882427171
baseline,swap_rate,level,pct,GBP,10Y,,2027,3.854927171
starting_point,swap_rate,level,pct,GBP,10Y,,2024,3.946389000
starting_point_average,swap_rate,level,pct,GBP,10Y,,2024,3.795868577
adverse,swap_rate,level,pct,GBP,1M,,2025,5.132532347
adverse,swap_rate,level,pct,GBP,1M,,2026,4.125447249
adverse,swap_rate,level,pct,GBP,1M,,2027,3.873390854
baseline,swap_rate,level,pct,GBP,1M,,2025,4.169642737
baseline,swap_rate,level,pct,GBP,1M,,2026,3.232142737
baseline,swap_rate,level,pct,GBP,1M,,2027,3.044642737
starting_point,swap_rate,level,pct,GBP,1M,,2024,4.703061818
starting_point_average,swap_rate,level,pct,GBP,1M,,2024,5.045009160
adverse,swap_rate,level,pct,GBP,1Y,,2025,4.865072462
adverse,swap_rate,level,pct,GBP,1Y,,2026,3.947175936
adverse,swap_rate,level,pct,GBP,1Y,,2027,3.720947261
baseline,swap_rate,level,pct,GBP,1Y,,2025,4.103840552
baseline,swap_rate,level,pct,GBP,1Y,,2026,3.240955936
baseline,swap_rate,level,pct,GBP,1Y,,2027,3.065763629
starting_point,swap_rate,level,pct,GBP,1Y,,2024,4.419760455
starting_point_average,swap_rate,level,pct,GBP,1Y,,2024,4.694487752
adverse,swap_rate,level,pct,GBP,20Y,,2025,4.610410445
adverse,swap_rate,level,pct,GBP,20Y,,2026,4.596125667
adverse,swap_rate,level,pct,GBP,20Y,,2027,4.525221882
baseline,swap_rate,level,pct,GBP,20Y,,2025,3.963022171
baseline,swap_rate,level,pct,GBP,20Y,,2026,3.995522171
baseline,swap_rate,level,pct,GBP,20Y,,2027,3.968022171
starting_point,swap_rate,level,pct,GBP,20Y,,2024,4.109685500
starting_point_average,swap_rate,level,pct,GBP,20Y,,2024,3.908963577
adverse,swap_rate,level,pct,GBP,2Y,,2025,4.817971851
adverse,swap_rate,level,pct,GBP,2Y,,2026,4.000927483
adverse,swap_rate,level,pct,GBP,2Y,,2027,3.792375401
baseline,swap_rate,level,pct,GBP,2Y,,2025,4.075627954
baseline,swap_rate,level,pct,GBP,2Y,,2026,3.312230518
baseline,swap_rate,level,pct,GBP,2Y,,2027,3.153448467
starting_point,swap_rate,level,pct,GBP,2Y,,2024,4.212082727
starting_point_average,swap_rate,level,pct,GBP,2Y,,2024,4.321739731
adverse,swap_rate,level,pct,GBP,30Y,,2025,4.577381223
adverse,swap_rate,level,pct,GBP,30Y,,2026,4.562771066
adverse,swap_rate,level,pct,GBP,30Y,,2027,4.491565417
baseline,swap_rate,level,pct,GBP,30Y,,2025,3.925490486
baseline,swap_rate,level,pct,GBP,30Y,,2026,3.957990486
baseline,swap_rate,level,pct,GBP,30Y,,2027,3.930490486
starting_point,swap_rate,level,pct,GBP,30Y,,2024,4.080674000
starting_point_average,swap_rate,level,pct,GBP,30Y,,2024,3.871431892
adverse,swap_rate,level,pct,GBP,3M,,2025,5.306753023
adverse,swap_rate,level,pct,GBP,3M,,2026,4.283851333
adverse,swap_rate,level,pct,GBP,3M,,2027,4.017121363
baseline,swap_rate,level,pct,GBP,3M,,2025,4.125000000
baseline,swap_rate,level,pct,GBP,3M,,2026,3.187500000
baseline,swap_rate,level,pct,GBP,3M,,2027,3.000000000
starting_point,swap_rate,level,pct,GBP,3M,,2024,4.642407727
starting_point_average,swap_rate,level,pct,GBP,3M,,2024,5.000366423
adverse,swap_rate,level,pct,GBP,3Y,,2025,4.867735029
adverse,swap_rate,level,pct,GBP,3Y,,2026,4.144542770
adverse,swap_rate,level,pct,GBP,3Y,,2027,3.947173101
baseline,swap_rate,level,pct,GBP,3Y,,2025,4.047415356
baseline,swap_rate,level,pct,GBP,3Y,,2026,3.383505099
baseline,swap_rate,level,pct,GBP,3Y,,2027,3.241133305
starting_point,swap_rate,level,pct,GBP,3Y,,2024,4.091323333
starting_point_average,swap_rate,level,pct,GBP,3Y,,2024,4.109394346
adverse,swap_rate,level,pct,GBP,5Y,,2025,4.834184305
adverse,swap_rate,level,pct,GBP,5Y,,2026,4.308313336
adverse,swap_rate,level,pct,GBP,5Y,,2027,4.142230575
baseline,swap_rate,level,pct,GBP,5Y,,2025,3.990990160
baseline,swap_rate,level,pct,GBP,5Y,,2026,3.526054263
baseline,swap_rate,level,pct,GBP,5Y,,2027,3.416502981
starting_point,swap_rate,level,pct,GBP,5Y,,2024,3.968078182
starting_point_average,swap_rate,level,pct,GBP,5Y,,2024,3.879380345
adverse,swap_rate,level,pct,GBP,7Y,,2025,4.706443105
adverse,swap_rate,level,pct,GBP,7Y,,2026,4.384700285
adverse,swap_rate,level,pct,GBP,7Y,,2027,4.256219378
baseline,swap_rate,level,pct,GBP,7Y,,2025,3.934564964
baseline,swap_rate,level,pct,GBP,7Y,,2026,3.668603426
baseline,swap_rate,level,pct,GBP,7Y,,2027,3.591872657
starting_point,swap_rate,level,pct,GBP,7Y,,2024,3.921450476
starting_point_average,swap_rate,level,pct,GBP,7Y,,2024,3.793135364
adverse,swap_rate,level,pct,HKD,10Y,,2025,3.999976476
adverse,swap_rate,level,pct,HKD,10Y,,2026,3.025798129
adverse,swap_rate,level,pct,HKD,10Y,,2027,2.910695423
baseline,swap_rate,level,pct,HKD,10Y,,2025,3.060012298
baseline,swap_rate,level,pct,HKD,10Y,,2026,2.153762298
baseline,swap_rate,level,pct,HKD,10Y,,2027,2.101678964
starting_point,swap_rate,level,pct,HKD,10Y,,2024,3.526000000
starting_point_average,swap_rate,level,pct,HKD,10Y,,2024,3.584467176
adverse,swap_rate,level,pct,HKD,1M,,2025,5.619257348
adverse,swap_rate,level,pct,HKD,1M,,2026,4.585756217
adverse,swap_rate,level,pct,HKD,1M,,2027,4.415617805
baseline,swap_rate,level,pct,HKD,1M,,2025,3.858409187
baseline,swap_rate,level,pct,HKD,1M,,2026,2.952159187
baseline,swap_rate,level,pct,HKD,1M,,2027,2.900075854
starting_point,swap_rate,level,pct,HKD,1M,,2024,4.463307500
starting_point_average,swap_rate,level,pct,HKD,1M,,2024,4.382864065
adverse,swap_rate,level,pct,HKD,1Y,,2025,5.622081109
adverse,swap_rate,level,pct,HKD,1Y,,2026,4.593143269
adverse,swap_rate,level,pct,HKD,1Y,,2027,4.427238372
baseline,swap_rate,level,pct,HKD,1Y,,2025,3.708611916
baseline,swap_rate,level,pct,HKD,1Y,,2026,2.802361916
baseline,swap_rate,level,pct,HKD,1Y,,2027,2.750278583
starting_point,swap_rate,level,pct,HKD,1Y,,2024,3.936727273
starting_point_average,swap_rate,level,pct,HKD,1Y,,2024,4.233066794
adverse,swap_rate,level,pct,HKD,20Y,,2025,4.084906246
adverse,swap_rate,level,pct,HKD,20Y,,2026,3.110727900
adverse,swap_rate,level,pct,HKD,20Y,,2027,2.995625194
baseline,swap_rate,level,pct,HKD,20Y,,2025,3.144942069
baseline,swap_rate,level,pct,HKD,20Y,,2026,2.238692069
baseline,swap_rate,level,pct,HKD,20Y,,2027,2.186608735
starting_point,swap_rate,level,pct,HKD,20Y,,2024,3.595636364
starting_point_average,swap_rate,level,pct,HKD,20Y,,2024,3.669396947
adverse,swap_rate,level,pct,HKD,2Y,,2025,5.441847261
adverse,swap_rate,level,pct,HKD,2Y,,2026,4.418993809
adverse,swap_rate,level,pct,HKD,2Y,,2027,4.258733600
baseline,swap_rate,level,pct,HKD,2Y,,2025,3.373178710
baseline,swap_rate,level,pct,HKD,2Y,,2026,2.466928710
baseline,swap_rate,level,pct,HKD,2Y,,2027,2.414845376
starting_point,swap_rate,level,pct,HKD,2Y,,2024,3.741772727
starting_point_average,swap_rate,level,pct,HKD,2Y,,2024,3.897633588
adverse,swap_rate,level,pct,HKD,30Y,,2025,4.084906246
adverse,swap_rate,level,pct,HKD,30Y,,2026,3.110727900
adverse,swap_rate,level,pct,HKD,30Y,,2027,2.995625194
baseline,swap_rate,level,pct,HKD,30Y,,2025,3.144942069
baseline,swap_rate,level,pct,HKD,30Y,,2026,2.238692069
baseline,swap_rate,level,pct,HKD,30Y,,2027,2.186608735
starting_point,swap_rate,level,pct,HKD,30Y,,2024,3.595636364
starting_point_average,swap_rate,level,pct,HKD,30Y,,2024,3.669396947
adverse,swap_rate,level,pct,HKD,3M,,2025,5.757256495
adverse,swap_rate,level,pct,HKD,3M,,2026,4.723755364
adverse,swap_rate,level,pct,HKD,3M,,2027,4.553616951
baseline,swap_rate,level,pct,HKD,3M,,2025,3.996408333
baseline,swap_rate,level,pct,HKD,3M,,2026,3.090158333
baseline,swap_rate,level,pct,HKD,3M,,2027,3.038075000
starting_point,swap_rate,level,pct,HKD,3M,,2024,4.354997500
starting_point_average,swap_rate,level,pct,HKD,3M,,2024,4.520863211
adverse,swap_rate,level,pct,HKD,3Y,,2025,5.261613412
adverse,swap_rate,level,pct,HKD,3Y,,2026,4.244844349
adverse,swap_rate,level,pct,HKD,3Y,,2027,4.090228828
baseline,swap_rate,level,pct,HKD,3Y,,2025,3.197218786
baseline,swap_rate,level,pct,HKD,3Y,,2026,2.290968786
baseline,swap_rate,level,pct,HKD,3Y,,2027,2.238885453
starting_point,swap_rate,level,pct,HKD,3Y,,2024,3.634000000
starting_point_average,swap_rate,level,pct,HKD,3Y,,2024,3.721673664
adverse,swap_rate,level,pct,HKD,5Y,,2025,4.901145716
adverse,swap_rate,level,pct,HKD,5Y,,2026,3.896545429
adverse,swap_rate,level,pct,HKD,5Y,,2027,3.753219284
baseline,swap_rate,level,pct,HKD,5Y,,2025,3.057550847
baseline,swap_rate,level,pct,HKD,5Y,,2026,2.151300847
baseline,swap_rate,level,pct,HKD,5Y,,2027,2.099217514
starting_point,swap_rate,level,pct,HKD,5Y,,2024,3.526818182
starting_point_average,swap_rate,level,pct,HKD,5Y,,2024,3.582005725
adverse,swap_rate,level,pct,HKD,7Y,,2025,4.540678020
adverse,swap_rate,level,pct,HKD,7Y,,2026,3.548246509
adverse,swap_rate,level,pct,HKD,7Y,,2027,3.416209739
baseline,swap_rate,level,pct,HKD,7Y,,2025,3.044411534
baseline,swap_rate,level,pct,HKD,7Y,,2026,2.138161534
baseline,swap_rate,level,pct,HKD,7Y,,2027,2.086078201
starting_point,swap_rate,level,pct,HKD,7Y,,2024,3.503168182
starting_point_average,swap_rate,level,pct,HKD,7Y,,2024,3.568866412
adverse,swap_rate,level,pct,HUF,10Y,,2025,7.758600000
adverse,swap_rate,level,pct,HUF,10Y,,2026,7.617491576
adverse,swap_rate,level,pct,HUF,10Y,,2027,7.580560983
baseline,swap_rate,level,pct,HUF,10Y,,2025,6.690000000
baseline,swap_rate,level,pct,HUF,10Y,,2026,6.740000000
baseline,swap_rate,level,pct,HUF,10Y,,2027,6.860000000
starting_point,swap_rate,level,pct,HUF,10Y,,2024,6.623390909
starting_point_average,swap_rate,level,pct,HUF,10Y,,2024,6.311001149
adverse,swap_rate,level,pct,HUF,1M,,2025,8.129063891
adverse,swap_rate,level,pct,HUF,1M,,2026,8.105553566
adverse,swap_rate,level,pct,HUF,1M,,2027,7.902746227
baseline,swap_rate,level,pct,HUF,1M,,2025,6.543790323
baseline,swap_rate,level,pct,HUF,1M,,2026,6.803790323
baseline,swap_rate,level,pct,HUF,1M,,2027,6.833790323
starting_point,swap_rate,level,pct,HUF,1M,,2024,6.500000000
starting_point_average,swap_rate,level,pct,HUF,1M,,2024,7.582056452
adverse,swap_rate,level,pct,HUF,1Y,,2025,7.847837140
adverse,swap_rate,level,pct,HUF,1Y,,2026,7.815280807
adverse,swap_rate,level,pct,HUF,1Y,,2027,7.625233219
baseline,swap_rate,level,pct,HUF,1Y,,2025,6.302307692
baseline,swap_rate,level,pct,HUF,1Y,,2026,6.546153846
baseline,swap_rate,level,pct,HUF,1Y,,2027,6.583076923
starting_point,swap_rate,level,pct,HUF,1Y,,2024,6.390000000
starting_point_average,swap_rate,level,pct,HUF,1Y,,2024,6.891572581
adverse,swap_rate,level,pct,HUF,20Y,,2025,7.978871751
adverse,swap_rate,level,pct,HUF,20Y,,2026,7.837763327
adverse,swap_rate,level,pct,HUF,20Y,,2027,7.800832734
baseline,swap_rate,level,pct,HUF,20Y,,2025,6.910271751
baseline,swap_rate,level,pct,HUF,20Y,,2026,6.960271751
baseline,swap_rate,level,pct,HUF,20Y,,2027,7.080271751
starting_point,swap_rate,level,pct,HUF,20Y,,2024,7.091727273
starting_point_average,swap_rate,level,pct,HUF,20Y,,2024,6.531272901
adverse,swap_rate,level,pct,HUF,2Y,,2025,7.837921902
adverse,swap_rate,level,pct,HUF,2Y,,2026,7.793304226
adverse,swap_rate,level,pct,HUF,2Y,,2027,7.620269637
baseline,swap_rate,level,pct,HUF,2Y,,2025,6.345384615
baseline,swap_rate,level,pct,HUF,2Y,,2026,6.567692308
baseline,swap_rate,level,pct,HUF,2Y,,2027,6.613846154
starting_point,swap_rate,level,pct,HUF,2Y,,2024,6.379504545
starting_point_average,swap_rate,level,pct,HUF,2Y,,2024,6.230397328
adverse,swap_rate,level,pct,HUF,30Y,,2025,7.978871751
adverse,swap_rate,level,pct,HUF,30Y,,2026,7.837763327
adverse,swap_rate,level,pct,HUF,30Y,,2027,7.800832734
baseline,swap_rate,level,pct,HUF,30Y,,2025,6.910271751
baseline,swap_rate,level,pct,HUF,30Y,,2026,6.960271751
baseline,swap_rate,level,pct,HUF,30Y,,2027,7.080271751
starting_point,swap_rate,level,pct,HUF,30Y,,2024,7.091727273
starting_point_average,swap_rate,level,pct,HUF,30Y,,2024,6.531272901
adverse,swap_rate,level,pct,HUF,3M,,2025,7.855273568
adverse,swap_rate,level,pct,HUF,3M,,2026,7.831763243
adverse,swap_rate,level,pct,HUF,3M,,2027,7.628955905
baseline,swap_rate,level,pct,HUF,3M,,2025,6.270000000
baseline,swap_rate,level,pct,HUF,3M,,2026,6.530000000
baseline,swap_rate,level,pct,HUF,3M,,2027,6.560000000
starting_point,swap_rate,level,pct,HUF,3M,,2024,6.500000000
starting_point_average,swap_rate,level,pct,HUF,3M,,2024,7.308266129
adverse,swap_rate,level,pct,HUF,3Y,,2025,7.828006664
adverse,swap_rate,level,pct,HUF,3Y,,2026,7.771327645
adverse,swap_rate,level,pct,HUF,3Y,,2027,7.615306055
baseline,swap_rate,level,pct,HUF,3Y,,2025,6.388461538
baseline,swap_rate,level,pct,HUF,3Y,,2026,6.589230769
baseline,swap_rate,level,pct,HUF,3Y,,2027,6.644615385
starting_point,swap_rate,level,pct,HUF,3Y,,2024,6.344681818
starting_point_average,swap_rate,level,pct,HUF,3Y,,2024,6.096834100
adverse,swap_rate,level,pct,HUF,5Y,,2025,7.808176189
adverse,swap_rate,level,pct,HUF,5Y,,2026,7.727374482
adverse,swap_rate,level,pct,HUF,5Y,,2027,7.605378891
baseline,swap_rate,level,pct,HUF,5Y,,2025,6.474615385
baseline,swap_rate,level,pct,HUF,5Y,,2026,6.632307692
baseline,swap_rate,level,pct,HUF,5Y,,2027,6.706153846
starting_point,swap_rate,level,pct,HUF,5Y,,2024,6.397245455
starting_point_average,swap_rate,level,pct,HUF,5Y,,2024,6.077898851
adverse,swap_rate,level,pct,HUF,7Y,,2025,7.788345713
adverse,swap_rate,level,pct,HUF,7Y,,2026,7.683421320
adverse,swap_rate,level,pct,HUF,7Y,,2027,7.595451728
baseline,swap_rate,level,pct,HUF,7Y,,2025,6.560769231
baseline,swap_rate,level,pct,HUF,7Y,,2026,6.675384615
baseline,swap_rate,level,pct,HUF,7Y,,2027,6.767692308
starting_point,swap_rate,level,pct,HUF,7Y,,2024,6.493272727
starting_point_average,swap_rate,level,pct,HUF,7Y,,2024,6.158687739
adverse,swap_rate,level,pct,INR,10Y,,2025,7.596521365
adverse,swap_rate,level,pct,INR,10Y,,2026,7.503229000
adverse,swap_rate,level,pct,INR,10Y,,2027,7.416678589
baseline,swap_rate,level,pct,INR,10Y,,2025,6.305580460
baseline,swap_rate,level,pct,INR,10Y,,2026,6.305580460
baseline,swap_rate,level,pct,INR,10Y,,2027,6.305580460
starting_point,swap_rate,level,pct,INR,10Y,,2024,6.134045455
starting_point_average,swap_rate,level,pct,INR,10Y,,2024,6.305580460
adverse,swap_rate,level,pct,INR,1M,,2025,8.185047374
adverse,swap_rate,level,pct,INR,1M,,2026,8.075878841
adverse,swap_rate,level,pct,INR,1M,,2027,7.974599586
baseline,swap_rate,level,pct,INR,1M,,2025,6.674418677
baseline,swap_rate,level,pct,INR,1M,,2026,6.674418677
baseline,swap_rate,level,pct,INR,1M,,2027,6.674418677
starting_point,swap_rate,level,pct,INR,1M,,2024,6.671022727
starting_point_average,swap_rate,level,pct,INR,1M,,2024,6.674418677
adverse,swap_rate,level,pct,INR,1Y,,2025,8.143251210
adverse,swap_rate,level,pct,INR,1Y,,2026,8.035303921
adverse,swap_rate,level,pct,INR,1Y,,2027,7.935157653
baseline,swap_rate,level,pct,INR,1Y,,2025,6.636527969
baseline,swap_rate,level,pct,INR,1Y,,2026,6.636527969
baseline,swap_rate,level,pct,INR,1Y,,2027,6.636527969
starting_point,swap_rate,level,pct,INR,1Y,,2024,6.445227273
starting_point_average,swap_rate,level,pct,INR,1Y,,2024,6.636527969
adverse,swap_rate,level,pct,INR,20Y,,2025,7.596521365
adverse,swap_rate,level,pct,INR,20Y,,2026,7.503229000
adverse,swap_rate,level,pct,INR,20Y,,2027,7.416678589
baseline,swap_rate,level,pct,INR,20Y,,2025,6.305580460
baseline,swap_rate,level,pct,INR,20Y,,2026,6.305580460
baseline,swap_rate,level,pct,INR,20Y,,2027,6.305580460
starting_point,swap_rate,level,pct,INR,20Y,,2024,6.134045455
starting_point_average,swap_rate,level,pct,INR,20Y,,2024,6.305580460
adverse,swap_rate,level,pct,INR,2Y,,2025,8.082503449
adverse,swap_rate,level,pct,INR,2Y,,2026,7.976184485
adverse,swap_rate,level,pct,INR,2Y,,2027,7.877548868
baseline,swap_rate,level,pct,INR,2Y,,2025,6.346183969
baseline,swap_rate,level,pct,INR,2Y,,2026,6.346183969
baseline,swap_rate,level,pct,INR,2Y,,2027,6.346183969
starting_point,swap_rate,level,pct,INR,2Y,,2024,6.160600000
starting_point_average,swap_rate,level,pct,INR,2Y,,2024,6.346183969
adverse,swap_rate,level,pct,INR,30Y,,2025,7.596521365
adverse,swap_rate,level,pct,INR,30Y,,2026,7.503229000
adverse,swap_rate,level,pct,INR,30Y,,2027,7.416678589
baseline,swap_rate,level,pct,INR,30Y,,2025,6.305580460
baseline,swap_rate,level,pct,INR,30Y,,2026,6.305580460
baseline,swap_rate,level,pct,INR,30Y,,2027,6.305580460
starting_point,swap_rate,level,pct,INR,30Y,,2024,6.134045455
starting_point_average,swap_rate,level,pct,INR,30Y,,2024,6.305580460
adverse,swap_rate,level,pct,INR,3M,,2025,8.188812030
adverse,swap_rate,level,pct,INR,3M,,2026,8.079643497
adverse,swap_rate,level,pct,INR,3M,,2027,7.978364242
baseline,swap_rate,level,pct,INR,3M,,2025,6.678183333
baseline,swap_rate,level,pct,INR,3M,,2026,6.678183333
baseline,swap_rate,level,pct,INR,3M,,2027,6.678183333
starting_point,swap_rate,level,pct,INR,3M,,2024,6.607159091
starting_point_average,swap_rate,level,pct,INR,3M,,2024,6.678183333
adverse,swap_rate,level,pct,INR,3Y,,2025,8.021755689
adverse,swap_rate,level,pct,INR,3Y,,2026,7.917065049
adverse,swap_rate,level,pct,INR,3Y,,2027,7.819940083
baseline,swap_rate,level,pct,INR,3Y,,2025,6.287238314
baseline,swap_rate,level,pct,INR,3Y,,2026,6.287238314
baseline,swap_rate,level,pct,INR,3Y,,2027,6.287238314
starting_point,swap_rate,level,pct,INR,3Y,,2024,6.117454545
starting_point_average,swap_rate,level,pct,INR,3Y,,2024,6.287238314
adverse,swap_rate,level,pct,INR,5Y,,2025,7.900260168
adverse,swap_rate,level,pct,INR,5Y,,2026,7.798826178
adverse,swap_rate,level,pct,INR,5Y,,2027,7.704722514
baseline,swap_rate,level,pct,INR,5Y,,2025,6.262324427
baseline,swap_rate,level,pct,INR,5Y,,2026,6.262324427
baseline,swap_rate,level,pct,INR,5Y,,2027,6.262324427
starting_point,swap_rate,level,pct,INR,5Y,,2024,6.107409091
starting_point_average,swap_rate,level,pct,INR,5Y,,2024,6.262324427
adverse,swap_rate,level,pct,INR,7Y,,2025,7.778764647
adverse,swap_rate,level,pct,INR,7Y,,2026,7.680587307
adverse,swap_rate,level,pct,INR,7Y,,2027,7.589504944
baseline,swap_rate,level,pct,INR,7Y,,2025,6.289975573
baseline,swap_rate,level,pct,INR,7Y,,2026,6.289975573
baseline,swap_rate,level,pct,INR,7Y,,2027,6.289975573
starting_point,swap_rate,level,pct,INR,7Y,,2024,6.123636364
starting_point_average,swap_rate,level,pct,INR,7Y,,2024,6.289975573
adverse,swap_rate,level,pct,JPY,10Y,,2025,1.595885049
adverse,swap_rate,level,pct,JPY,10Y,,2026,1.752939605
adverse,swap_rate,level,pct,JPY,10Y,,2027,1.781660322
baseline,swap_rate,level,pct,JPY,10Y,,2025,1.463820720
baseline,swap_rate,level,pct,JPY,10Y,,2026,1.630419163
baseline,swap_rate,level,pct,JPY,10Y,,2027,1.667994059
starting_point,swap_rate,level,pct,JPY,10Y,,2024,1.037465909
starting_point_average,swap_rate,level,pct,JPY,10Y,,2024,0.945036794
adverse,swap_rate,level,pct,JPY,1M,,2025,0.854145282
adverse,swap_rate,level,pct,JPY,1M,,2026,1.006100874
adverse,swap_rate,level,pct,JPY,1M,,2027,1.030091114
baseline,swap_rate,level,pct,JPY,1M,,2025,0.651523615
baseline,swap_rate,level,pct,JPY,1M,,2026,0.818122058
baseline,swap_rate,level,pct,JPY,1M,,2027,0.855696954
starting_point,swap_rate,level,pct,JPY,1M,,2024,0.261462273
starting_point_average,swap_rate,level,pct,JPY,1M,,2024,0.132739689
adverse,swap_rate,level,pct,JPY,1Y,,2025,0.937892085
adverse,swap_rate,level,pct,JPY,1Y,,2026,1.090239906
adverse,swap_rate,level,pct,JPY,1Y,,2027,1.114594028
baseline,swap_rate,level,pct,JPY,1Y,,2025,0.807975987
baseline,swap_rate,level,pct,JPY,1Y,,2026,0.974574430
baseline,swap_rate,level,pct,JPY,1Y,,2027,1.012149326
starting_point,swap_rate,level,pct,JPY,1Y,,2024,0.516318182
starting_point_average,swap_rate,level,pct,JPY,1Y,,2024,0.289192061
adverse,swap_rate,level,pct,JPY,20Y,,2025,2.112680030
adverse,swap_rate,level,pct,JPY,20Y,,2026,2.269734586
adverse,swap_rate,level,pct,JPY,20Y,,2027,2.298455303
baseline,swap_rate,level,pct,JPY,20Y,,2025,1.980615701
baseline,swap_rate,level,pct,JPY,20Y,,2026,2.147214144
baseline,swap_rate,level,pct,JPY,20Y,,2027,2.184789040
starting_point,swap_rate,level,pct,JPY,20Y,,2024,1.585342727
starting_point_average,swap_rate,level,pct,JPY,20Y,,2024,1.461831775
adverse,swap_rate,level,pct,JPY,2Y,,2025,1.011002414
adverse,swap_rate,level,pct,JPY,2Y,,2026,1.163873206
adverse,swap_rate,level,pct,JPY,2Y,,2027,1.188712505
baseline,swap_rate,level,pct,JPY,2Y,,2025,0.925456541
baseline,swap_rate,level,pct,JPY,2Y,,2026,1.092054984
baseline,swap_rate,level,pct,JPY,2Y,,2027,1.129629880
starting_point,swap_rate,level,pct,JPY,2Y,,2024,0.634284091
starting_point_average,swap_rate,level,pct,JPY,2Y,,2024,0.406672615
adverse,swap_rate,level,pct,JPY,30Y,,2025,2.293427072
adverse,swap_rate,level,pct,JPY,30Y,,2026,2.450481628
adverse,swap_rate,level,pct,JPY,30Y,,2027,2.479202345
baseline,swap_rate,level,pct,JPY,30Y,,2025,2.161362743
baseline,swap_rate,level,pct,JPY,30Y,,2026,2.327961186
baseline,swap_rate,level,pct,JPY,30Y,,2027,2.365536082
starting_point,swap_rate,level,pct,JPY,30Y,,2024,1.817556818
starting_point_average,swap_rate,level,pct,JPY,30Y,,2024,1.642578817
adverse,swap_rate,level,pct,JPY,3M,,2025,0.883059338
adverse,swap_rate,level,pct,JPY,3M,,2026,1.035014931
adverse,swap_rate,level,pct,JPY,3M,,2027,1.059005171
baseline,swap_rate,level,pct,JPY,3M,,2025,0.680437672
baseline,swap_rate,level,pct,JPY,3M,,2026,0.847036115
baseline,swap_rate,level,pct,JPY,3M,,2027,0.884611011
starting_point,swap_rate,level,pct,JPY,3M,,2024,0.333871364
starting_point_average,swap_rate,level,pct,JPY,3M,,2024,0.161653745
adverse,swap_rate,level,pct,JPY,3Y,,2025,1.084112744
adverse,swap_rate,level,pct,JPY,3Y,,2026,1.237506506
adverse,swap_rate,level,pct,JPY,3Y,,2027,1.262830983
baseline,swap_rate,level,pct,JPY,3Y,,2025,1.006465110
baseline,swap_rate,level,pct,JPY,3Y,,2026,1.173063553
baseline,swap_rate,level,pct,JPY,3Y,,2027,1.210638449
starting_point,swap_rate,level,pct,JPY,3Y,,2024,0.701931818
starting_point_average,swap_rate,level,pct,JPY,3Y,,2024,0.487681183
adverse,swap_rate,level,pct,JPY,5Y,,2025,1.230333402
adverse,swap_rate,level,pct,JPY,5Y,,2026,1.384773105
adverse,swap_rate,level,pct,JPY,5Y,,2027,1.411067937
baseline,swap_rate,level,pct,JPY,5Y,,2025,1.131262972
baseline,swap_rate,level,pct,JPY,5Y,,2026,1.297861415
baseline,swap_rate,level,pct,JPY,5Y,,2027,1.335436311
starting_point,swap_rate,level,pct,JPY,5Y,,2024,0.783670455
starting_point_average,swap_rate,level,pct,JPY,5Y,,2024,0.612479046
adverse,swap_rate,level,pct,JPY,7Y,,2025,1.376554061
adverse,swap_rate,level,pct,JPY,7Y,,2026,1.532039705
adverse,swap_rate,level,pct,JPY,7Y,,2027,1.559304891
baseline,swap_rate,level,pct,JPY,7Y,,2025,1.263421980
baseline,swap_rate,level,pct,JPY,7Y,,2026,1.430020423
baseline,swap_rate,level,pct,JPY,7Y,,2027,1.467595319
starting_point,swap_rate,level,pct,JPY,7Y,,2024,0.875931818
starting_point_average,swap_rate,level,pct,JPY,7Y,,2024,0.744638053
adverse,swap_rate,level,pct,MXN,10Y,,2025,8.732002373
adverse,swap_rate,level,pct,MXN,10Y,,2026,6.466385169
adverse,swap_rate,level,pct,MXN,10Y,,2027,5.802421599
baseline,swap_rate,level,pct,MXN,10Y,,2025,7.218624543
baseline,swap_rate,level,pct,MXN,10Y,,2026,5.062374543
baseline,swap_rate,level,pct,MXN,10Y,,2027,4.499874543
starting_point,swap_rate,level,pct,MXN,10Y,,2024,9.260454545
starting_point_average,swap_rate,level,pct,MXN,10Y,,2024,9.063244275
adverse,swap_rate,level,pct,MXN,1M,,2025,10.994047766
adverse,swap_rate,level,pct,MXN,1M,,2026,8.711700645
adverse,swap_rate,level,pct,MXN,1M,,2027,8.032216179
baseline,swap_rate,level,pct,MXN,1M,,2025,9.249168316
baseline,swap_rate,level,pct,MXN,1M,,2026,7.092918316
baseline,swap_rate,level,pct,MXN,1M,,2027,6.530418316
starting_point,swap_rate,level,pct,MXN,1M,,2024,10.369220000
starting_point_average,swap_rate,level,pct,MXN,1M,,2024,11.093788048
adverse,swap_rate,level,pct,MXN,1Y,,2025,10.732735060
adverse,swap_rate,level,pct,MXN,1Y,,2026,8.451674856
adverse,swap_rate,level,pct,MXN,1Y,,2027,7.773384304
baseline,swap_rate,level,pct,MXN,1Y,,2025,8.592695211
baseline,swap_rate,level,pct,MXN,1Y,,2026,6.436445211
baseline,swap_rate,level,pct,MXN,1Y,,2027,5.873945211
starting_point,swap_rate,level,pct,MXN,1Y,,2024,9.563904545
starting_point_average,swap_rate,level,pct,MXN,1Y,,2024,10.437314943
adverse,swap_rate,level,pct,MXN,20Y,,2025,8.827726944
adverse,swap_rate,level,pct,MXN,20Y,,2026,6.562109740
adverse,swap_rate,level,pct,MXN,20Y,,2027,5.898146170
baseline,swap_rate,level,pct,MXN,20Y,,2025,7.314349114
baseline,swap_rate,level,pct,MXN,20Y,,2026,5.158099114
baseline,swap_rate,level,pct,MXN,20Y,,2027,4.595599114
starting_point,swap_rate,level,pct,MXN,20Y,,2024,9.433590909
starting_point_average,swap_rate,level,pct,MXN,20Y,,2024,9.158968846
adverse,swap_rate,level,pct,MXN,2Y,,2025,10.510431428
adverse,swap_rate,level,pct,MXN,2Y,,2026,8.231087113
adverse,swap_rate,level,pct,MXN,2Y,,2027,7.554388448
baseline,swap_rate,level,pct,MXN,2Y,,2025,7.947945785
baseline,swap_rate,level,pct,MXN,2Y,,2026,5.791695785
baseline,swap_rate,level,pct,MXN,2Y,,2027,5.229195785
starting_point,swap_rate,level,pct,MXN,2Y,,2024,9.243227273
starting_point_average,swap_rate,level,pct,MXN,2Y,,2024,9.792565517
adverse,swap_rate,level,pct,MXN,30Y,,2025,8.827726944
adverse,swap_rate,level,pct,MXN,30Y,,2026,6.562109740
adverse,swap_rate,level,pct,MXN,30Y,,2027,5.898146170
baseline,swap_rate,level,pct,MXN,30Y,,2025,7.314349114
baseline,swap_rate,level,pct,MXN,30Y,,2026,5.158099114
baseline,swap_rate,level,pct,MXN,30Y,,2027,4.595599114
starting_point,swap_rate,level,pct,MXN,30Y,,2024,9.433590909
starting_point_average,swap_rate,level,pct,MXN,30Y,,2024,9.158968846
adverse,swap_rate,level,pct,MXN,3M,,2025,10.899462784
adverse,swap_rate,level,pct,MXN,3M,,2026,8.617115663
adverse,swap_rate,level,pct,MXN,3M,,2027,7.937631197
baseline,swap_rate,level,pct,MXN,3M,,2025,9.154583333
baseline,swap_rate,level,pct,MXN,3M,,2026,6.998333333
baseline,swap_rate,level,pct,MXN,3M,,2027,6.435833333
starting_point,swap_rate,level,pct,MXN,3M,,2024,10.179136364
starting_point_average,swap_rate,level,pct,MXN,3M,,2024,10.999203065
adverse,swap_rate,level,pct,MXN,3Y,,2025,10.288127796
adverse,swap_rate,level,pct,MXN,3Y,,2026,8.010499370
adverse,swap_rate,level,pct,MXN,3Y,,2027,7.335392592
baseline,swap_rate,level,pct,MXN,3Y,,2025,7.553651261
baseline,swap_rate,level,pct,MXN,3Y,,2026,5.397401261
baseline,swap_rate,level,pct,MXN,3Y,,2027,4.834901261
starting_point,swap_rate,level,pct,MXN,3Y,,2024,9.158181818
starting_point_average,swap_rate,level,pct,MXN,3Y,,2024,9.398270992
adverse,swap_rate,level,pct,MXN,5Y,,2025,9.843520532
adverse,swap_rate,level,pct,MXN,5Y,,2026,7.569323884
adverse,swap_rate,level,pct,MXN,5Y,,2027,6.897400880
baseline,swap_rate,level,pct,MXN,5Y,,2025,7.273774543
baseline,swap_rate,level,pct,MXN,5Y,,2026,5.117524543
baseline,swap_rate,level,pct,MXN,5Y,,2027,4.555024543
starting_point,swap_rate,level,pct,MXN,5Y,,2024,9.147309091
starting_point_average,swap_rate,level,pct,MXN,5Y,,2024,9.118394275
adverse,swap_rate,level,pct,MXN,7Y,,2025,9.398913268
adverse,swap_rate,level,pct,MXN,7Y,,2026,7.128148398
adverse,swap_rate,level,pct,MXN,7Y,,2027,6.459409167
baseline,swap_rate,level,pct,MXN,7Y,,2025,7.190387520
baseline,swap_rate,level,pct,MXN,7Y,,2026,5.034137520
baseline,swap_rate,level,pct,MXN,7Y,,2027,4.471637520
starting_point,swap_rate,level,pct,MXN,7Y,,2024,9.128181818
starting_point_average,swap_rate,level,pct,MXN,7Y,,2024,9.035007252
adverse,swap_rate,level,pct,NOK,10Y,,2025,4.088753652
adverse,swap_rate,level,pct,NOK,10Y,,2026,3.678338607
adverse,swap_rate,level,pct,NOK,10Y,,2027,3.447289574
baseline,swap_rate,level,pct,NOK,10Y,,2025,3.252755420
baseline,swap_rate,level,pct,NOK,10Y,,2026,2.902755420
baseline,swap_rate,level,pct,NOK,10Y,,2027,2.727755420
starting_point,swap_rate,level,pct,NOK,10Y,,2024,3.795568182
starting_point_average,swap_rate,level,pct,NOK,10Y,,2024,3.712095420
adverse,swap_rate,level,pct,NOK,1M,,2025,5.113972268
adverse,swap_rate,level,pct,NOK,1M,,2026,4.249065304
adverse,swap_rate,level,pct,NOK,1M,,2027,3.788848969
baseline,swap_rate,level,pct,NOK,1M,,2025,4.215816733
baseline,swap_rate,level,pct,NOK,1M,,2026,3.415816733
baseline,swap_rate,level,pct,NOK,1M,,2027,3.015816733
starting_point,swap_rate,level,pct,NOK,1M,,2024,4.640526316
starting_point_average,swap_rate,level,pct,NOK,1M,,2024,4.632390438
adverse,swap_rate,level,pct,NOK,1Y,,2025,5.112816928
adverse,swap_rate,level,pct,NOK,1Y,,2026,4.282870882
adverse,swap_rate,level,pct,NOK,1Y,,2027,3.840282800
baseline,swap_rate,level,pct,NOK,1Y,,2025,4.219442725
baseline,swap_rate,level,pct,NOK,1Y,,2026,3.454058109
baseline,swap_rate,level,pct,NOK,1Y,,2027,3.071365802
starting_point,swap_rate,level,pct,NOK,1Y,,2024,4.484700000
starting_point_average,swap_rate,level,pct,NOK,1Y,,2024,4.663494208
adverse,swap_rate,level,pct,NOK,20Y,,2025,3.861542965
adverse,swap_rate,level,pct,NOK,20Y,,2026,3.451127920
adverse,swap_rate,level,pct,NOK,20Y,,2027,3.220078887
baseline,swap_rate,level,pct,NOK,20Y,,2025,3.025544733
baseline,swap_rate,level,pct,NOK,20Y,,2026,2.675544733
baseline,swap_rate,level,pct,NOK,20Y,,2027,2.500544733
starting_point,swap_rate,level,pct,NOK,20Y,,2024,3.625045455
starting_point_average,swap_rate,level,pct,NOK,20Y,,2024,3.484884733
adverse,swap_rate,level,pct,NOK,2Y,,2025,4.999032120
adverse,swap_rate,level,pct,NOK,2Y,,2026,4.215700629
adverse,swap_rate,level,pct,NOK,2Y,,2027,3.796616886
baseline,swap_rate,level,pct,NOK,2Y,,2025,4.112033024
baseline,swap_rate,level,pct,NOK,2Y,,2026,3.392802255
baseline,swap_rate,level,pct,NOK,2Y,,2027,3.033186870
starting_point,swap_rate,level,pct,NOK,2Y,,2024,4.137227273
starting_point_average,swap_rate,level,pct,NOK,2Y,,2024,4.235020992
adverse,swap_rate,level,pct,NOK,30Y,,2025,3.555487622
adverse,swap_rate,level,pct,NOK,30Y,,2026,3.145072577
adverse,swap_rate,level,pct,NOK,30Y,,2027,2.914023543
baseline,swap_rate,level,pct,NOK,30Y,,2025,2.719489389
baseline,swap_rate,level,pct,NOK,30Y,,2026,2.369489389
baseline,swap_rate,level,pct,NOK,30Y,,2027,2.194489389
starting_point,swap_rate,level,pct,NOK,30Y,,2024,3.360590909
starting_point_average,swap_rate,level,pct,NOK,30Y,,2024,3.178829389
adverse,swap_rate,level,pct,NOK,3M,,2025,5.198155535
adverse,swap_rate,level,pct,NOK,3M,,2026,4.333248571
adverse,swap_rate,level,pct,NOK,3M,,2027,3.873032236
baseline,swap_rate,level,pct,NOK,3M,,2025,4.300000000
baseline,swap_rate,level,pct,NOK,3M,,2026,3.500000000
baseline,swap_rate,level,pct,NOK,3M,,2027,3.100000000
starting_point,swap_rate,level,pct,NOK,3M,,2024,4.679473684
starting_point_average,swap_rate,level,pct,NOK,3M,,2024,4.716573705
adverse,swap_rate,level,pct,NOK,3Y,,2025,4.885247312
adverse,swap_rate,level,pct,NOK,3Y,,2026,4.148530376
adverse,swap_rate,level,pct,NOK,3Y,,2027,3.752950972
baseline,swap_rate,level,pct,NOK,3Y,,2025,4.004623324
baseline,swap_rate,level,pct,NOK,3Y,,2026,3.331546400
baseline,swap_rate,level,pct,NOK,3Y,,2027,2.995007939
starting_point,swap_rate,level,pct,NOK,3Y,,2024,3.997500000
starting_point_average,swap_rate,level,pct,NOK,3Y,,2024,4.024574427
adverse,swap_rate,level,pct,NOK,5Y,,2025,4.657677695
adverse,swap_rate,level,pct,NOK,5Y,,2026,4.014189871
adverse,swap_rate,level,pct,NOK,5Y,,2027,3.665619144
baseline,swap_rate,level,pct,NOK,5Y,,2025,3.789803922
baseline,swap_rate,level,pct,NOK,5Y,,2026,3.209034692
baseline,swap_rate,level,pct,NOK,5Y,,2027,2.918650076
starting_point,swap_rate,level,pct,NOK,5Y,,2024,3.864750000
starting_point_average,swap_rate,level,pct,NOK,5Y,,2024,3.827994275
adverse,swap_rate,level,pct,NOK,7Y,,2025,4.430108078
adverse,swap_rate,level,pct,NOK,7Y,,2026,3.879849366
adverse,swap_rate,level,pct,NOK,7Y,,2027,3.578287316
baseline,swap_rate,level,pct,NOK,7Y,,2025,3.574984521
baseline,swap_rate,level,pct,NOK,7Y,,2026,3.086522983
baseline,swap_rate,level,pct,NOK,7Y,,2027,2.842292214
starting_point,swap_rate,level,pct,NOK,7Y,,2024,3.813386364
starting_point_average,swap_rate,level,pct,NOK,7Y,,2024,3.748700382
adverse,swap_rate,level,pct,NZD,10Y,,2025,3.975230361
adverse,swap_rate,level,pct,NZD,10Y,,2026,3.542184509
adverse,swap_rate,level,pct,NZD,10Y,,2027,3.488333454
baseline,swap_rate,level,pct,NZD,10Y,,2025,3.172016031
baseline,swap_rate,level,pct,NZD,10Y,,2026,2.797016031
baseline,swap_rate,level,pct,NZD,10Y,,2027,2.797016031
starting_point,swap_rate,level,pct,NZD,10Y,,2024,3.982690909
starting_point_average,swap_rate,level,pct,NZD,10Y,,2024,4.293569466
adverse,swap_rate,level,pct,NZD,1M,,2025,5.524336501
adverse,swap_rate,level,pct,NZD,1M,,2026,5.044836815
adverse,swap_rate,level,pct,NZD,1M,,2027,4.947889003
baseline,swap_rate,level,pct,NZD,1M,,2025,4.078313359
baseline,swap_rate,level,pct,NZD,1M,,2026,3.703313359
baseline,swap_rate,level,pct,NZD,1M,,2027,3.703313359
starting_point,swap_rate,level,pct,NZD,1M,,2024,4.257422727
starting_point_average,swap_rate,level,pct,NZD,1M,,2024,5.199866794
adverse,swap_rate,level,pct,NZD,1Y,,2025,5.337500621
adverse,swap_rate,level,pct,NZD,1Y,,2026,4.861574306
adverse,swap_rate,level,pct,NZD,1Y,,2027,4.767941629
baseline,swap_rate,level,pct,NZD,1Y,,2025,3.711330153
baseline,swap_rate,level,pct,NZD,1Y,,2026,3.336330153
baseline,swap_rate,level,pct,NZD,1Y,,2027,3.336330153
starting_point,swap_rate,level,pct,NZD,1Y,,2024,3.704972727
starting_point_average,swap_rate,level,pct,NZD,1Y,,2024,4.832883588
adverse,swap_rate,level,pct,NZD,20Y,,2025,4.236340666
adverse,swap_rate,level,pct,NZD,20Y,,2026,3.803294814
adverse,swap_rate,level,pct,NZD,20Y,,2027,3.749443759
baseline,swap_rate,level,pct,NZD,20Y,,2025,3.433126336
baseline,swap_rate,level,pct,NZD,20Y,,2026,3.058126336
baseline,swap_rate,level,pct,NZD,20Y,,2027,3.058126336
starting_point,swap_rate,level,pct,NZD,20Y,,2024,4.333386364
starting_point_average,swap_rate,level,pct,NZD,20Y,,2024,4.554679771
adverse,swap_rate,level,pct,NZD,2Y,,2025,5.186137259
adverse,swap_rate,level,pct,NZD,2Y,,2026,4.714975440
adverse,swap_rate,level,pct,NZD,2Y,,2027,4.625762943
baseline,swap_rate,level,pct,NZD,2Y,,2025,3.283960687
baseline,swap_rate,level,pct,NZD,2Y,,2026,2.908960687
baseline,swap_rate,level,pct,NZD,2Y,,2027,2.908960687
starting_point,swap_rate,level,pct,NZD,2Y,,2024,3.528577273
starting_point_average,swap_rate,level,pct,NZD,2Y,,2024,4.405514122
adverse,swap_rate,level,pct,NZD,30Y,,2025,4.236340666
adverse,swap_rate,level,pct,NZD,30Y,,2026,3.803294814
adverse,swap_rate,level,pct,NZD,30Y,,2027,3.749443759
baseline,swap_rate,level,pct,NZD,30Y,,2025,3.433126336
baseline,swap_rate,level,pct,NZD,30Y,,2026,3.058126336
baseline,swap_rate,level,pct,NZD,30Y,,2027,3.058126336
starting_point,swap_rate,level,pct,NZD,30Y,,2024,4.333386364
starting_point_average,swap_rate,level,pct,NZD,30Y,,2024,4.554679771
adverse,swap_rate,level,pct,NZD,3M,,2025,5.451023142
adverse,swap_rate,level,pct,NZD,3M,,2026,4.971523456
adverse,swap_rate,level,pct,NZD,3M,,2027,4.874575644
baseline,swap_rate,level,pct,NZD,3M,,2025,4.005000000
baseline,swap_rate,level,pct,NZD,3M,,2026,3.630000000
baseline,swap_rate,level,pct,NZD,3M,,2027,3.630000000
starting_point,swap_rate,level,pct,NZD,3M,,2024,4.110163636
starting_point_average,swap_rate,level,pct,NZD,3M,,2024,5.126553435
adverse,swap_rate,level,pct,NZD,3Y,,2025,5.034773896
adverse,swap_rate,level,pct,NZD,3Y,,2026,4.568376574
adverse,swap_rate,level,pct,NZD,3Y,,2027,4.483584257
baseline,swap_rate,level,pct,NZD,3Y,,2025,3.082845802
baseline,swap_rate,level,pct,NZD,3Y,,2026,2.707845802
baseline,swap_rate,level,pct,NZD,3Y,,2027,2.707845802
starting_point,swap_rate,level,pct,NZD,3Y,,2024,3.507809091
starting_point_average,swap_rate,level,pct,NZD,3Y,,2024,4.204399237
adverse,swap_rate,level,pct,NZD,5Y,,2025,4.732047172
adverse,swap_rate,level,pct,NZD,5Y,,2026,4.275178841
adverse,swap_rate,level,pct,NZD,5Y,,2027,4.199226885
baseline,swap_rate,level,pct,NZD,5Y,,2025,2.996698855
baseline,swap_rate,level,pct,NZD,5Y,,2026,2.621698855
baseline,swap_rate,level,pct,NZD,5Y,,2027,2.621698855
starting_point,swap_rate,level,pct,NZD,5Y,,2024,3.625036364
starting_point_average,swap_rate,level,pct,NZD,5Y,,2024,4.118252290
adverse,swap_rate,level,pct,NZD,7Y,,2025,4.429320448
adverse,swap_rate,level,pct,NZD,7Y,,2026,3.981981108
adverse,swap_rate,level,pct,NZD,7Y,,2027,3.914869512
baseline,swap_rate,level,pct,NZD,7Y,,2025,3.054191985
baseline,swap_rate,level,pct,NZD,7Y,,2026,2.679191985
baseline,swap_rate,level,pct,NZD,7Y,,2027,2.679191985
starting_point,swap_rate,level,pct,NZD,7Y,,2024,3.792331818
starting_point_average,swap_rate,level,pct,NZD,7Y,,2024,4.175745420
adverse,swap_rate,level,pct,PLN,10Y,,2025,5.608142974
adverse,swap_rate,level,pct,PLN,10Y,,2026,5.745770034
adverse,swap_rate,level,pct,PLN,10Y,,2027,5.774428021
baseline,swap_rate,level,pct,PLN,10Y,,2025,4.719896791
baseline,swap_rate,level,pct,PLN,10Y,,2026,5.016377798
baseline,swap_rate,level,pct,PLN,10Y,,2027,5.175480292
starting_point,swap_rate,level,pct,PLN,10Y,,2024,4.973645455
starting_point_average,swap_rate,level,pct,PLN,10Y,,2024,4.902030534
adverse,swap_rate,level,pct,PLN,1M,,2025,6.622975414
adverse,swap_rate,level,pct,PLN,1M,,2026,5.460811277
adverse,swap_rate,level,pct,PLN,1M,,2027,5.144820974
baseline,swap_rate,level,pct,PLN,1M,,2025,5.101145079
baseline,swap_rate,level,pct,PLN,1M,,2026,4.211145079
baseline,swap_rate,level,pct,PLN,1M,,2027,4.118645079
starting_point,swap_rate,level,pct,PLN,1M,,2024,5.726000000
starting_point_average,swap_rate,level,pct,PLN,1M,,2024,5.736865079
adverse,swap_rate,level,pct,PLN,1Y,,2025,6.562315922
adverse,swap_rate,level,pct,PLN,1Y,,2026,5.500135723
adverse,swap_rate,level,pct,PLN,1Y,,2027,5.210656827
baseline,swap_rate,level,pct,PLN,1Y,,2025,5.089222830
baseline,swap_rate,level,pct,PLN,1Y,,2026,4.290490600
baseline,swap_rate,level,pct,PLN,1Y,,2027,4.217344638
starting_point,swap_rate,level,pct,PLN,1Y,,2024,5.585031818
starting_point_average,swap_rate,level,pct,PLN,1Y,,2024,5.679591954
adverse,swap_rate,level,pct,PLN,20Y,,2025,5.929942593
adverse,swap_rate,level,pct,PLN,20Y,,2026,6.067569652
adverse,swap_rate,level,pct,PLN,20Y,,2027,6.096227640
baseline,swap_rate,level,pct,PLN,20Y,,2025,5.041696409
baseline,swap_rate,level,pct,PLN,20Y,,2026,5.338177416
baseline,swap_rate,level,pct,PLN,20Y,,2027,5.497279911
starting_point,swap_rate,level,pct,PLN,20Y,,2024,5.273209091
starting_point_average,swap_rate,level,pct,PLN,20Y,,2024,5.223830153
adverse,swap_rate,level,pct,PLN,2Y,,2025,6.456296706
adverse,swap_rate,level,pct,PLN,2Y,,2026,5.527428424
adverse,swap_rate,level,pct,PLN,2Y,,2027,5.273298071
baseline,swap_rate,level,pct,PLN,2Y,,2025,5.048186603
baseline,swap_rate,level,pct,PLN,2Y,,2026,4.371144733
baseline,swap_rate,level,pct,PLN,2Y,,2027,4.323804155
starting_point,swap_rate,level,pct,PLN,2Y,,2024,5.118381818
starting_point_average,swap_rate,level,pct,PLN,2Y,,2024,5.217929771
adverse,swap_rate,level,pct,PLN,30Y,,2025,5.968688776
adverse,swap_rate,level,pct,PLN,30Y,,2026,6.106315835
adverse,swap_rate,level,pct,PLN,30Y,,2027,6.134973823
baseline,swap_rate,level,pct,PLN,30Y,,2025,5.080442592
baseline,swap_rate,level,pct,PLN,30Y,,2026,5.376923599
baseline,swap_rate,level,pct,PLN,30Y,,2027,5.536026094
starting_point,swap_rate,level,pct,PLN,30Y,,2024,5.104886364
starting_point_average,swap_rate,level,pct,PLN,30Y,,2024,5.262576336
adverse,swap_rate,level,pct,PLN,3M,,2025,6.641830334
adverse,swap_rate,level,pct,PLN,3M,,2026,5.479666197
adverse,swap_rate,level,pct,PLN,3M,,2027,5.163675895
baseline,swap_rate,level,pct,PLN,3M,,2025,5.120000000
baseline,swap_rate,level,pct,PLN,3M,,2026,4.230000000
baseline,swap_rate,level,pct,PLN,3M,,2027,4.137500000
starting_point,swap_rate,level,pct,PLN,3M,,2024,5.752500000
starting_point_average,swap_rate,level,pct,PLN,3M,,2024,5.755720000
adverse,swap_rate,level,pct,PLN,3Y,,2025,6.350277489
adverse,swap_rate,level,pct,PLN,3Y,,2026,5.554721126
adverse,swap_rate,level,pct,PLN,3Y,,2027,5.335939315
baseline,swap_rate,level,pct,PLN,3Y,,2025,5.007150377
baseline,swap_rate,level,pct,PLN,3Y,,2026,4.451798866
baseline,swap_rate,level,pct,PLN,3Y,,2027,4.430263672
starting_point,swap_rate,level,pct,PLN,3Y,,2024,4.901163636
starting_point_average,swap_rate,level,pct,PLN,3Y,,2024,4.942278244
adverse,swap_rate,level,pct,PLN,5Y,,2025,6.138239056
adverse,swap_rate,level,pct,PLN,5Y,,2026,5.609306528
adverse,swap_rate,level,pct,PLN,5Y,,2027,5.461221802
baseline,swap_rate,level,pct,PLN,5Y,,2025,4.925077924
baseline,swap_rate,level,pct,PLN,5Y,,2026,4.613107132
baseline,swap_rate,level,pct,PLN,5Y,,2027,4.643182707
starting_point,swap_rate,level,pct,PLN,5Y,,2024,4.829031818
starting_point_average,swap_rate,level,pct,PLN,5Y,,2024,4.799376336
adverse,swap_rate,level,pct,PLN,7Y,,2025,5.926200624
adverse,swap_rate,level,pct,PLN,7Y,,2026,5.663891930
adverse,swap_rate,level,pct,PLN,7Y,,2027,5.586504290
baseline,swap_rate,level,pct,PLN,7Y,,2025,4.843005470
baseline,swap_rate,level,pct,PLN,7Y,,2026,4.774415398
baseline,swap_rate,level,pct,PLN,7Y,,2027,4.856101741
starting_point,swap_rate,level,pct,PLN,7Y,,2024,4.875018182
starting_point_average,swap_rate,level,pct,PLN,7Y,,2024,4.814918702
adverse,swap_rate,level,pct,RON,10Y,,2025,6.246622574
adverse,swap_rate,level,pct,RON,10Y,,2026,6.145251858
adverse,swap_rate,level,pct,RON,10Y,,2027,6.040461301
baseline,swap_rate,level,pct,RON,10Y,,2025,5.268199483
baseline,swap_rate,level,pct,RON,10Y,,2026,5.341809951
baseline,swap_rate,level,pct,RON,10Y,,2027,5.380706945
starting_point,swap_rate,level,pct,RON,10Y,,2024,5.599545455
starting_point_average,swap_rate,level,pct,RON,10Y,,2024,5.064351145
adverse,swap_rate,level,pct,RON,1M,,2025,6.948629919
adverse,swap_rate,level,pct,RON,1M,,2026,6.094058808
adverse,swap_rate,level,pct,RON,1M,,2027,5.870568505
baseline,swap_rate,level,pct,RON,1M,,2025,5.426799584
baseline,swap_rate,level,pct,RON,1M,,2026,4.844392611
baseline,swap_rate,level,pct,RON,1M,,2027,4.844392611
starting_point,swap_rate,level,pct,RON,1M,,2024,5.649500000
starting_point_average,swap_rate,level,pct,RON,1M,,2024,5.681746032
adverse,swap_rate,level,pct,RON,1Y,,2025,6.936717266
adverse,swap_rate,level,pct,RON,1Y,,2026,6.140084647
adverse,swap_rate,level,pct,RON,1Y,,2027,5.925725094
baseline,swap_rate,level,pct,RON,1Y,,2025,5.456687489
baseline,swap_rate,level,pct,RON,1Y,,2026,4.924743395
baseline,swap_rate,level,pct,RON,1Y,,2027,4.927735472
starting_point,swap_rate,level,pct,RON,1Y,,2024,5.872272727
starting_point_average,swap_rate,level,pct,RON,1Y,,2024,5.393893130
adverse,swap_rate,level,pct,RON,20Y,,2025,6.468111124
adverse,swap_rate,level,pct,RON,20Y,,2026,6.366740407
adverse,swap_rate,level,pct,RON,20Y,,2027,6.261949851
baseline,swap_rate,level,pct,RON,20Y,,2025,5.489688032
baseline,swap_rate,level,pct,RON,20Y,,2026,5.563298501
baseline,swap_rate,level,pct,RON,20Y,,2027,5.602195495
starting_point,swap_rate,level,pct,RON,20Y,,2024,5.723181818
starting_point_average,swap_rate,level,pct,RON,20Y,,2024,5.285839695
adverse,swap_rate,level,pct,RON,2Y,,2025,6.860040078
adverse,swap_rate,level,pct,RON,2Y,,2026,6.140658782
adverse,swap_rate,level,pct,RON,2Y,,2027,5.938473562
baseline,swap_rate,level,pct,RON,2Y,,2025,5.435744377
baseline,swap_rate,level,pct,RON,2Y,,2026,4.971084124
baseline,swap_rate,level,pct,RON,2Y,,2027,4.978065636
starting_point,swap_rate,level,pct,RON,2Y,,2024,5.712727273
starting_point_average,swap_rate,level,pct,RON,2Y,,2024,5.233893130
adverse,swap_rate,level,pct,RON,30Y,,2025,6.506857307
adverse,swap_rate,level,pct,RON,30Y,,2026,6.405486590
adverse,swap_rate,level,pct,RON,30Y,,2027,6.300696034
baseline,swap_rate,level,pct,RON,30Y,,2025,5.528434215
baseline,swap_rate,level,pct,RON,30Y,,2026,5.602044684
baseline,swap_rate,level,pct,RON,30Y,,2027,5.640941678
starting_point,swap_rate,level,pct,RON,30Y,,2024,5.554859091
starting_point_average,swap_rate,level,pct,RON,30Y,,2024,5.324585878
adverse,swap_rate,level,pct,RON,3M,,2025,6.994225157
adverse,swap_rate,level,pct,RON,3M,,2026,6.139654046
adverse,swap_rate,level,pct,RON,3M,,2027,5.916163744
baseline,swap_rate,level,pct,RON,3M,,2025,5.472394822
baseline,swap_rate,level,pct,RON,3M,,2026,4.889987849
baseline,swap_rate,level,pct,RON,3M,,2027,4.889987849
starting_point,swap_rate,level,pct,RON,3M,,2024,5.763000000
starting_point_average,swap_rate,level,pct,RON,3M,,2024,5.727341270
adverse,swap_rate,level,pct,RON,3Y,,2025,6.783362890
adverse,swap_rate,level,pct,RON,3Y,,2026,6.141232916
adverse,swap_rate,level,pct,RON,3Y,,2027,5.951222029
baseline,swap_rate,level,pct,RON,3Y,,2025,5.414801265
baseline,swap_rate,level,pct,RON,3Y,,2026,5.017424852
baseline,swap_rate,level,pct,RON,3Y,,2027,5.028395799
starting_point,swap_rate,level,pct,RON,3Y,,2024,5.697727273
starting_point_average,swap_rate,level,pct,RON,3Y,,2024,5.224923664
adverse,swap_rate,level,pct,RON,5Y,,2025,6.630008514
adverse,swap_rate,level,pct,RON,5Y,,2026,6.142381185
adverse,swap_rate,level,pct,RON,5Y,,2027,5.976718964
baseline,swap_rate,level,pct,RON,5Y,,2025,5.372915041
baseline,swap_rate,level,pct,RON,5Y,,2026,5.110106309
baseline,swap_rate,level,pct,RON,5Y,,2027,5.129056127
starting_point,swap_rate,level,pct,RON,5Y,,2024,5.625454545
starting_point_average,swap_rate,level,pct,RON,5Y,,2024,5.205687023
adverse,swap_rate,level,pct,RON,7Y,,2025,6.476654138
adverse,swap_rate,level,pct,RON,7Y,,2026,6.143529454
adverse,swap_rate,level,pct,RON,7Y,,2027,6.002215899
baseline,swap_rate,level,pct,RON,7Y,,2025,5.331028818
baseline,swap_rate,level,pct,RON,7Y,,2026,5.202787766
baseline,swap_rate,level,pct,RON,7Y,,2027,5.229716454
starting_point,swap_rate,level,pct,RON,7Y,,2024,5.584090909
starting_point_average,swap_rate,level,pct,RON,7Y,,2024,5.070000000
adverse,swap_rate,level,pct,RUB,10Y,,2025,14.554344729
adverse,swap_rate,level,pct,RUB,10Y,,2026,12.344108413
adverse,swap_rate,level,pct,RUB,10Y,,2027,12.334924854
baseline,swap_rate,level,pct,RUB,10Y,,2025,12.956982952
baseline,swap_rate,level,pct,RUB,10Y,,2026,10.862183104
baseline,swap_rate,level,pct,RUB,10Y,,2027,10.960093771
starting_point,swap_rate,level,pct,RUB,10Y,,2024,14.186363636
starting_point_average,swap_rate,level,pct,RUB,10Y,,2024,11.723625954
adverse,swap_rate,level,pct,RUB,1M,,2025,19.812864127
adverse,swap_rate,level,pct,RUB,1M,,2026,19.585367880
adverse,swap_rate,level,pct,RUB,1M,,2027,19.501798890
baseline,swap_rate,level,pct,RUB,1M,,2025,17.106007960
baseline,swap_rate,level,pct,RUB,1M,,2026,17.074127960
baseline,swap_rate,level,pct,RUB,1M,,2027,17.172038627
starting_point,swap_rate,level,pct,RUB,1M,,2024,21.675555556
starting_point_average,swap_rate,level,pct,RUB,1M,,2024,17.525074627
adverse,swap_rate,level,pct,RUB,1Y,,2025,19.373368375
adverse,swap_rate,level,pct,RUB,1Y,,2026,18.993353662
adverse,swap_rate,level,pct,RUB,1Y,,2027,18.915506628
baseline,swap_rate,level,pct,RUB,1Y,,2025,17.834921883
baseline,swap_rate,level,pct,RUB,1Y,,2026,15.740122036
baseline,swap_rate,level,pct,RUB,1Y,,2027,15.838032702
starting_point,swap_rate,level,pct,RUB,1Y,,2024,23.075000000
starting_point_average,swap_rate,level,pct,RUB,1Y,,2024,18.253988550
adverse,swap_rate,level,pct,RUB,20Y,,2025,14.143848546
adverse,swap_rate,level,pct,RUB,20Y,,2026,11.933612230
adverse,swap_rate,level,pct,RUB,20Y,,2027,11.924428671
baseline,swap_rate,level,pct,RUB,20Y,,2025,12.842975318
baseline,swap_rate,level,pct,RUB,20Y,,2026,10.748175471
baseline,swap_rate,level,pct,RUB,20Y,,2027,10.846086137
starting_point,swap_rate,level,pct,RUB,20Y,,2024,13.811363636
starting_point_average,swap_rate,level,pct,RUB,20Y,,2024,11.313129771
adverse,swap_rate,level,pct,RUB,2Y,,2025,18.837921304
adverse,swap_rate,level,pct,RUB,2Y,,2026,18.254548634
adverse,swap_rate,level,pct,RUB,2Y,,2027,18.184330875
baseline,swap_rate,level,pct,RUB,2Y,,2025,16.545990585
baseline,swap_rate,level,pct,RUB,2Y,,2026,14.451190738
baseline,swap_rate,level,pct,RUB,2Y,,2027,14.549101405
starting_point,swap_rate,level,pct,RUB,2Y,,2024,20.536818182
starting_point_average,swap_rate,level,pct,RUB,2Y,,2024,16.191068702
adverse,swap_rate,level,pct,RUB,30Y,,2025,14.029840912
adverse,swap_rate,level,pct,RUB,30Y,,2026,11.819604597
adverse,swap_rate,level,pct,RUB,30Y,,2027,11.810421037
baseline,swap_rate,level,pct,RUB,30Y,,2025,12.728967684
baseline,swap_rate,level,pct,RUB,30Y,,2026,10.634167837
baseline,swap_rate,level,pct,RUB,30Y,,2027,10.732078504
starting_point,swap_rate,level,pct,RUB,30Y,,2024,13.678636364
starting_point_average,swap_rate,level,pct,RUB,30Y,,2024,11.199122137
adverse,swap_rate,level,pct,RUB,3M,,2025,19.774953679
adverse,swap_rate,level,pct,RUB,3M,,2026,19.547457432
adverse,swap_rate,level,pct,RUB,3M,,2027,19.463888442
baseline,swap_rate,level,pct,RUB,3M,,2025,17.068097512
baseline,swap_rate,level,pct,RUB,3M,,2026,17.036217512
baseline,swap_rate,level,pct,RUB,3M,,2027,17.134128179
starting_point,swap_rate,level,pct,RUB,3M,,2024,21.971111111
starting_point_average,swap_rate,level,pct,RUB,3M,,2024,17.487164179
adverse,swap_rate,level,pct,RUB,3Y,,2025,18.302474232
adverse,swap_rate,level,pct,RUB,3Y,,2026,17.515743606
adverse,swap_rate,level,pct,RUB,3Y,,2027,17.453155122
baseline,swap_rate,level,pct,RUB,3Y,,2025,14.981181425
baseline,swap_rate,level,pct,RUB,3Y,,2026,12.886381578
baseline,swap_rate,level,pct,RUB,3Y,,2027,12.984292244
starting_point,swap_rate,level,pct,RUB,3Y,,2024,18.880000000
starting_point_average,swap_rate,level,pct,RUB,3Y,,2024,14.902137405
adverse,swap_rate,level,pct,RUB,5Y,,2025,17.231580088
adverse,swap_rate,level,pct,RUB,5Y,,2026,16.038133551
adverse,swap_rate,level,pct,RUB,5Y,,2027,15.990803617
baseline,swap_rate,level,pct,RUB,5Y,,2025,14.087669975
baseline,swap_rate,level,pct,RUB,5Y,,2026,11.992870127
baseline,swap_rate,level,pct,RUB,5Y,,2027,12.090780794
starting_point,swap_rate,level,pct,RUB,5Y,,2024,16.745454545
starting_point_average,swap_rate,level,pct,RUB,5Y,,2024,13.337328244
adverse,swap_rate,level,pct,RUB,7Y,,2025,16.160685944
adverse,swap_rate,level,pct,RUB,7Y,,2026,14.560523496
adverse,swap_rate,level,pct,RUB,7Y,,2027,14.528452112
baseline,swap_rate,level,pct,RUB,7Y,,2025,13.367479135
baseline,swap_rate,level,pct,RUB,7Y,,2026,11.272679288
baseline,swap_rate,level,pct,RUB,7Y,,2027,11.370589954
starting_point,swap_rate,level,pct,RUB,7Y,,2024,15.353181818
starting_point_average,swap_rate,level,pct,RUB,7Y,,2024,12.443816794
adverse,swap_rate,level,pct,RoW,10Y,,2025,4.931763207
adverse,swap_rate,level,pct,RoW,10Y,,2026,4.933420376
adverse,swap_rate,level,pct,RoW,10Y,,2027,5.005619314
baseline,swap_rate,level,pct,RoW,10Y,,2025,4.066898125
baseline,swap_rate,level,pct,RoW,10Y,,2026,4.131056458
baseline,swap_rate,level,pct,RoW,10Y,,2027,4.261239791
starting_point,swap_rate,level,pct,RoW,10Y,,2024,3.858972727
starting_point_average,swap_rate,level,pct,RoW,10Y,,2024,3.737040458
adverse,swap_rate,level,pct,RoW,1M,,2025,5.785844770
adverse,swap_rate,level,pct,RoW,1M,,2026,5.428734883
adverse,swap_rate,level,pct,RoW,1M,,2027,5.252179427
baseline,swap_rate,level,pct,RoW,1M,,2025,4.511150324
baseline,swap_rate,level,pct,RoW,1M,,2026,4.246158720
baseline,swap_rate,level,pct,RoW,1M,,2027,4.155064441
starting_point,swap_rate,level,pct,RoW,1M,,2024,4.404264762
starting_point_average,swap_rate,level,pct,RoW,1M,,2024,5.117046320
adverse,swap_rate,level,pct,RoW,1Y,,2025,5.628274360
adverse,swap_rate,level,pct,RoW,1Y,,2026,5.301372547
adverse,swap_rate,level,pct,RoW,1Y,,2027,5.146373993
baseline,swap_rate,level,pct,RoW,1Y,,2025,4.421229768
baseline,swap_rate,level,pct,RoW,1Y,,2026,4.181557389
baseline,swap_rate,level,pct,RoW,1Y,,2027,4.107484464
starting_point,swap_rate,level,pct,RoW,1Y,,2024,4.174981818
starting_point_average,swap_rate,level,pct,RoW,1Y,,2024,4.635083969
adverse,swap_rate,level,pct,RoW,20Y,,2025,4.798538032
adverse,swap_rate,level,pct,RoW,20Y,,2026,4.810255229
adverse,swap_rate,level,pct,RoW,20Y,,2027,4.891787187
baseline,swap_rate,level,pct,RoW,20Y,,2025,4.072879422
baseline,swap_rate,level,pct,RoW,20Y,,2026,4.137037756
baseline,swap_rate,level,pct,RoW,20Y,,2027,4.267221089
starting_point,swap_rate,level,pct,RoW,20Y,,2024,3.875763636
starting_point_average,swap_rate,level,pct,RoW,20Y,,2024,3.743021756
adverse,swap_rate,level,pct,RoW,2Y,,2025,5.576540267
adverse,swap_rate,level,pct,RoW,2Y,,2026,5.284290924
adverse,swap_rate,level,pct,RoW,2Y,,2027,5.152816441
baseline,swap_rate,level,pct,RoW,2Y,,2025,4.381859585
baseline,swap_rate,level,pct,RoW,2Y,,2026,4.175946175
baseline,swap_rate,level,pct,RoW,2Y,,2027,4.124568390
starting_point,swap_rate,level,pct,RoW,2Y,,2024,4.023859091
starting_point_average,swap_rate,level,pct,RoW,2Y,,2024,4.200482061
adverse,swap_rate,level,pct,RoW,30Y,,2025,4.562528252
adverse,swap_rate,level,pct,RoW,30Y,,2026,4.578912697
adverse,swap_rate,level,pct,RoW,30Y,,2027,4.664774616
baseline,swap_rate,level,pct,RoW,30Y,,2025,3.901453087
baseline,swap_rate,level,pct,RoW,30Y,,2026,3.965611420
baseline,swap_rate,level,pct,RoW,30Y,,2027,4.095794753
starting_point,swap_rate,level,pct,RoW,30Y,,2024,3.705318182
starting_point_average,swap_rate,level,pct,RoW,30Y,,2024,3.571595420
adverse,swap_rate,level,pct,RoW,3M,,2025,6.007770118
adverse,swap_rate,level,pct,RoW,3M,,2026,5.630257949
adverse,swap_rate,level,pct,RoW,3M,,2027,5.434774624
baseline,swap_rate,level,pct,RoW,3M,,2025,4.450757404
baseline,swap_rate,level,pct,RoW,3M,,2026,4.185765800
baseline,swap_rate,level,pct,RoW,3M,,2027,4.094671521
starting_point,swap_rate,level,pct,RoW,3M,,2024,4.370075238
starting_point_average,swap_rate,level,pct,RoW,3M,,2024,5.056653400
adverse,swap_rate,level,pct,RoW,3Y,,2025,5.452593364
adverse,swap_rate,level,pct,RoW,3Y,,2026,5.200215091
adverse,swap_rate,level,pct,RoW,3Y,,2027,5.097106147
baseline,swap_rate,level,pct,RoW,3Y,,2025,4.342489402
baseline,swap_rate,level,pct,RoW,3Y,,2026,4.170334960
baseline,swap_rate,level,pct,RoW,3Y,,2027,4.141652315
starting_point,swap_rate,level,pct,RoW,3Y,,2024,3.953881818
starting_point_average,swap_rate,level,pct,RoW,3Y,,2024,3.984820992
adverse,swap_rate,level,pct,RoW,5Y,,2025,5.145937408
adverse,swap_rate,level,pct,RoW,5Y,,2026,4.977547836
adverse,swap_rate,level,pct,RoW,5Y,,2027,4.935109645
baseline,swap_rate,level,pct,RoW,5Y,,2025,4.263749037
baseline,swap_rate,level,pct,RoW,5Y,,2026,4.159112531
baseline,swap_rate,level,pct,RoW,5Y,,2027,4.175820165
starting_point,swap_rate,level,pct,RoW,5Y,,2024,3.877550000
starting_point_average,swap_rate,level,pct,RoW,5Y,,2024,3.803428736
adverse,swap_rate,level,pct,RoW,7Y,,2025,5.021933614
adverse,swap_rate,level,pct,RoW,7Y,,2026,4.924333029
adverse,swap_rate,level,pct,RoW,7Y,,2027,4.930319778
baseline,swap_rate,level,pct,RoW,7Y,,2025,4.185008672
baseline,swap_rate,level,pct,RoW,7Y,,2026,4.147890102
baseline,swap_rate,level,pct,RoW,7Y,,2027,4.209988016
starting_point,swap_rate,level,pct,RoW,7Y,,2024,3.856550000
starting_point_average,swap_rate,level,pct,RoW,7Y,,2024,3.748330153
adverse,swap_rate,level,pct,SEK,10Y,,2025,3.310121630
adverse,swap_rate,level,pct,SEK,10Y,,2026,3.067027878
adverse,swap_rate,level,pct,SEK,10Y,,2027,2.949525012
baseline,swap_rate,level,pct,SEK,10Y,,2025,2.510000000
baseline,swap_rate,level,pct,SEK,10Y,,2026,2.410000000
baseline,swap_rate,level,pct,SEK,10Y,,2027,2.410000000
starting_point,swap_rate,level,pct,SEK,10Y,,2024,2.433136364
starting_point_average,swap_rate,level,pct,SEK,10Y,,2024,2.524500000
adverse,swap_rate,level,pct,SEK,1M,,2025,3.388931638
adverse,swap_rate,level,pct,SEK,1M,,2026,3.070072188
adverse,swap_rate,level,pct,SEK,1M,,2027,2.890353562
baseline,swap_rate,level,pct,SEK,1M,,2025,2.165159270
baseline,swap_rate,level,pct,SEK,1M,,2026,2.065159270
baseline,swap_rate,level,pct,SEK,1M,,2027,2.065159270
starting_point,swap_rate,level,pct,SEK,1M,,2024,2.648627273
starting_point_average,swap_rate,level,pct,SEK,1M,,2024,3.549629389
adverse,swap_rate,level,pct,SEK,1Y,,2025,3.359645389
adverse,swap_rate,level,pct,SEK,1Y,,2026,3.046614069
adverse,swap_rate,level,pct,SEK,1Y,,2027,2.871681270
baseline,swap_rate,level,pct,SEK,1Y,,2025,2.168461538
baseline,swap_rate,level,pct,SEK,1Y,,2026,2.068461538
baseline,swap_rate,level,pct,SEK,1Y,,2027,2.068461538
starting_point,swap_rate,level,pct,SEK,1Y,,2024,2.250340909
starting_point_average,swap_rate,level,pct,SEK,1Y,,2024,3.073104962
adverse,swap_rate,level,pct,SEK,20Y,,2025,3.326563233
adverse,swap_rate,level,pct,SEK,20Y,,2026,3.083469481
adverse,swap_rate,level,pct,SEK,20Y,,2027,2.965966615
baseline,swap_rate,level,pct,SEK,20Y,,2025,2.526441603
baseline,swap_rate,level,pct,SEK,20Y,,2026,2.426441603
baseline,swap_rate,level,pct,SEK,20Y,,2027,2.426441603
starting_point,swap_rate,level,pct,SEK,20Y,,2024,2.508218182
starting_point_average,swap_rate,level,pct,SEK,20Y,,2024,2.540941603
adverse,swap_rate,level,pct,SEK,2Y,,2025,3.354142749
adverse,swap_rate,level,pct,SEK,2Y,,2026,3.048882270
adverse,swap_rate,level,pct,SEK,2Y,,2027,2.880330575
baseline,swap_rate,level,pct,SEK,2Y,,2025,2.206410256
baseline,swap_rate,level,pct,SEK,2Y,,2026,2.106410256
baseline,swap_rate,level,pct,SEK,2Y,,2027,2.106410256
starting_point,swap_rate,level,pct,SEK,2Y,,2024,2.173909091
starting_point_average,swap_rate,level,pct,SEK,2Y,,2024,2.724517176
adverse,swap_rate,level,pct,SEK,30Y,,2025,3.136946058
adverse,swap_rate,level,pct,SEK,30Y,,2026,2.893852305
adverse,swap_rate,level,pct,SEK,30Y,,2027,2.776349440
baseline,swap_rate,level,pct,SEK,30Y,,2025,2.336824427
baseline,swap_rate,level,pct,SEK,30Y,,2026,2.236824427
baseline,swap_rate,level,pct,SEK,30Y,,2027,2.236824427
starting_point,swap_rate,level,pct,SEK,30Y,,2024,2.344022727
starting_point_average,swap_rate,level,pct,SEK,30Y,,2024,2.351324427
adverse,swap_rate,level,pct,SEK,3M,,2025,3.363772369
adverse,swap_rate,level,pct,SEK,3M,,2026,3.044912918
adverse,swap_rate,level,pct,SEK,3M,,2027,2.865194292
baseline,swap_rate,level,pct,SEK,3M,,2025,2.140000000
baseline,swap_rate,level,pct,SEK,3M,,2026,2.040000000
baseline,swap_rate,level,pct,SEK,3M,,2027,2.040000000
starting_point,swap_rate,level,pct,SEK,3M,,2024,2.553000000
starting_point_average,swap_rate,level,pct,SEK,3M,,2024,3.524470120
adverse,swap_rate,level,pct,SEK,3Y,,2025,3.348640109
adverse,swap_rate,level,pct,SEK,3Y,,2026,3.051150471
adverse,swap_rate,level,pct,SEK,3Y,,2027,2.888979880
baseline,swap_rate,level,pct,SEK,3Y,,2025,2.244358974
baseline,swap_rate,level,pct,SEK,3Y,,2026,2.144358974
baseline,swap_rate,level,pct,SEK,3Y,,2027,2.144358974
starting_point,swap_rate,level,pct,SEK,3Y,,2024,2.186954545
starting_point_average,swap_rate,level,pct,SEK,3Y,,2024,2.574694656
adverse,swap_rate,level,pct,SEK,5Y,,2025,3.337634829
adverse,swap_rate,level,pct,SEK,5Y,,2026,3.055686873
adverse,swap_rate,level,pct,SEK,5Y,,2027,2.906278489
baseline,swap_rate,level,pct,SEK,5Y,,2025,2.320256410
baseline,swap_rate,level,pct,SEK,5Y,,2026,2.220256410
baseline,swap_rate,level,pct,SEK,5Y,,2027,2.220256410
starting_point,swap_rate,level,pct,SEK,5Y,,2024,2.252272727
starting_point_average,swap_rate,level,pct,SEK,5Y,,2024,2.473736641
adverse,swap_rate,level,pct,SEK,7Y,,2025,3.326629550
adverse,swap_rate,level,pct,SEK,7Y,,2026,3.060223275
adverse,swap_rate,level,pct,SEK,7Y,,2027,2.923577098
baseline,swap_rate,level,pct,SEK,7Y,,2025,2.396153846
baseline,swap_rate,level,pct,SEK,7Y,,2026,2.296153846
baseline,swap_rate,level,pct,SEK,7Y,,2027,2.296153846
starting_point,swap_rate,level,pct,SEK,7Y,,2024,2.331363636
starting_point_average,swap_rate,level,pct,SEK,7Y,,2024,2.474866412
adverse,swap_rate,level,pct,TRY,10Y,,2025,24.577441677
adverse,swap_rate,level,pct,TRY,10Y,,2026,10.725557419
adverse,swap_rate,level,pct,TRY,10Y,,2027,7.345051176
baseline,swap_rate,level,pct,TRY,10Y,,2025,22.980079900
baseline,swap_rate,level,pct,TRY,10Y,,2026,9.243632110
baseline,swap_rate,level,pct,TRY,10Y,,2027,5.970220093
starting_point,swap_rate,level,pct,TRY,10Y,,2024,31.901700000
starting_point_average,swap_rate,level,pct,TRY,10Y,,2024,30.725863636
adverse,swap_rate,level,pct,TRY,1M,,2025,44.924240369
adverse,swap_rate,level,pct,TRY,1M,,2026,30.992176332
adverse,swap_rate,level,pct,TRY,1M,,2027,27.537284659
baseline,swap_rate,level,pct,TRY,1M,,2025,42.217384203
baseline,swap_rate,level,pct,TRY,1M,,2026,28.480936412
baseline,swap_rate,level,pct,TRY,1M,,2027,25.207524396
starting_point,swap_rate,level,pct,TRY,1M,,2024,49.454545455
starting_point_average,swap_rate,level,pct,TRY,1M,,2024,49.963167939
adverse,swap_rate,level,pct,TRY,1Y,,2025,46.765086999
adverse,swap_rate,level,pct,TRY,1Y,,2026,34.743424342
adverse,swap_rate,level,pct,TRY,1Y,,2027,31.294254624
baseline,swap_rate,level,pct,TRY,1Y,,2025,45.226640506
baseline,swap_rate,level,pct,TRY,1Y,,2026,31.490192716
baseline,swap_rate,level,pct,TRY,1Y,,2027,28.216780699
starting_point,swap_rate,level,pct,TRY,1Y,,2024,48.609952381
starting_point_average,swap_rate,level,pct,TRY,1Y,,2024,52.972424242
adverse,swap_rate,level,pct,TRY,20Y,,2025,23.571605187
adverse,swap_rate,level,pct,TRY,20Y,,2026,9.719720928
adverse,swap_rate,level,pct,TRY,20Y,,2027,6.339214685
baseline,swap_rate,level,pct,TRY,20Y,,2025,22.270731959
baseline,swap_rate,level,pct,TRY,20Y,,2026,8.534284169
baseline,swap_rate,level,pct,TRY,20Y,,2027,5.260872152
starting_point,swap_rate,level,pct,TRY,20Y,,2024,31.304714286
starting_point_average,swap_rate,level,pct,TRY,20Y,,2024,30.016515695
adverse,swap_rate,level,pct,TRY,2Y,,2025,38.672109945
adverse,swap_rate,level,pct,TRY,2Y,,2026,26.447089333
adverse,swap_rate,level,pct,TRY,2Y,,2027,23.005548890
baseline,swap_rate,level,pct,TRY,2Y,,2025,36.380179227
baseline,swap_rate,level,pct,TRY,2Y,,2026,22.643731436
baseline,swap_rate,level,pct,TRY,2Y,,2027,19.370319420
starting_point,swap_rate,level,pct,TRY,2Y,,2024,42.310523810
starting_point_average,swap_rate,level,pct,TRY,2Y,,2024,44.125962963
adverse,swap_rate,level,pct,TRY,30Y,,2025,23.502184946
adverse,swap_rate,level,pct,TRY,30Y,,2026,9.650300688
adverse,swap_rate,level,pct,TRY,30Y,,2027,6.269794444
baseline,swap_rate,level,pct,TRY,30Y,,2025,22.201311718
baseline,swap_rate,level,pct,TRY,30Y,,2026,8.464863928
baseline,swap_rate,level,pct,TRY,30Y,,2027,5.191451911
starting_point,swap_rate,level,pct,TRY,30Y,,2024,31.220684211
starting_point_average,swap_rate,level,pct,TRY,30Y,,2024,29.947095455
adverse,swap_rate,level,pct,TRY,3M,,2025,46.258648766
adverse,swap_rate,level,pct,TRY,3M,,2026,32.326584729
adverse,swap_rate,level,pct,TRY,3M,,2027,28.871693056
baseline,swap_rate,level,pct,TRY,3M,,2025,43.551792600
baseline,swap_rate,level,pct,TRY,3M,,2026,29.815344809
baseline,swap_rate,level,pct,TRY,3M,,2027,26.541932792
starting_point,swap_rate,level,pct,TRY,3M,,2024,49.410909091
starting_point_average,swap_rate,level,pct,TRY,3M,,2024,51.297576336
adverse,swap_rate,level,pct,TRY,3Y,,2025,35.202490971
adverse,swap_rate,level,pct,TRY,3Y,,2026,22.774112403
adverse,swap_rate,level,pct,TRY,3Y,,2027,19.340201235
baseline,swap_rate,level,pct,TRY,3Y,,2025,31.881198164
baseline,swap_rate,level,pct,TRY,3Y,,2026,18.144750374
baseline,swap_rate,level,pct,TRY,3Y,,2027,14.871338357
starting_point,swap_rate,level,pct,TRY,3Y,,2024,39.076714286
starting_point_average,swap_rate,level,pct,TRY,3Y,,2024,39.626981900
adverse,swap_rate,level,pct,TRY,5Y,,2025,30.362653404
adverse,swap_rate,level,pct,TRY,5Y,,2026,17.527558925
adverse,swap_rate,level,pct,TRY,5Y,,2027,14.108906307
baseline,swap_rate,level,pct,TRY,5Y,,2025,27.218743291
baseline,swap_rate,level,pct,TRY,5Y,,2026,13.482295500
baseline,swap_rate,level,pct,TRY,5Y,,2027,10.208883484
starting_point,swap_rate,level,pct,TRY,5Y,,2024,35.679523810
starting_point_average,swap_rate,level,pct,TRY,5Y,,2024,34.964527027
adverse,swap_rate,level,pct,TRY,7Y,,2025,27.713314965
adverse,swap_rate,level,pct,TRY,7Y,,2026,14.471504574
adverse,swap_rate,level,pct,TRY,7Y,,2027,11.068110506
baseline,swap_rate,level,pct,TRY,7Y,,2025,24.920108156
baseline,swap_rate,level,pct,TRY,7Y,,2026,11.183660365
baseline,swap_rate,level,pct,TRY,7Y,,2027,7.910248348
starting_point,swap_rate,level,pct,TRY,7Y,,2024,33.727809524
starting_point_average,swap_rate,level,pct,TRY,7Y,,2024,32.665891892
adverse,swap_rate,level,pct,USD,10Y,,2025,4.931763207
adverse,swap_rate,level,pct,USD,10Y,,2026,4.933420376
adverse,swap_rate,level,pct,USD,10Y,,2027,5.005619314
baseline,swap_rate,level,pct,USD,10Y,,2025,4.066898125
baseline,swap_rate,level,pct,USD,10Y,,2026,4.131056458
baseline,swap_rate,level,pct,USD,10Y,,2027,4.261239791
starting_point,swap_rate,level,pct,USD,10Y,,2024,3.858972727
starting_point_average,swap_rate,level,pct,USD,10Y,,2024,3.737040458
adverse,swap_rate,level,pct,USD,1M,,2025,5.785844770
adverse,swap_rate,level,pct,USD,1M,,2026,5.428734883
adverse,swap_rate,level,pct,USD,1M,,2027,5.252179427
baseline,swap_rate,level,pct,USD,1M,,2025,4.511150324
baseline,swap_rate,level,pct,USD,1M,,2026,4.246158720
baseline,swap_rate,level,pct,USD,1M,,2027,4.155064441
starting_point,swap_rate,level,pct,USD,1M,,2024,4.404264762
starting_point_average,swap_rate,level,pct,USD,1M,,2024,5.117046320
adverse,swap_rate,level,pct,USD,1Y,,2025,5.628274360
adverse,swap_rate,level,pct,USD,1Y,,2026,5.301372547
adverse,swap_rate,level,pct,USD,1Y,,2027,5.146373993
baseline,swap_rate,level,pct,USD,1Y,,2025,4.421229768
baseline,swap_rate,level,pct,USD,1Y,,2026,4.181557389
baseline,swap_rate,level,pct,USD,1Y,,2027,4.107484464
starting_point,swap_rate,level,pct,USD,1Y,,2024,4.174981818
starting_point_average,swap_rate,level,pct,USD,1Y,,2024,4.635083969
adverse,swap_rate,level,pct,USD,20Y,,2025,4.798538032
adverse,swap_rate,level,pct,USD,20Y,,2026,4.810255229
adverse,swap_rate,level,pct,USD,20Y,,2027,4.891787187
baseline,swap_rate,level,pct,USD,20Y,,2025,4.072879422
baseline,swap_rate,level,pct,USD,20Y,,2026,4.137037756
baseline,swap_rate,level,pct,USD,20Y,,2027,4.267221089
starting_point,swap_rate,level,pct,USD,20Y,,2024,3.875763636
starting_point_average,swap_rate,level,pct,USD,20Y,,2024,3.743021756
adverse,swap_rate,level,pct,USD,2Y,,2025,5.576540267
adverse,swap_rate,level,pct,USD,2Y,,2026,5.284290924
adverse,swap_rate,level,pct,USD,2Y,,2027,5.152816441
baseline,swap_rate,level,pct,USD,2Y,,2025,4.381859585
baseline,swap_rate,level,pct,USD,2Y,,2026,4.175946175
baseline,swap_rate,level,pct,USD,2Y,,2027,4.124568390
starting_point,swap_rate,level,pct,USD,2Y,,2024,4.023859091
starting_point_average,swap_rate,level,pct,USD,2Y,,2024,4.200482061
adverse,swap_rate,level,pct,USD,30Y,,2025,4.562528252
adverse,swap_rate,level,pct,USD,30Y,,2026,4.578912697
adverse,swap_rate,level,pct,USD,30Y,,2027,4.664774616
baseline,swap_rate,level,pct,USD,30Y,,2025,3.901453087
baseline,swap_rate,level,pct,USD,30Y,,2026,3.965611420
baseline,swap_rate,level,pct,USD,30Y,,2027,4.095794753
starting_point,swap_rate,level,pct,USD,30Y,,2024,3.705318182
starting_point_average,swap_rate,level,pct,USD,30Y,,2024,3.571595420
adverse,swap_rate,level,pct,USD,3M,,2025,6.007770118
adverse,swap_rate,level,pct,USD,3M,,2026,5.630257949
adverse,swap_rate,level,pct,USD,3M,,2027,5.434774624
baseline,swap_rate,level,pct,USD,3M,,2025,4.450757404
baseline,swap_rate,level,pct,USD,3M,,2026,4.185765800
baseline,swap_rate,level,pct,USD,3M,,2027,4.094671521
starting_point,swap_rate,level,pct,USD,3M,,2024,4.370075238
starting_point_average,swap_rate,level,pct,USD,3M,,2024,5.056653400
adverse,swap_rate,level,pct,USD,3Y,,2025,5.452593364
adverse,swap_rate,level,pct,USD,3Y,,2026,5.200215091
adverse,swap_rate,level,pct,USD,3Y,,2027,5.097106147
baseline,swap_rate,level,pct,USD,3Y,,2025,4.342489402
baseline,swap_rate,level,pct,USD,3Y,,2026,4.170334960
baseline,swap_rate,level,pct,USD,3Y,,2027,4.141652315
starting_point,swap_rate,level,pct,USD,3Y,,2024,3.953881818
starting_point_average,swap_rate,level,pct,USD,3Y,,2024,3.984820992
adverse,swap_rate,level,pct,USD,5Y,,2025,5.145937408
adverse,swap_rate,level,pct,USD,5Y,,2026,4.977547836
adverse,swap_rate,level,pct,USD,5Y,,2027,4.935109645
baseline,swap_rate,level,pct,USD,5Y,,2025,4.263749037
baseline,swap_rate,level,pct,USD,5Y,,2026,4.159112531
baseline,swap_rate,level,pct,USD,5Y,,2027,4.175820165
starting_point,swap_rate,level,pct,USD,5Y,,2024,3.877550000
starting_point_average,swap_rate,level,pct,USD,5Y,,2024,3.803428736
adverse,swap_rate,level,pct,USD,7Y,,2025,5.021933614
adverse,swap_rate,level,pct,USD,7Y,,2026,4.924333029
adverse,swap_rate,level,pct,USD,7Y,,2027,4.930319778
baseline,swap_rate,level,pct,USD,7Y,,2025,4.185008672
baseline,swap_rate,level,pct,USD,7Y,,2026,4.147890102
baseline,swap_rate,level,pct,USD,7Y,,2027,4.209988016
starting_point,swap_rate,level,pct,USD,7Y,,2024,3.856550000
starting_point_average,swap_rate,level,pct,USD,7Y,,2024,3.748330153
adverse,swap_rate,level,pct,ZAR,10Y,,2025,9.850317228
adverse,swap_rate,level,pct,ZAR,10Y,,2026,8.385543265
adverse,swap_rate,level,pct,ZAR,10Y,,2027,7.527503487
baseline,swap_rate,level,pct,ZAR,10Y,,2025,8.476091243
baseline,swap_rate,level,pct,ZAR,10Y,,2026,7.110628404
baseline,swap_rate,level,pct,ZAR,10Y,,2027,6.344722839
starting_point,swap_rate,level,pct,ZAR,10Y,,2024,8.626136364
starting_point_average,swap_rate,level,pct,ZAR,10Y,,2024,9.132201145
adverse,swap_rate,level,pct,ZAR,1M,,2025,8.983889087
adverse,swap_rate,level,pct,ZAR,1M,,2026,7.508176147
adverse,swap_rate,level,pct,ZAR,1M,,2027,6.639987919
baseline,swap_rate,level,pct,ZAR,1M,,2025,7.458294098
baseline,swap_rate,level,pct,ZAR,1M,,2026,6.092831259
baseline,swap_rate,level,pct,ZAR,1M,,2027,5.326925693
starting_point,swap_rate,level,pct,ZAR,1M,,2024,7.700000000
starting_point_average,swap_rate,level,pct,ZAR,1M,,2024,8.114404000
adverse,swap_rate,level,pct,ZAR,1Y,,2025,9.149513405
adverse,swap_rate,level,pct,ZAR,1Y,,2026,7.674641925
adverse,swap_rate,level,pct,ZAR,1Y,,2027,6.807234347
baseline,swap_rate,level,pct,ZAR,1Y,,2025,7.255704602
baseline,swap_rate,level,pct,ZAR,1Y,,2026,5.890241763
baseline,swap_rate,level,pct,ZAR,1Y,,2027,5.124336197
starting_point,swap_rate,level,pct,ZAR,1Y,,2024,7.413436364
starting_point_average,swap_rate,level,pct,ZAR,1Y,,2024,7.911814504
adverse,swap_rate,level,pct,ZAR,20Y,,2025,10.451943183
adverse,swap_rate,level,pct,ZAR,20Y,,2026,8.987169219
adverse,swap_rate,level,pct,ZAR,20Y,,2027,8.129129441
baseline,swap_rate,level,pct,ZAR,20Y,,2025,9.077717197
baseline,swap_rate,level,pct,ZAR,20Y,,2026,7.712254359
baseline,swap_rate,level,pct,ZAR,20Y,,2027,6.946348793
starting_point,swap_rate,level,pct,ZAR,20Y,,2024,9.242727273
starting_point_average,swap_rate,level,pct,ZAR,20Y,,2024,9.733827099
adverse,swap_rate,level,pct,ZAR,2Y,,2025,9.227380497
adverse,swap_rate,level,pct,ZAR,2Y,,2026,7.753630963
adverse,swap_rate,level,pct,ZAR,2Y,,2027,6.887264251
baseline,swap_rate,level,pct,ZAR,2Y,,2025,7.052917961
baseline,swap_rate,level,pct,ZAR,2Y,,2026,5.687455122
baseline,swap_rate,level,pct,ZAR,2Y,,2027,4.921549556
starting_point,swap_rate,level,pct,ZAR,2Y,,2024,7.282095455
starting_point_average,swap_rate,level,pct,ZAR,2Y,,2024,7.709027863
adverse,swap_rate,level,pct,ZAR,30Y,,2025,10.451943183
adverse,swap_rate,level,pct,ZAR,30Y,,2026,8.987169219
adverse,swap_rate,level,pct,ZAR,30Y,,2027,8.129129441
baseline,swap_rate,level,pct,ZAR,30Y,,2025,9.077717197
baseline,swap_rate,level,pct,ZAR,30Y,,2026,7.712254359
baseline,swap_rate,level,pct,ZAR,30Y,,2027,6.946348793
starting_point,swap_rate,level,pct,ZAR,30Y,,2024,9.242727273
starting_point_average,swap_rate,level,pct,ZAR,30Y,,2024,9.733827099
adverse,swap_rate,level,pct,ZAR,3M,,2025,9.091113087
adverse,swap_rate,level,pct,ZAR,3M,,2026,7.615400147
adverse,swap_rate,level,pct,ZAR,3M,,2027,6.747211919
baseline,swap_rate,level,pct,ZAR,3M,,2025,7.565518098
baseline,swap_rate,level,pct,ZAR,3M,,2026,6.200055259
baseline,swap_rate,level,pct,ZAR,3M,,2027,5.434149693
starting_point,swap_rate,level,pct,ZAR,3M,,2024,7.785631579
starting_point_average,swap_rate,level,pct,ZAR,3M,,2024,8.221628000
adverse,swap_rate,level,pct,ZAR,3Y,,2025,9.305247588
adverse,swap_rate,level,pct,ZAR,3Y,,2026,7.832620001
adverse,swap_rate,level,pct,ZAR,3Y,,2027,6.967294156
baseline,swap_rate,level,pct,ZAR,3Y,,2025,7.070753457
baseline,swap_rate,level,pct,ZAR,3Y,,2026,5.705290618
baseline,swap_rate,level,pct,ZAR,3Y,,2027,4.939385052
starting_point,swap_rate,level,pct,ZAR,3Y,,2024,7.311363636
starting_point_average,swap_rate,level,pct,ZAR,3Y,,2024,7.726863359
adverse,swap_rate,level,pct,ZAR,5Y,,2025,9.460981771
adverse,swap_rate,level,pct,ZAR,5Y,,2026,7.990598076
adverse,swap_rate,level,pct,ZAR,5Y,,2027,7.127353965
baseline,swap_rate,level,pct,ZAR,5Y,,2025,7.397226358
baseline,swap_rate,level,pct,ZAR,5Y,,2026,6.031763519
baseline,swap_rate,level,pct,ZAR,5Y,,2027,5.265857953
starting_point,swap_rate,level,pct,ZAR,5Y,,2024,7.621818182
starting_point_average,swap_rate,level,pct,ZAR,5Y,,2024,8.053336260
adverse,swap_rate,level,pct,ZAR,7Y,,2025,9.616715954
adverse,swap_rate,level,pct,ZAR,7Y,,2026,8.148576152
adverse,swap_rate,level,pct,ZAR,7Y,,2027,7.287413774
baseline,swap_rate,level,pct,ZAR,7Y,,2025,7.883769869
baseline,swap_rate,level,pct,ZAR,7Y,,2026,6.518307030
baseline,swap_rate,level,pct,ZAR,7Y,,2027,5.752401464
starting_point,swap_rate,level,pct,ZAR,7Y,,2024,8.062159091
starting_point_average,swap_rate,level,pct,ZAR,7Y,,2024,8.539879771
adverse,unemployment_rate,level,pct,AS,,,2025,10.316846971
adverse,unemployment_rate,level,pct,AS,,,2026,10.909092123
adverse,unemployment_rate,level,pct,AS,,,2027,9.959172037
baseline,unemployment_rate,level,pct,AS,,,2025,5.566546970
baseline,unemployment_rate,level,pct,AS,,,2026,5.561416470
baseline,unemployment_rate,level,pct,AS,,,2027,5.519379936
historical,unemployment_rate,level,pct,AS,,,2024,5.595445752
adverse,unemployment_rate,level,pct,AT,,,2025,7.341850911
adverse,unemployment_rate,level,pct,AT,,,2026,9.861056119
adverse,unemployment_rate,level,pct,AT,,,2027,10.187363346
baseline,unemployment_rate,level,pct,AT,,,2025,5.268817815
baseline,unemployment_rate,level,pct,AT,,,2026,5.118405942
baseline,unemployment_rate,level,pct,AT,,,2027,5.022643393
historical,unemployment_rate,level,pct,AT,,,2024,5.194780295
adverse,unemployment_rate,level,pct,AU,,,2025,8.379506948
adverse,unemployment_rate,level,pct,AU,,,2026,9.640757584
adverse,unemployment_rate,level,pct,AU,,,2027,9.176696567
baseline,unemployment_rate,level,pct,AU,,,2025,4.404146606
baseline,unemployment_rate,level,pct,AU,,,2026,4.465073459
baseline,unemployment_rate,level,pct,AU,,,2027,4.515395575
historical,unemployment_rate,level,pct,AU,,,2024,4.149930072
adverse,unemployment_rate,level,pct,BE,,,2025,6.635087045
adverse,unemployment_rate,level,pct,BE,,,2026,9.339169207
adverse,unemployment_rate,level,pct,BE,,,2027,10.893390257
baseline,unemployment_rate,level,pct,BE,,,2025,5.617606376
baseline,unemployment_rate,level,pct,BE,,,2026,5.579604509
baseline,unemployment_rate,level,pct,BE,,,2027,5.682697296
historical,unemployment_rate,level,pct,BE,,,2024,5.619022078
adverse,unemployment_rate,level,pct,BG,,,2025,6.751837551
adverse,unemployment_rate,level,pct,BG,,,2026,8.798935017
adverse,unemployment_rate,level,pct,BG,,,2027,8.662074098
baseline,unemployment_rate,level,pct,BG,,,2025,3.897513250
baseline,unemployment_rate,level,pct,BG,,,2026,3.559306250
baseline,unemployment_rate,level,pct,BG,,,2027,3.283129000
historical,unemployment_rate,level,pct,BG,,,2024,4.266318750
adverse,unemployment_rate,level,pct,BR,,,2025,11.600504249
adverse,unemployment_rate,level,pct,BR,,,2026,12.147111867
adverse,unemployment_rate,level,pct,BR,,,2027,11.706233630
baseline,unemployment_rate,level,pct,BR,,,2025,7.223312724
baseline,unemployment_rate,level,pct,BR,,,2026,7.337585871
baseline,unemployment_rate,level,pct,BR,,,2027,7.405878097
historical,unemployment_rate,level,pct,BR,,,2024,7.162700469
adverse,unemployment_rate,level,pct,CA,,,2025,11.677265718
adverse,unemployment_rate,level,pct,CA,,,2026,13.337631711
adverse,unemployment_rate,level,pct,CA,,,2027,12.819766696
baseline,unemployment_rate,level,pct,CA,,,2025,6.245367368
baseline,unemployment_rate,level,pct,CA,,,2026,5.998753018
baseline,unemployment_rate,level,pct,CA,,,2027,5.987411523
historical,unemployment_rate,level,pct,CA,,,2024,6.177333402
adverse,unemployment_rate,level,pct,CH,,,2025,6.878891844
adverse,unemployment_rate,level,pct,CH,,,2026,8.698265906
adverse,unemployment_rate,level,pct,CH,,,2027,8.511151438
baseline,unemployment_rate,level,pct,CH,,,2025,2.450000000
baseline,unemployment_rate,level,pct,CH,,,2026,2.500000000
baseline,unemployment_rate,level,pct,CH,,,2027,2.500000000
historical,unemployment_rate,level,pct,CH,,,2024,2.356166667
adverse,unemployment_rate,level,pct,CL,,,2025,11.772413617
adverse,unemployment_rate,level,pct,CL,,,2026,12.480703335
adverse,unemployment_rate,level,pct,CL,,,2027,12.095881932
baseline,unemployment_rate,level,pct,CL,,,2025,8.033255617
baseline,unemployment_rate,level,pct,CL,,,2026,7.811744085
baseline,unemployment_rate,level,pct,CL,,,2027,7.687276182
historical,unemployment_rate,level,pct,CL,,,2024,8.484302877
adverse,unemployment_rate,level,pct,CN,,,2025,10.975572500
adverse,unemployment_rate,level,pct,CN,,,2026,10.925845000
adverse,unemployment_rate,level,pct,CN,,,2027,9.934886875
baseline,unemployment_rate,level,pct,CN,,,2025,5.100000000
baseline,unemployment_rate,level,pct,CN,,,2026,5.100000000
baseline,unemployment_rate,level,pct,CN,,,2027,5.100000000
historical,unemployment_rate,level,pct,CN,,,2024,5.100000000
adverse,unemployment_rate,level,pct,CO,,,2025,13.440282521
adverse,unemployment_rate,level,pct,CO,,,2026,14.438730292
adverse,unemployment_rate,level,pct,CO,,,2027,14.416899965
baseline,unemployment_rate,level,pct,CO,,,2025,10.000000000
baseline,unemployment_rate,level,pct,CO,,,2026,9.800000000
baseline,unemployment_rate,level,pct,CO,,,2027,9.600000000
historical,unemployment_rate,level,pct,CO,,,2024,10.200000000
adverse,unemployment_rate,level,pct,CY,,,2025,8.347668213
adverse,unemployment_rate,level,pct,CY,,,2026,11.645289409
adverse,unemployment_rate,level,pct,CY,,,2027,11.778622475
baseline,unemployment_rate,level,pct,CY,,,2025,4.868123972
baseline,unemployment_rate,level,pct,CY,,,2026,4.702818682
baseline,unemployment_rate,level,pct,CY,,,2027,4.599650412
historical,unemployment_rate,level,pct,CY,,,2024,5.042285060
adverse,unemployment_rate,level,pct,CZ,,,2025,5.254922735
adverse,unemployment_rate,level,pct,CZ,,,2026,8.536767080
adverse,unemployment_rate,level,pct,CZ,,,2027,8.630319734
baseline,unemployment_rate,level,pct,CZ,,,2025,2.852142729
baseline,unemployment_rate,level,pct,CZ,,,2026,3.004899867
baseline,unemployment_rate,level,pct,CZ,,,2027,3.023613955
historical,unemployment_rate,level,pct,CZ,,,2024,2.664737970
adverse,unemployment_rate,level,pct,DE,,,2025,5.333179129
adverse,unemployment_rate,level,pct,DE,,,2026,7.664502604
adverse,unemployment_rate,level,pct,DE,,,2027,8.523467409
baseline,unemployment_rate,level,pct,DE,,,2025,3.929644633
baseline,unemployment_rate,level,pct,DE,,,2026,3.680743139
baseline,unemployment_rate,level,pct,DE,,,2027,3.453661435
historical,unemployment_rate,level,pct,DE,,,2024,3.477224426
adverse,unemployment_rate,level,pct,DK,,,2025,6.497443875
adverse,unemployment_rate,level,pct,DK,,,2026,9.448727205
adverse,unemployment_rate,level,pct,DK,,,2027,9.091596802
baseline,unemployment_rate,level,pct,DK,,,2025,2.621677794
baseline,unemployment_rate,level,pct,DK,,,2026,2.642818235
baseline,unemployment_rate,level,pct,DK,,,2027,2.690716593
historical,unemployment_rate,level,pct,DK,,,2024,2.590813881
adverse,unemployment_rate,level,pct,EA,,,2025,8.094637428
adverse,unemployment_rate,level,pct,EA,,,2026,10.589893110
adverse,unemployment_rate,level,pct,EA,,,2027,11.934051155
baseline,unemployment_rate,level,pct,EA,,,2025,6.387771190
baseline,unemployment_rate,level,pct,EA,,,2026,6.226528495
baseline,unemployment_rate,level,pct,EA,,,2027,5.985670515
historical,unemployment_rate,level,pct,EA,,,2024,6.362311216
adverse,unemployment_rate,level,pct,EE,,,2025,10.308835581
adverse,unemployment_rate,level,pct,EE,,,2026,12.829098179
adverse,unemployment_rate,level,pct,EE,,,2027,13.339527875
baseline,unemployment_rate,level,pct,EE,,,2025,7.304590000
baseline,unemployment_rate,level,pct,EE,,,2026,6.959135000
baseline,unemployment_rate,level,pct,EE,,,2027,6.545640000
historical,unemployment_rate,level,pct,EE,,,2024,7.564235000
adverse,unemployment_rate,level,pct,ES,,,2025,14.117351817
adverse,unemployment_rate,level,pct,ES,,,2026,16.826020217
adverse,unemployment_rate,level,pct,ES,,,2027,15.605454838
baseline,unemployment_rate,level,pct,ES,,,2025,10.836935483
baseline,unemployment_rate,level,pct,ES,,,2026,10.358031401
baseline,unemployment_rate,level,pct,ES,,,2027,9.857991496
historical,unemployment_rate,level,pct,ES,,,2024,11.538275678
adverse,unemployment_rate,level,pct,EU,,,2025,7.717572922
adverse,unemployment_rate,level,pct,EU,,,2026,10.269464295
adverse,unemployment_rate,level,pct,EU,,,2027,11.596421741
baseline,unemployment_rate,level,pct,EU,,,2025,5.880224166
baseline,unemployment_rate,level,pct,EU,,,2026,5.745181888
baseline,unemployment_rate,level,pct,EU,,,2027,5.543560299
historical,unemployment_rate,level,pct,EU,,,2024,5.806015238
adverse,unemployment_rate,level,pct,FI,,,2025,10.897376055
adverse,unemployment_rate,level,pct,FI,,,2026,13.952917862
adverse,unemployment_rate,level,pct,FI,,,2027,13.965027723
baseline,unemployment_rate,level,pct,FI,,,2025,8.653507673
baseline,unemployment_rate,level,pct,FI,,,2026,8.197420421
baseline,unemployment_rate,level,pct,FI,,,2027,7.734600002
historical,unemployment_rate,level,pct,FI,,,2024,8.328073313
adverse,unemployment_rate,level,pct,FR,,,2025,8.832802197
adverse,unemployment_rate,level,pct,FR,,,2026,11.337931723
adverse,unemployment_rate,level,pct,FR,,,2027,12.468158716
baseline,unemployment_rate,level,pct,FR,,,2025,7.838850000
baseline,unemployment_rate,level,pct,FR,,,2026,7.839692500
baseline,unemployment_rate,level,pct,FR,,,2027,7.416297500
historical,unemployment_rate,level,pct,FR,,,2024,7.425910000
adverse,unemployment_rate,level,pct,GB,,,2025,7.196787183
adverse,unemployment_rate,level,pct,GB,,,2026,9.566908396
adverse,unemployment_rate,level,pct,GB,,,2027,10.151051880
baseline,unemployment_rate,level,pct,GB,,,2025,4.100000000
baseline,unemployment_rate,level,pct,GB,,,2026,4.000000000
baseline,unemployment_rate,level,pct,GB,,,2027,4.000000000
historical,unemployment_rate,level,pct,GB,,,2024,4.275000000
adverse,unemployment_rate,level,pct,GR,,,2025,11.376071673
adverse,unemployment_rate,level,pct,GR,,,2026,13.582282379
adverse,unemployment_rate,level,pct,GR,,,2027,14.707403080
baseline,unemployment_rate,level,pct,GR,,,2025,9.844783934
baseline,unemployment_rate,level,pct,GR,,,2026,9.083413506
baseline,unemployment_rate,level,pct,GR,,,2027,8.496272112
historical,unemployment_rate,level,pct,GR,,,2024,10.554667525
adverse,unemployment_rate,level,pct,HK,,,2025,7.220758470
adverse,unemployment_rate,level,pct,HK,,,2026,7.576811811
adverse,unemployment_rate,level,pct,HK,,,2027,7.311420561
baseline,unemployment_rate,level,pct,HK,,,2025,2.736897064
baseline,unemployment_rate,level,pct,HK,,,2026,2.668688998
baseline,unemployment_rate,level,pct,HK,,,2027,2.668688998
historical,unemployment_rate,level,pct,HK,,,2024,2.804329429
adverse,unemployment_rate,level,pct,HR,,,2025,7.008491860
adverse,unemployment_rate,level,pct,HR,,,2026,10.563913041
adverse,unemployment_rate,level,pct,HR,,,2027,11.015605223
baseline,unemployment_rate,level,pct,HR,,,2025,4.661887371
baseline,unemployment_rate,level,pct,HR,,,2026,4.465422801
baseline,unemployment_rate,level,pct,HR,,,2027,4.362935978
historical,unemployment_rate,level,pct,HR,,,2024,4.915117589
adverse,unemployment_rate,level,pct,HU,,,2025,5.421553829
adverse,unemployment_rate,level,pct,HU,,,2026,8.632603463
adverse,unemployment_rate,level,pct,HU,,,2027,8.909421827
baseline,unemployment_rate,level,pct,HU,,,2025,3.769188088
baseline,unemployment_rate,level,pct,HU,,,2026,3.620116339
baseline,unemployment_rate,level,pct,HU,,,2027,3.396456042
historical,unemployment_rate,level,pct,HU,,,2024,4.240400752
adverse,unemployment_rate,level,pct,IE,,,2025,6.475185378
adverse,unemployment_rate,level,pct,IE,,,2026,10.204074850
adverse,unemployment_rate,level,pct,IE,,,2027,11.728498100
baseline,unemployment_rate,level,pct,IE,,,2025,4.499193885
baseline,unemployment_rate,level,pct,IE,,,2026,4.500174616
baseline,unemployment_rate,level,pct,IE,,,2027,4.492284001
historical,unemployment_rate,level,pct,IE,,,2024,4.423490469
adverse,unemployment_rate,level,pct,IN,,,2025,12.988444320
adverse,unemployment_rate,level,pct,IN,,,2026,13.445516134
adverse,unemployment_rate,level,pct,IN,,,2027,12.996358911
baseline,unemployment_rate,level,pct,IN,,,2025,7.700000000
baseline,unemployment_rate,level,pct,IN,,,2026,7.600000000
baseline,unemployment_rate,level,pct,IN,,,2027,7.300000000
historical,unemployment_rate,level,pct,IN,,,2024,7.923333333
adverse,unemployment_rate,level,pct,IT,,,2025,7.861703013
adverse,unemployment_rate,level,pct,IT,,,2026,10.026264219
adverse,unemployment_rate,level,pct,IT,,,2027,11.191074152
baseline,unemployment_rate,level,pct,IT,,,2025,6.146227042
baseline,unemployment_rate,level,pct,IT,,,2026,6.106457802
baseline,unemployment_rate,level,pct,IT,,,2027,6.077212127
historical,unemployment_rate,level,pct,IT,,,2024,6.609654367
adverse,unemployment_rate,level,pct,JP,,,2025,7.732807600
adverse,unemployment_rate,level,pct,JP,,,2026,8.183496800
adverse,unemployment_rate,level,pct,JP,,,2027,7.493971600
baseline,unemployment_rate,level,pct,JP,,,2025,2.500000000
baseline,unemployment_rate,level,pct,JP,,,2026,2.500000000
baseline,unemployment_rate,level,pct,JP,,,2027,2.500000000
historical,unemployment_rate,level,pct,JP,,,2024,2.500000000
adverse,unemployment_rate,level,pct,LA,,,2025,9.238971810
adverse,unemployment_rate,level,pct,LA,,,2026,10.481821709
adverse,unemployment_rate,level,pct,LA,,,2027,10.737095443
baseline,unemployment_rate,level,pct,LA,,,2025,6.238452421
baseline,unemployment_rate,level,pct,LA,,,2026,6.266230848
baseline,unemployment_rate,level,pct,LA,,,2027,6.273206980
historical,unemployment_rate,level,pct,LA,,,2024,6.176286954
adverse,unemployment_rate,level,pct,LT,,,2025,8.989417873
adverse,unemployment_rate,level,pct,LT,,,2026,11.565090366
adverse,unemployment_rate,level,pct,LT,,,2027,12.262581637
baseline,unemployment_rate,level,pct,LT,,,2025,7.136236367
baseline,unemployment_rate,level,pct,LT,,,2026,6.939050746
baseline,unemployment_rate,level,pct,LT,,,2027,6.741446424
historical,unemployment_rate,level,pct,LT,,,2024,7.449801414
adverse,unemployment_rate,level,pct,LU,,,2025,7.335117189
adverse,unemployment_rate,level,pct,LU,,,2026,10.137183483
adverse,unemployment_rate,level,pct,LU,,,2027,11.913112967
baseline,unemployment_rate,level,pct,LU,,,2025,5.917582174
baseline,unemployment_rate,level,pct,LU,,,2026,5.810505766
baseline,unemployment_rate,level,pct,LU,,,2027,5.634796076
historical,unemployment_rate,level,pct,LU,,,2024,5.807366526
adverse,unemployment_rate,level,pct,LV,,,2025,8.827792891
adverse,unemployment_rate,level,pct,LV,,,2026,11.378524523
adverse,unemployment_rate,level,pct,LV,,,2027,12.378201151
baseline,unemployment_rate,level,pct,LV,,,2025,6.804509997
baseline,unemployment_rate,level,pct,LV,,,2026,6.549672964
baseline,unemployment_rate,level,pct,LV,,,2027,6.303956932
historical,unemployment_rate,level,pct,LV,,,2024,6.925000000
adverse,unemployment_rate,level,pct,MT,,,2025,5.939517213
adverse,unemployment_rate,level,pct,MT,,,2026,9.224775330
adverse,unemployment_rate,level,pct,MT,,,2027,10.246194830
baseline,unemployment_rate,level,pct,MT,,,2025,3.162385568
baseline,unemployment_rate,level,pct,MT,,,2026,3.100000429
baseline,unemployment_rate,level,pct,MT,,,2027,3.099999919
historical,unemployment_rate,level,pct,MT,,,2024,3.237358134
adverse,unemployment_rate,level,pct,MX,,,2025,5.214550231
adverse,unemployment_rate,level,pct,MX,,,2026,7.624478059
adverse,unemployment_rate,level,pct,MX,,,2027,8.818240840
baseline,unemployment_rate,level,pct,MX,,,2025,3.290605778
baseline,unemployment_rate,level,pct,MX,,,2026,3.430038356
baseline,unemployment_rate,level,pct,MX,,,2027,3.488095434
historical,unemployment_rate,level,pct,MX,,,2024,2.955989256
adverse,unemployment_rate,level,pct,NL,,,2025,5.924927508
adverse,unemployment_rate,level,pct,NL,,,2026,8.471800061
adverse,unemployment_rate,level,pct,NL,,,2027,10.314806179
baseline,unemployment_rate,level,pct,NL,,,2025,3.916187431
baseline,unemployment_rate,level,pct,NL,,,2026,4.035789569
baseline,unemployment_rate,level,pct,NL,,,2027,4.082699002
historical,unemployment_rate,level,pct,NL,,,2024,3.699421236
adverse,unemployment_rate,level,pct,NO,,,2025,6.301284250
adverse,unemployment_rate,level,pct,NO,,,2026,6.029951312
adverse,unemployment_rate,level,pct,NO,,,2027,5.109346562
baseline,unemployment_rate,level,pct,NO,,,2025,2.200000000
baseline,unemployment_rate,level,pct,NO,,,2026,2.300000000
baseline,unemployment_rate,level,pct,NO,,,2027,2.200000000
historical,unemployment_rate,level,pct,NO,,,2024,2.000000000
adverse,unemployment_rate,level,pct,PE,,,2025,9.940282521
adverse,unemployment_rate,level,pct,PE,,,2026,11.138730292
adverse,unemployment_rate,level,pct,PE,,,2027,11.316899965
baseline,unemployment_rate,level,pct,PE,,,2025,6.500000000
baseline,unemployment_rate,level,pct,PE,,,2026,6.500000000
baseline,unemployment_rate,level,pct,PE,,,2027,6.500000000
historical,unemployment_rate,level,pct,PE,,,2024,6.750000000
adverse,unemployment_rate,level,pct,PL,,,2025,4.924727188
adverse,unemployment_rate,level,pct,PL,,,2026,8.529015801
adverse,unemployment_rate,level,pct,PL,,,2027,10.086948940
baseline,unemployment_rate,level,pct,PL,,,2025,3.012681079
baseline,unemployment_rate,level,pct,PL,,,2026,2.996393728
baseline,unemployment_rate,level,pct,PL,,,2027,3.035930240
historical,unemployment_rate,level,pct,PL,,,2024,2.953371260
adverse,unemployment_rate,level,pct,PT,,,2025,9.218042247
adverse,unemployment_rate,level,pct,PT,,,2026,12.402200945
adverse,unemployment_rate,level,pct,PT,,,2027,12.866816956
baseline,unemployment_rate,level,pct,PT,,,2025,6.360126385
baseline,unemployment_rate,level,pct,PT,,,2026,6.406945766
baseline,unemployment_rate,level,pct,PT,,,2027,6.417249735
historical,unemployment_rate,level,pct,PT,,,2024,6.392776743
adverse,unemployment_rate,level,pct,RO,,,2025,7.645628315
adverse,unemployment_rate,level,pct,RO,,,2026,10.774332293
adverse,unemployment_rate,level,pct,RO,,,2027,11.977674253
baseline,unemployment_rate,level,pct,RO,,,2025,5.577243273
baseline,unemployment_rate,level,pct,RO,,,2026,5.608850262
baseline,unemployment_rate,level,pct,RO,,,2027,5.617512304
historical,unemployment_rate,level,pct,RO,,,2024,5.325000000
adverse,unemployment_rate,level,pct,RU,,,2025,8.906326933
adverse,unemployment_rate,level,pct,RU,,,2026,9.710804272
adverse,unemployment_rate,level,pct,RU,,,2027,10.219012647
baseline,unemployment_rate,level,pct,RU,,,2025,3.004000371
baseline,unemployment_rate,level,pct,RU,,,2026,3.627186209
baseline,unemployment_rate,level,pct,RU,,,2027,4.045034022
historical,unemployment_rate,level,pct,RU,,,2024,2.599531043
adverse,unemployment_rate,level,pct,SE,,,2025,12.149359126
adverse,unemployment_rate,level,pct,SE,,,2026,15.143457882
adverse,unemployment_rate,level,pct,SE,,,2027,14.604413488
baseline,unemployment_rate,level,pct,SE,,,2025,8.386174000
baseline,unemployment_rate,level,pct,SE,,,2026,8.028840000
baseline,unemployment_rate,level,pct,SE,,,2027,7.610685500
historical,unemployment_rate,level,pct,SE,,,2024,8.380469000
adverse,unemployment_rate,level,pct,SI,,,2025,6.086449143
adverse,unemployment_rate,level,pct,SI,,,2026,9.865446931
adverse,unemployment_rate,level,pct,SI,,,2027,10.189540923
baseline,unemployment_rate,level,pct,SI,,,2025,3.425000000
baseline,unemployment_rate,level,pct,SI,,,2026,3.400000000
baseline,unemployment_rate,level,pct,SI,,,2027,3.400000000
historical,unemployment_rate,level,pct,SI,,,2024,3.450000000
adverse,unemployment_rate,level,pct,SK,,,2025,7.584359761
adverse,unemployment_rate,level,pct,SK,,,2026,10.673216827
adverse,unemployment_rate,level,pct,SK,,,2027,11.736053017
baseline,unemployment_rate,level,pct,SK,,,2025,5.444585461
baseline,unemployment_rate,level,pct,SK,,,2026,5.758716013
baseline,unemployment_rate,level,pct,SK,,,2027,5.669482996
historical,unemployment_rate,level,pct,SK,,,2024,5.332367306
adverse,unemployment_rate,level,pct,TR,,,2025,15.605061740
adverse,unemployment_rate,level,pct,TR,,,2026,16.202481320
adverse,unemployment_rate,level,pct,TR,,,2027,15.605063080
baseline,unemployment_rate,level,pct,TR,,,2025,9.878102521
baseline,unemployment_rate,level,pct,TR,,,2026,9.607916007
baseline,unemployment_rate,level,pct,TR,,,2027,9.477643705
historical,unemployment_rate,level,pct,TR,,,2024,9.255414929
adverse,unemployment_rate,level,pct,US,,,2025,8.913555392
adverse,unemployment_rate,level,pct,US,,,2026,10.045546320
adverse,unemployment_rate,level,pct,US,,,2027,8.647014703
baseline,unemployment_rate,level,pct,US,,,2025,4.368775805
baseline,unemployment_rate,level,pct,US,,,2026,4.307088582
baseline,unemployment_rate,level,pct,US,,,2027,4.168676365
historical,unemployment_rate,level,pct,US,,,2024,4.080770022
adverse,unemployment_rate,level,pct,WR,,,2025,15.567064292
adverse,unemployment_rate,level,pct,WR,,,2026,16.060423219
adverse,unemployment_rate,level,pct,WR,,,2027,15.438037276
baseline,unemployment_rate,level,pct,WR,,,2025,9.878102521
baseline,unemployment_rate,level,pct,WR,,,2026,9.607916007
baseline,unemployment_rate,level,pct,WR,,,2027,9.477643705
historical,unemployment_rate,level,pct,WR,,,2024,9.255414929
